--
-- PostgreSQL database dump
--

-- Dumped from database version 9.5.4
-- Dumped by pg_dump version 9.5.4

SET statement_timeout = 0;
SET lock_timeout = 0;
SET client_encoding = 'UTF8';
SET standard_conforming_strings = on;
SET check_function_bodies = false;
SET client_min_messages = warning;
SET row_security = off;

--
-- Name: plpgsql; Type: EXTENSION; Schema: -; Owner: 
--

CREATE EXTENSION IF NOT EXISTS plpgsql WITH SCHEMA pg_catalog;


--
-- Name: EXTENSION plpgsql; Type: COMMENT; Schema: -; Owner: 
--

COMMENT ON EXTENSION plpgsql IS 'PL/pgSQL procedural language';


SET search_path = public, pg_catalog;

SET default_tablespace = '';

SET default_with_oids = false;

--
-- Name: auth_group; Type: TABLE; Schema: public; Owner: dekker_lab
--

CREATE TABLE auth_group (
    id integer NOT NULL,
    name character varying(80) NOT NULL
);


ALTER TABLE auth_group OWNER TO dekker_lab;

--
-- Name: auth_group_id_seq; Type: SEQUENCE; Schema: public; Owner: dekker_lab
--

CREATE SEQUENCE auth_group_id_seq
    START WITH 1
    INCREMENT BY 1
    NO MINVALUE
    NO MAXVALUE
    CACHE 1;


ALTER TABLE auth_group_id_seq OWNER TO dekker_lab;

--
-- Name: auth_group_id_seq; Type: SEQUENCE OWNED BY; Schema: public; Owner: dekker_lab
--

ALTER SEQUENCE auth_group_id_seq OWNED BY auth_group.id;


--
-- Name: auth_group_permissions; Type: TABLE; Schema: public; Owner: dekker_lab
--

CREATE TABLE auth_group_permissions (
    id integer NOT NULL,
    group_id integer NOT NULL,
    permission_id integer NOT NULL
);


ALTER TABLE auth_group_permissions OWNER TO dekker_lab;

--
-- Name: auth_group_permissions_id_seq; Type: SEQUENCE; Schema: public; Owner: dekker_lab
--

CREATE SEQUENCE auth_group_permissions_id_seq
    START WITH 1
    INCREMENT BY 1
    NO MINVALUE
    NO MAXVALUE
    CACHE 1;


ALTER TABLE auth_group_permissions_id_seq OWNER TO dekker_lab;

--
-- Name: auth_group_permissions_id_seq; Type: SEQUENCE OWNED BY; Schema: public; Owner: dekker_lab
--

ALTER SEQUENCE auth_group_permissions_id_seq OWNED BY auth_group_permissions.id;


--
-- Name: auth_permission; Type: TABLE; Schema: public; Owner: dekker_lab
--

CREATE TABLE auth_permission (
    id integer NOT NULL,
    name character varying(255) NOT NULL,
    content_type_id integer NOT NULL,
    codename character varying(100) NOT NULL
);


ALTER TABLE auth_permission OWNER TO dekker_lab;

--
-- Name: auth_permission_id_seq; Type: SEQUENCE; Schema: public; Owner: dekker_lab
--

CREATE SEQUENCE auth_permission_id_seq
    START WITH 1
    INCREMENT BY 1
    NO MINVALUE
    NO MAXVALUE
    CACHE 1;


ALTER TABLE auth_permission_id_seq OWNER TO dekker_lab;

--
-- Name: auth_permission_id_seq; Type: SEQUENCE OWNED BY; Schema: public; Owner: dekker_lab
--

ALTER SEQUENCE auth_permission_id_seq OWNED BY auth_permission.id;


--
-- Name: auth_user; Type: TABLE; Schema: public; Owner: dekker_lab
--

CREATE TABLE auth_user (
    id integer NOT NULL,
    password character varying(128) NOT NULL,
    last_login timestamp with time zone,
    is_superuser boolean NOT NULL,
    username character varying(30) NOT NULL,
    first_name character varying(30) NOT NULL,
    last_name character varying(30) NOT NULL,
    email character varying(254) NOT NULL,
    is_staff boolean NOT NULL,
    is_active boolean NOT NULL,
    date_joined timestamp with time zone NOT NULL
);


ALTER TABLE auth_user OWNER TO dekker_lab;

--
-- Name: auth_user_groups; Type: TABLE; Schema: public; Owner: dekker_lab
--

CREATE TABLE auth_user_groups (
    id integer NOT NULL,
    user_id integer NOT NULL,
    group_id integer NOT NULL
);


ALTER TABLE auth_user_groups OWNER TO dekker_lab;

--
-- Name: auth_user_groups_id_seq; Type: SEQUENCE; Schema: public; Owner: dekker_lab
--

CREATE SEQUENCE auth_user_groups_id_seq
    START WITH 1
    INCREMENT BY 1
    NO MINVALUE
    NO MAXVALUE
    CACHE 1;


ALTER TABLE auth_user_groups_id_seq OWNER TO dekker_lab;

--
-- Name: auth_user_groups_id_seq; Type: SEQUENCE OWNED BY; Schema: public; Owner: dekker_lab
--

ALTER SEQUENCE auth_user_groups_id_seq OWNED BY auth_user_groups.id;


--
-- Name: auth_user_id_seq; Type: SEQUENCE; Schema: public; Owner: dekker_lab
--

CREATE SEQUENCE auth_user_id_seq
    START WITH 1
    INCREMENT BY 1
    NO MINVALUE
    NO MAXVALUE
    CACHE 1;


ALTER TABLE auth_user_id_seq OWNER TO dekker_lab;

--
-- Name: auth_user_id_seq; Type: SEQUENCE OWNED BY; Schema: public; Owner: dekker_lab
--

ALTER SEQUENCE auth_user_id_seq OWNED BY auth_user.id;


--
-- Name: auth_user_user_permissions; Type: TABLE; Schema: public; Owner: dekker_lab
--

CREATE TABLE auth_user_user_permissions (
    id integer NOT NULL,
    user_id integer NOT NULL,
    permission_id integer NOT NULL
);


ALTER TABLE auth_user_user_permissions OWNER TO dekker_lab;

--
-- Name: auth_user_user_permissions_id_seq; Type: SEQUENCE; Schema: public; Owner: dekker_lab
--

CREATE SEQUENCE auth_user_user_permissions_id_seq
    START WITH 1
    INCREMENT BY 1
    NO MINVALUE
    NO MAXVALUE
    CACHE 1;


ALTER TABLE auth_user_user_permissions_id_seq OWNER TO dekker_lab;

--
-- Name: auth_user_user_permissions_id_seq; Type: SEQUENCE OWNED BY; Schema: public; Owner: dekker_lab
--

ALTER SEQUENCE auth_user_user_permissions_id_seq OWNED BY auth_user_user_permissions.id;


--
-- Name: django_admin_log; Type: TABLE; Schema: public; Owner: dekker_lab
--

CREATE TABLE django_admin_log (
    id integer NOT NULL,
    action_time timestamp with time zone NOT NULL,
    object_id text,
    object_repr character varying(200) NOT NULL,
    action_flag smallint NOT NULL,
    change_message text NOT NULL,
    content_type_id integer,
    user_id integer NOT NULL,
    CONSTRAINT django_admin_log_action_flag_check CHECK ((action_flag >= 0))
);


ALTER TABLE django_admin_log OWNER TO dekker_lab;

--
-- Name: django_admin_log_id_seq; Type: SEQUENCE; Schema: public; Owner: dekker_lab
--

CREATE SEQUENCE django_admin_log_id_seq
    START WITH 1
    INCREMENT BY 1
    NO MINVALUE
    NO MAXVALUE
    CACHE 1;


ALTER TABLE django_admin_log_id_seq OWNER TO dekker_lab;

--
-- Name: django_admin_log_id_seq; Type: SEQUENCE OWNED BY; Schema: public; Owner: dekker_lab
--

ALTER SEQUENCE django_admin_log_id_seq OWNED BY django_admin_log.id;


--
-- Name: django_content_type; Type: TABLE; Schema: public; Owner: dekker_lab
--

CREATE TABLE django_content_type (
    id integer NOT NULL,
    app_label character varying(100) NOT NULL,
    model character varying(100) NOT NULL
);


ALTER TABLE django_content_type OWNER TO dekker_lab;

--
-- Name: django_content_type_id_seq; Type: SEQUENCE; Schema: public; Owner: dekker_lab
--

CREATE SEQUENCE django_content_type_id_seq
    START WITH 1
    INCREMENT BY 1
    NO MINVALUE
    NO MAXVALUE
    CACHE 1;


ALTER TABLE django_content_type_id_seq OWNER TO dekker_lab;

--
-- Name: django_content_type_id_seq; Type: SEQUENCE OWNED BY; Schema: public; Owner: dekker_lab
--

ALTER SEQUENCE django_content_type_id_seq OWNED BY django_content_type.id;


--
-- Name: django_migrations; Type: TABLE; Schema: public; Owner: dekker_lab
--

CREATE TABLE django_migrations (
    id integer NOT NULL,
    app character varying(255) NOT NULL,
    name character varying(255) NOT NULL,
    applied timestamp with time zone NOT NULL
);


ALTER TABLE django_migrations OWNER TO dekker_lab;

--
-- Name: django_migrations_id_seq; Type: SEQUENCE; Schema: public; Owner: dekker_lab
--

CREATE SEQUENCE django_migrations_id_seq
    START WITH 1
    INCREMENT BY 1
    NO MINVALUE
    NO MAXVALUE
    CACHE 1;


ALTER TABLE django_migrations_id_seq OWNER TO dekker_lab;

--
-- Name: django_migrations_id_seq; Type: SEQUENCE OWNED BY; Schema: public; Owner: dekker_lab
--

ALTER SEQUENCE django_migrations_id_seq OWNED BY django_migrations.id;


--
-- Name: django_session; Type: TABLE; Schema: public; Owner: dekker_lab
--

CREATE TABLE django_session (
    session_key character varying(40) NOT NULL,
    session_data text NOT NULL,
    expire_date timestamp with time zone NOT NULL
);


ALTER TABLE django_session OWNER TO dekker_lab;

--
-- Name: dryLab_analysis; Type: TABLE; Schema: public; Owner: dekker_lab
--

CREATE TABLE "dryLab_analysis" (
    id integer NOT NULL,
    analysis_fields jsonb,
    analysis_type_id integer NOT NULL,
    analysis_exp_id integer NOT NULL,
    analysis_name character varying(50) NOT NULL,
    analysis_import character varying(100),
    "analysis_hiGlass" character varying(100)
);


ALTER TABLE "dryLab_analysis" OWNER TO dekker_lab;

--
-- Name: dryLab_analysis_analysis_file; Type: TABLE; Schema: public; Owner: dekker_lab
--

CREATE TABLE "dryLab_analysis_analysis_file" (
    id integer NOT NULL,
    analysis_id integer NOT NULL,
    seqencingfile_id integer NOT NULL
);


ALTER TABLE "dryLab_analysis_analysis_file" OWNER TO dekker_lab;

--
-- Name: dryLab_analysis_analysis_file_id_seq; Type: SEQUENCE; Schema: public; Owner: dekker_lab
--

CREATE SEQUENCE "dryLab_analysis_analysis_file_id_seq"
    START WITH 1
    INCREMENT BY 1
    NO MINVALUE
    NO MAXVALUE
    CACHE 1;


ALTER TABLE "dryLab_analysis_analysis_file_id_seq" OWNER TO dekker_lab;

--
-- Name: dryLab_analysis_analysis_file_id_seq; Type: SEQUENCE OWNED BY; Schema: public; Owner: dekker_lab
--

ALTER SEQUENCE "dryLab_analysis_analysis_file_id_seq" OWNED BY "dryLab_analysis_analysis_file".id;


--
-- Name: dryLab_analysis_id_seq; Type: SEQUENCE; Schema: public; Owner: dekker_lab
--

CREATE SEQUENCE "dryLab_analysis_id_seq"
    START WITH 1
    INCREMENT BY 1
    NO MINVALUE
    NO MAXVALUE
    CACHE 1;


ALTER TABLE "dryLab_analysis_id_seq" OWNER TO dekker_lab;

--
-- Name: dryLab_analysis_id_seq; Type: SEQUENCE OWNED BY; Schema: public; Owner: dekker_lab
--

ALTER SEQUENCE "dryLab_analysis_id_seq" OWNED BY "dryLab_analysis".id;


--
-- Name: dryLab_fileset; Type: TABLE; Schema: public; Owner: dekker_lab
--

CREATE TABLE "dryLab_fileset" (
    id integer NOT NULL,
    fileset_description character varying(200),
    fileset_type_id integer NOT NULL,
    "fileSet_name" character varying(50) NOT NULL,
    project_id integer NOT NULL
);


ALTER TABLE "dryLab_fileset" OWNER TO dekker_lab;

--
-- Name: dryLab_fileset_fileSet_file; Type: TABLE; Schema: public; Owner: dekker_lab
--

CREATE TABLE "dryLab_fileset_fileSet_file" (
    id integer NOT NULL,
    fileset_id integer NOT NULL,
    seqencingfile_id integer NOT NULL
);


ALTER TABLE "dryLab_fileset_fileSet_file" OWNER TO dekker_lab;

--
-- Name: dryLab_fileset_fileSet_file_id_seq; Type: SEQUENCE; Schema: public; Owner: dekker_lab
--

CREATE SEQUENCE "dryLab_fileset_fileSet_file_id_seq"
    START WITH 1
    INCREMENT BY 1
    NO MINVALUE
    NO MAXVALUE
    CACHE 1;


ALTER TABLE "dryLab_fileset_fileSet_file_id_seq" OWNER TO dekker_lab;

--
-- Name: dryLab_fileset_fileSet_file_id_seq; Type: SEQUENCE OWNED BY; Schema: public; Owner: dekker_lab
--

ALTER SEQUENCE "dryLab_fileset_fileSet_file_id_seq" OWNED BY "dryLab_fileset_fileSet_file".id;


--
-- Name: dryLab_fileset_id_seq; Type: SEQUENCE; Schema: public; Owner: dekker_lab
--

CREATE SEQUENCE "dryLab_fileset_id_seq"
    START WITH 1
    INCREMENT BY 1
    NO MINVALUE
    NO MAXVALUE
    CACHE 1;


ALTER TABLE "dryLab_fileset_id_seq" OWNER TO dekker_lab;

--
-- Name: dryLab_fileset_id_seq; Type: SEQUENCE OWNED BY; Schema: public; Owner: dekker_lab
--

ALTER SEQUENCE "dryLab_fileset_id_seq" OWNED BY "dryLab_fileset".id;


--
-- Name: dryLab_imageobjects; Type: TABLE; Schema: public; Owner: dekker_lab
--

CREATE TABLE "dryLab_imageobjects" (
    id integer NOT NULL,
    "imageObjects_images" character varying(100) NOT NULL,
    project_id integer NOT NULL,
    "imageObjects_name" character varying(50) NOT NULL
);


ALTER TABLE "dryLab_imageobjects" OWNER TO dekker_lab;

--
-- Name: dryLab_imageobjects_id_seq; Type: SEQUENCE; Schema: public; Owner: dekker_lab
--

CREATE SEQUENCE "dryLab_imageobjects_id_seq"
    START WITH 1
    INCREMENT BY 1
    NO MINVALUE
    NO MAXVALUE
    CACHE 1;


ALTER TABLE "dryLab_imageobjects_id_seq" OWNER TO dekker_lab;

--
-- Name: dryLab_imageobjects_id_seq; Type: SEQUENCE OWNED BY; Schema: public; Owner: dekker_lab
--

ALTER SEQUENCE "dryLab_imageobjects_id_seq" OWNED BY "dryLab_imageobjects".id;


--
-- Name: dryLab_images; Type: TABLE; Schema: public; Owner: dekker_lab
--

CREATE TABLE "dryLab_images" (
    id integer NOT NULL,
    image_path character varying(500) NOT NULL,
    image_analysis_id integer NOT NULL
);


ALTER TABLE "dryLab_images" OWNER TO dekker_lab;

--
-- Name: dryLab_images_id_seq; Type: SEQUENCE; Schema: public; Owner: dekker_lab
--

CREATE SEQUENCE "dryLab_images_id_seq"
    START WITH 1
    INCREMENT BY 1
    NO MINVALUE
    NO MAXVALUE
    CACHE 1;


ALTER TABLE "dryLab_images_id_seq" OWNER TO dekker_lab;

--
-- Name: dryLab_images_id_seq; Type: SEQUENCE OWNED BY; Schema: public; Owner: dekker_lab
--

ALTER SEQUENCE "dryLab_images_id_seq" OWNED BY "dryLab_images".id;


--
-- Name: dryLab_seqencingfile; Type: TABLE; Schema: public; Owner: dekker_lab
--

CREATE TABLE "dryLab_seqencingfile" (
    id integer NOT NULL,
    "sequencingFile_mainPath" character varying(500) NOT NULL,
    "sequencingFile_backupPath" character varying(500) NOT NULL,
    "sequencingFile_sha256sum" character varying(64) NOT NULL,
    "sequencingFile_md5sum" character varying(32) NOT NULL,
    "sequencingFile_name" character varying(255) NOT NULL,
    "sequencingFile_run_id" integer NOT NULL,
    "sequencingFile_exp_id" integer NOT NULL,
    project_id integer NOT NULL
);


ALTER TABLE "dryLab_seqencingfile" OWNER TO dekker_lab;

--
-- Name: dryLab_seqencingfile_id_seq; Type: SEQUENCE; Schema: public; Owner: dekker_lab
--

CREATE SEQUENCE "dryLab_seqencingfile_id_seq"
    START WITH 1
    INCREMENT BY 1
    NO MINVALUE
    NO MAXVALUE
    CACHE 1;


ALTER TABLE "dryLab_seqencingfile_id_seq" OWNER TO dekker_lab;

--
-- Name: dryLab_seqencingfile_id_seq; Type: SEQUENCE OWNED BY; Schema: public; Owner: dekker_lab
--

ALTER SEQUENCE "dryLab_seqencingfile_id_seq" OWNED BY "dryLab_seqencingfile".id;


--
-- Name: dryLab_sequencingrun; Type: TABLE; Schema: public; Owner: dekker_lab
--

CREATE TABLE "dryLab_sequencingrun" (
    id integer NOT NULL,
    run_name character varying(100) NOT NULL,
    project_id integer NOT NULL,
    "run_Add_Barcode" character varying(13) NOT NULL,
    run_retrieval_date date,
    run_submission_date date NOT NULL,
    run_approved boolean NOT NULL,
    run_submitted boolean NOT NULL,
    run_sequencing_center_id integer NOT NULL,
    run_sequencing_platform_id integer NOT NULL
);


ALTER TABLE "dryLab_sequencingrun" OWNER TO dekker_lab;

--
-- Name: dryLab_sequencingrun_id_seq; Type: SEQUENCE; Schema: public; Owner: dekker_lab
--

CREATE SEQUENCE "dryLab_sequencingrun_id_seq"
    START WITH 1
    INCREMENT BY 1
    NO MINVALUE
    NO MAXVALUE
    CACHE 1;


ALTER TABLE "dryLab_sequencingrun_id_seq" OWNER TO dekker_lab;

--
-- Name: dryLab_sequencingrun_id_seq; Type: SEQUENCE OWNED BY; Schema: public; Owner: dekker_lab
--

ALTER SEQUENCE "dryLab_sequencingrun_id_seq" OWNED BY "dryLab_sequencingrun".id;


--
-- Name: dryLab_sequencingrun_run_Experiment; Type: TABLE; Schema: public; Owner: dekker_lab
--

CREATE TABLE "dryLab_sequencingrun_run_Experiment" (
    id integer NOT NULL,
    sequencingrun_id integer NOT NULL,
    experiment_id integer NOT NULL
);


ALTER TABLE "dryLab_sequencingrun_run_Experiment" OWNER TO dekker_lab;

--
-- Name: dryLab_sequencingrun_run_Experiment_id_seq; Type: SEQUENCE; Schema: public; Owner: dekker_lab
--

CREATE SEQUENCE "dryLab_sequencingrun_run_Experiment_id_seq"
    START WITH 1
    INCREMENT BY 1
    NO MINVALUE
    NO MAXVALUE
    CACHE 1;


ALTER TABLE "dryLab_sequencingrun_run_Experiment_id_seq" OWNER TO dekker_lab;

--
-- Name: dryLab_sequencingrun_run_Experiment_id_seq; Type: SEQUENCE OWNED BY; Schema: public; Owner: dekker_lab
--

ALTER SEQUENCE "dryLab_sequencingrun_run_Experiment_id_seq" OWNED BY "dryLab_sequencingrun_run_Experiment".id;


--
-- Name: organization_award; Type: TABLE; Schema: public; Owner: dekker_lab
--

CREATE TABLE organization_award (
    id integer NOT NULL,
    award_name character varying(50) NOT NULL
);


ALTER TABLE organization_award OWNER TO dekker_lab;

--
-- Name: organization_award_award_exp; Type: TABLE; Schema: public; Owner: dekker_lab
--

CREATE TABLE organization_award_award_exp (
    id integer NOT NULL,
    award_id integer NOT NULL,
    experiment_id integer NOT NULL
);


ALTER TABLE organization_award_award_exp OWNER TO dekker_lab;

--
-- Name: organization_award_award_exp_id_seq; Type: SEQUENCE; Schema: public; Owner: dekker_lab
--

CREATE SEQUENCE organization_award_award_exp_id_seq
    START WITH 1
    INCREMENT BY 1
    NO MINVALUE
    NO MAXVALUE
    CACHE 1;


ALTER TABLE organization_award_award_exp_id_seq OWNER TO dekker_lab;

--
-- Name: organization_award_award_exp_id_seq; Type: SEQUENCE OWNED BY; Schema: public; Owner: dekker_lab
--

ALTER SEQUENCE organization_award_award_exp_id_seq OWNED BY organization_award_award_exp.id;


--
-- Name: organization_award_award_project; Type: TABLE; Schema: public; Owner: dekker_lab
--

CREATE TABLE organization_award_award_project (
    id integer NOT NULL,
    award_id integer NOT NULL,
    project_id integer NOT NULL
);


ALTER TABLE organization_award_award_project OWNER TO dekker_lab;

--
-- Name: organization_award_award_project_id_seq; Type: SEQUENCE; Schema: public; Owner: dekker_lab
--

CREATE SEQUENCE organization_award_award_project_id_seq
    START WITH 1
    INCREMENT BY 1
    NO MINVALUE
    NO MAXVALUE
    CACHE 1;


ALTER TABLE organization_award_award_project_id_seq OWNER TO dekker_lab;

--
-- Name: organization_award_award_project_id_seq; Type: SEQUENCE OWNED BY; Schema: public; Owner: dekker_lab
--

ALTER SEQUENCE organization_award_award_project_id_seq OWNED BY organization_award_award_project.id;


--
-- Name: organization_award_id_seq; Type: SEQUENCE; Schema: public; Owner: dekker_lab
--

CREATE SEQUENCE organization_award_id_seq
    START WITH 1
    INCREMENT BY 1
    NO MINVALUE
    NO MAXVALUE
    CACHE 1;


ALTER TABLE organization_award_id_seq OWNER TO dekker_lab;

--
-- Name: organization_award_id_seq; Type: SEQUENCE OWNED BY; Schema: public; Owner: dekker_lab
--

ALTER SEQUENCE organization_award_id_seq OWNED BY organization_award.id;


--
-- Name: organization_choice; Type: TABLE; Schema: public; Owner: dekker_lab
--

CREATE TABLE organization_choice (
    id integer NOT NULL,
    choice_name character varying(50) NOT NULL,
    choice_type character varying(50) NOT NULL,
    choice_description character varying(200)
);


ALTER TABLE organization_choice OWNER TO dekker_lab;

--
-- Name: organization_choice_id_seq; Type: SEQUENCE; Schema: public; Owner: dekker_lab
--

CREATE SEQUENCE organization_choice_id_seq
    START WITH 1
    INCREMENT BY 1
    NO MINVALUE
    NO MAXVALUE
    CACHE 1;


ALTER TABLE organization_choice_id_seq OWNER TO dekker_lab;

--
-- Name: organization_choice_id_seq; Type: SEQUENCE OWNED BY; Schema: public; Owner: dekker_lab
--

ALTER SEQUENCE organization_choice_id_seq OWNED BY organization_choice.id;


--
-- Name: organization_experiment; Type: TABLE; Schema: public; Owner: dekker_lab
--

CREATE TABLE organization_experiment (
    id integer NOT NULL,
    experiment_name character varying(100) NOT NULL,
    experiment_biosample_id integer NOT NULL,
    project_id integer NOT NULL,
    experiment_protocol_id integer NOT NULL,
    experiment_description character varying(200),
    experiment_enzyme_id integer NOT NULL,
    dbxrefs character varying(100),
    documents_id integer,
    references_id integer,
    url character varying(200)
);


ALTER TABLE organization_experiment OWNER TO dekker_lab;

--
-- Name: organization_experiment_experiment_imageObjects; Type: TABLE; Schema: public; Owner: dekker_lab
--

CREATE TABLE "organization_experiment_experiment_imageObjects" (
    id integer NOT NULL,
    experiment_id integer NOT NULL,
    imageobjects_id integer NOT NULL
);


ALTER TABLE "organization_experiment_experiment_imageObjects" OWNER TO dekker_lab;

--
-- Name: organization_experiment_experiment_imageObjects_id_seq; Type: SEQUENCE; Schema: public; Owner: dekker_lab
--

CREATE SEQUENCE "organization_experiment_experiment_imageObjects_id_seq"
    START WITH 1
    INCREMENT BY 1
    NO MINVALUE
    NO MAXVALUE
    CACHE 1;


ALTER TABLE "organization_experiment_experiment_imageObjects_id_seq" OWNER TO dekker_lab;

--
-- Name: organization_experiment_experiment_imageObjects_id_seq; Type: SEQUENCE OWNED BY; Schema: public; Owner: dekker_lab
--

ALTER SEQUENCE "organization_experiment_experiment_imageObjects_id_seq" OWNED BY "organization_experiment_experiment_imageObjects".id;


--
-- Name: organization_experiment_id_seq; Type: SEQUENCE; Schema: public; Owner: dekker_lab
--

CREATE SEQUENCE organization_experiment_id_seq
    START WITH 1
    INCREMENT BY 1
    NO MINVALUE
    NO MAXVALUE
    CACHE 1;


ALTER TABLE organization_experiment_id_seq OWNER TO dekker_lab;

--
-- Name: organization_experiment_id_seq; Type: SEQUENCE OWNED BY; Schema: public; Owner: dekker_lab
--

ALTER SEQUENCE organization_experiment_id_seq OWNED BY organization_experiment.id;


--
-- Name: organization_experimentset; Type: TABLE; Schema: public; Owner: dekker_lab
--

CREATE TABLE organization_experimentset (
    id integer NOT NULL,
    "experimentSet_description" character varying(200),
    "experimentSet_type_id" integer NOT NULL,
    "experimentSet_name" character varying(100) NOT NULL,
    project_id integer NOT NULL
);


ALTER TABLE organization_experimentset OWNER TO dekker_lab;

--
-- Name: organization_experimentset_experimentSet_exp; Type: TABLE; Schema: public; Owner: dekker_lab
--

CREATE TABLE "organization_experimentset_experimentSet_exp" (
    id integer NOT NULL,
    experimentset_id integer NOT NULL,
    experiment_id integer NOT NULL
);


ALTER TABLE "organization_experimentset_experimentSet_exp" OWNER TO dekker_lab;

--
-- Name: organization_experimentset_experimentSet_exp_id_seq; Type: SEQUENCE; Schema: public; Owner: dekker_lab
--

CREATE SEQUENCE "organization_experimentset_experimentSet_exp_id_seq"
    START WITH 1
    INCREMENT BY 1
    NO MINVALUE
    NO MAXVALUE
    CACHE 1;


ALTER TABLE "organization_experimentset_experimentSet_exp_id_seq" OWNER TO dekker_lab;

--
-- Name: organization_experimentset_experimentSet_exp_id_seq; Type: SEQUENCE OWNED BY; Schema: public; Owner: dekker_lab
--

ALTER SEQUENCE "organization_experimentset_experimentSet_exp_id_seq" OWNED BY "organization_experimentset_experimentSet_exp".id;


--
-- Name: organization_experimentset_id_seq; Type: SEQUENCE; Schema: public; Owner: dekker_lab
--

CREATE SEQUENCE organization_experimentset_id_seq
    START WITH 1
    INCREMENT BY 1
    NO MINVALUE
    NO MAXVALUE
    CACHE 1;


ALTER TABLE organization_experimentset_id_seq OWNER TO dekker_lab;

--
-- Name: organization_experimentset_id_seq; Type: SEQUENCE OWNED BY; Schema: public; Owner: dekker_lab
--

ALTER SEQUENCE organization_experimentset_id_seq OWNED BY organization_experimentset.id;


--
-- Name: organization_jsonobjfield; Type: TABLE; Schema: public; Owner: dekker_lab
--

CREATE TABLE organization_jsonobjfield (
    id integer NOT NULL,
    field_name character varying(50) NOT NULL,
    field_type character varying(50) NOT NULL,
    field_set jsonb,
    "jsonField_description" character varying(200)
);


ALTER TABLE organization_jsonobjfield OWNER TO dekker_lab;

--
-- Name: organization_jsonobjfield_id_seq; Type: SEQUENCE; Schema: public; Owner: dekker_lab
--

CREATE SEQUENCE organization_jsonobjfield_id_seq
    START WITH 1
    INCREMENT BY 1
    NO MINVALUE
    NO MAXVALUE
    CACHE 1;


ALTER TABLE organization_jsonobjfield_id_seq OWNER TO dekker_lab;

--
-- Name: organization_jsonobjfield_id_seq; Type: SEQUENCE OWNED BY; Schema: public; Owner: dekker_lab
--

ALTER SEQUENCE organization_jsonobjfield_id_seq OWNED BY organization_jsonobjfield.id;


--
-- Name: organization_project; Type: TABLE; Schema: public; Owner: dekker_lab
--

CREATE TABLE organization_project (
    id integer NOT NULL,
    project_name character varying(200) NOT NULL,
    project_notes text,
    project_active boolean NOT NULL,
    project_owner_id integer NOT NULL
);


ALTER TABLE organization_project OWNER TO dekker_lab;

--
-- Name: organization_project_id_seq; Type: SEQUENCE; Schema: public; Owner: dekker_lab
--

CREATE SEQUENCE organization_project_id_seq
    START WITH 1
    INCREMENT BY 1
    NO MINVALUE
    NO MAXVALUE
    CACHE 1;


ALTER TABLE organization_project_id_seq OWNER TO dekker_lab;

--
-- Name: organization_project_id_seq; Type: SEQUENCE OWNED BY; Schema: public; Owner: dekker_lab
--

ALTER SEQUENCE organization_project_id_seq OWNED BY organization_project.id;


--
-- Name: organization_project_project_contributor; Type: TABLE; Schema: public; Owner: dekker_lab
--

CREATE TABLE organization_project_project_contributor (
    id integer NOT NULL,
    project_id integer NOT NULL,
    user_id integer NOT NULL
);


ALTER TABLE organization_project_project_contributor OWNER TO dekker_lab;

--
-- Name: organization_project_project_contributor_id_seq; Type: SEQUENCE; Schema: public; Owner: dekker_lab
--

CREATE SEQUENCE organization_project_project_contributor_id_seq
    START WITH 1
    INCREMENT BY 1
    NO MINVALUE
    NO MAXVALUE
    CACHE 1;


ALTER TABLE organization_project_project_contributor_id_seq OWNER TO dekker_lab;

--
-- Name: organization_project_project_contributor_id_seq; Type: SEQUENCE OWNED BY; Schema: public; Owner: dekker_lab
--

ALTER SEQUENCE organization_project_project_contributor_id_seq OWNED BY organization_project_project_contributor.id;


--
-- Name: organization_publication; Type: TABLE; Schema: public; Owner: dekker_lab
--

CREATE TABLE organization_publication (
    id integer NOT NULL,
    publication_authors character varying(200) NOT NULL,
    publication_abstract character varying(400),
    publication_categories character varying(200),
    "publication_dataUsed" character varying(200),
    publication_supplementary character varying(200),
    "publication_datePublished" date NOT NULL,
    "publication_dateRevised" date,
    publication_issue character varying(200) NOT NULL,
    publication_journal character varying(200) NOT NULL,
    publication_title character varying(200) NOT NULL,
    publication_identifiers character varying(200),
    publication_volume character varying(200)
);


ALTER TABLE organization_publication OWNER TO dekker_lab;

--
-- Name: organization_publication_id_seq; Type: SEQUENCE; Schema: public; Owner: dekker_lab
--

CREATE SEQUENCE organization_publication_id_seq
    START WITH 1
    INCREMENT BY 1
    NO MINVALUE
    NO MAXVALUE
    CACHE 1;


ALTER TABLE organization_publication_id_seq OWNER TO dekker_lab;

--
-- Name: organization_publication_id_seq; Type: SEQUENCE OWNED BY; Schema: public; Owner: dekker_lab
--

ALTER SEQUENCE organization_publication_id_seq OWNED BY organization_publication.id;


--
-- Name: organization_tag; Type: TABLE; Schema: public; Owner: dekker_lab
--

CREATE TABLE organization_tag (
    id integer NOT NULL,
    tag_name character varying(100) NOT NULL,
    tag_user_id integer NOT NULL,
    project_id integer NOT NULL
);


ALTER TABLE organization_tag OWNER TO dekker_lab;

--
-- Name: organization_tag_id_seq; Type: SEQUENCE; Schema: public; Owner: dekker_lab
--

CREATE SEQUENCE organization_tag_id_seq
    START WITH 1
    INCREMENT BY 1
    NO MINVALUE
    NO MAXVALUE
    CACHE 1;


ALTER TABLE organization_tag_id_seq OWNER TO dekker_lab;

--
-- Name: organization_tag_id_seq; Type: SEQUENCE OWNED BY; Schema: public; Owner: dekker_lab
--

ALTER SEQUENCE organization_tag_id_seq OWNED BY organization_tag.id;


--
-- Name: organization_tag_tag_exp; Type: TABLE; Schema: public; Owner: dekker_lab
--

CREATE TABLE organization_tag_tag_exp (
    id integer NOT NULL,
    tag_id integer NOT NULL,
    experiment_id integer NOT NULL
);


ALTER TABLE organization_tag_tag_exp OWNER TO dekker_lab;

--
-- Name: organization_tag_tag_exp_id_seq; Type: SEQUENCE; Schema: public; Owner: dekker_lab
--

CREATE SEQUENCE organization_tag_tag_exp_id_seq
    START WITH 1
    INCREMENT BY 1
    NO MINVALUE
    NO MAXVALUE
    CACHE 1;


ALTER TABLE organization_tag_tag_exp_id_seq OWNER TO dekker_lab;

--
-- Name: organization_tag_tag_exp_id_seq; Type: SEQUENCE OWNED BY; Schema: public; Owner: dekker_lab
--

ALTER SEQUENCE organization_tag_tag_exp_id_seq OWNED BY organization_tag_tag_exp.id;


--
-- Name: wetLab_barcode; Type: TABLE; Schema: public; Owner: dekker_lab
--

CREATE TABLE "wetLab_barcode" (
    id integer NOT NULL,
    barcode_exp_id integer NOT NULL,
    barcode_name_1_id integer NOT NULL,
    barcode_name_2_id integer,
    barcode_run_id integer NOT NULL
);


ALTER TABLE "wetLab_barcode" OWNER TO dekker_lab;

--
-- Name: wetLab_barcode_id_seq; Type: SEQUENCE; Schema: public; Owner: dekker_lab
--

CREATE SEQUENCE "wetLab_barcode_id_seq"
    START WITH 1
    INCREMENT BY 1
    NO MINVALUE
    NO MAXVALUE
    CACHE 1;


ALTER TABLE "wetLab_barcode_id_seq" OWNER TO dekker_lab;

--
-- Name: wetLab_barcode_id_seq; Type: SEQUENCE OWNED BY; Schema: public; Owner: dekker_lab
--

ALTER SEQUENCE "wetLab_barcode_id_seq" OWNED BY "wetLab_barcode".id;


--
-- Name: wetLab_biosample; Type: TABLE; Schema: public; Owner: dekker_lab
--

CREATE TABLE "wetLab_biosample" (
    id integer NOT NULL,
    biosample_fields jsonb,
    biosample_biosource_id integer NOT NULL,
    biosample_individual_id integer NOT NULL,
    biosample_modification_id integer,
    biosample_protocol_id integer,
    biosample_type_id integer,
    biosample_name character varying(50) NOT NULL,
    "userOwner_id" integer NOT NULL,
    dbxrefs character varying(100),
    documents_id integer,
    references_id integer,
    url character varying(200),
    biosample_treatment_id integer NOT NULL,
    biosample_description character varying(200)
);


ALTER TABLE "wetLab_biosample" OWNER TO dekker_lab;

--
-- Name: wetLab_biosample_biosample_imageObjects; Type: TABLE; Schema: public; Owner: dekker_lab
--

CREATE TABLE "wetLab_biosample_biosample_imageObjects" (
    id integer NOT NULL,
    biosample_id integer NOT NULL,
    imageobjects_id integer NOT NULL
);


ALTER TABLE "wetLab_biosample_biosample_imageObjects" OWNER TO dekker_lab;

--
-- Name: wetLab_biosample_biosample_imageObjects_id_seq; Type: SEQUENCE; Schema: public; Owner: dekker_lab
--

CREATE SEQUENCE "wetLab_biosample_biosample_imageObjects_id_seq"
    START WITH 1
    INCREMENT BY 1
    NO MINVALUE
    NO MAXVALUE
    CACHE 1;


ALTER TABLE "wetLab_biosample_biosample_imageObjects_id_seq" OWNER TO dekker_lab;

--
-- Name: wetLab_biosample_biosample_imageObjects_id_seq; Type: SEQUENCE OWNED BY; Schema: public; Owner: dekker_lab
--

ALTER SEQUENCE "wetLab_biosample_biosample_imageObjects_id_seq" OWNED BY "wetLab_biosample_biosample_imageObjects".id;


--
-- Name: wetLab_biosample_id_seq; Type: SEQUENCE; Schema: public; Owner: dekker_lab
--

CREATE SEQUENCE "wetLab_biosample_id_seq"
    START WITH 1
    INCREMENT BY 1
    NO MINVALUE
    NO MAXVALUE
    CACHE 1;


ALTER TABLE "wetLab_biosample_id_seq" OWNER TO dekker_lab;

--
-- Name: wetLab_biosample_id_seq; Type: SEQUENCE OWNED BY; Schema: public; Owner: dekker_lab
--

ALTER SEQUENCE "wetLab_biosample_id_seq" OWNED BY "wetLab_biosample".id;


--
-- Name: wetLab_biosource; Type: TABLE; Schema: public; Owner: dekker_lab
--

CREATE TABLE "wetLab_biosource" (
    id integer NOT NULL,
    biosource_tissue character varying(100),
    biosource_individual_id integer NOT NULL,
    biosource_type_id integer NOT NULL,
    biosource_vendor_id integer,
    biosource_description character varying(200),
    biosource_name character varying(50) NOT NULL,
    "biosource_SOP_cell_line_id" integer,
    biosource_cell_line character varying(200),
    biosource_cell_line_tier_id integer,
    dbxrefs character varying(100),
    documents_id integer,
    references_id integer,
    url character varying(200)
);


ALTER TABLE "wetLab_biosource" OWNER TO dekker_lab;

--
-- Name: wetLab_biosource_id_seq; Type: SEQUENCE; Schema: public; Owner: dekker_lab
--

CREATE SEQUENCE "wetLab_biosource_id_seq"
    START WITH 1
    INCREMENT BY 1
    NO MINVALUE
    NO MAXVALUE
    CACHE 1;


ALTER TABLE "wetLab_biosource_id_seq" OWNER TO dekker_lab;

--
-- Name: wetLab_biosource_id_seq; Type: SEQUENCE OWNED BY; Schema: public; Owner: dekker_lab
--

ALTER SEQUENCE "wetLab_biosource_id_seq" OWNED BY "wetLab_biosource".id;


--
-- Name: wetLab_construct; Type: TABLE; Schema: public; Owner: dekker_lab
--

CREATE TABLE "wetLab_construct" (
    id integer NOT NULL,
    construct_name character varying(50) NOT NULL,
    construct_description character varying(200),
    construct_designed_to_target character varying(200),
    construct_insert_sequence character varying(200),
    construct_tag character varying(200),
    construct_vector_backbone character varying(200),
    construct_map_id integer,
    construct_type_id integer NOT NULL,
    construct_vendor_id integer
);


ALTER TABLE "wetLab_construct" OWNER TO dekker_lab;

--
-- Name: wetLab_construct_id_seq; Type: SEQUENCE; Schema: public; Owner: dekker_lab
--

CREATE SEQUENCE "wetLab_construct_id_seq"
    START WITH 1
    INCREMENT BY 1
    NO MINVALUE
    NO MAXVALUE
    CACHE 1;


ALTER TABLE "wetLab_construct_id_seq" OWNER TO dekker_lab;

--
-- Name: wetLab_construct_id_seq; Type: SEQUENCE OWNED BY; Schema: public; Owner: dekker_lab
--

ALTER SEQUENCE "wetLab_construct_id_seq" OWNED BY "wetLab_construct".id;


--
-- Name: wetLab_document; Type: TABLE; Schema: public; Owner: dekker_lab
--

CREATE TABLE "wetLab_document" (
    id integer NOT NULL,
    document_description character varying(200) NOT NULL,
    document_attachment character varying(100) NOT NULL,
    document_type_id integer NOT NULL,
    document_references_id integer,
    document_url character varying(200)
);


ALTER TABLE "wetLab_document" OWNER TO dekker_lab;

--
-- Name: wetLab_document_id_seq; Type: SEQUENCE; Schema: public; Owner: dekker_lab
--

CREATE SEQUENCE "wetLab_document_id_seq"
    START WITH 1
    INCREMENT BY 1
    NO MINVALUE
    NO MAXVALUE
    CACHE 1;


ALTER TABLE "wetLab_document_id_seq" OWNER TO dekker_lab;

--
-- Name: wetLab_document_id_seq; Type: SEQUENCE OWNED BY; Schema: public; Owner: dekker_lab
--

ALTER SEQUENCE "wetLab_document_id_seq" OWNED BY "wetLab_document".id;


--
-- Name: wetLab_enzyme; Type: TABLE; Schema: public; Owner: dekker_lab
--

CREATE TABLE "wetLab_enzyme" (
    id integer NOT NULL,
    enzyme_name character varying(50) NOT NULL,
    "enzyme_recogSeq" character varying(20),
    "enzyme_siteLen" integer,
    "enzyme_cutPos" integer,
    enzyme_vendor_id integer NOT NULL,
    dbxrefs character varying(100),
    documents_id integer,
    enzyme_catalog_number character varying(200),
    enzyme_description character varying(200),
    references_id integer,
    url character varying(200)
);


ALTER TABLE "wetLab_enzyme" OWNER TO dekker_lab;

--
-- Name: wetLab_enzyme_id_seq; Type: SEQUENCE; Schema: public; Owner: dekker_lab
--

CREATE SEQUENCE "wetLab_enzyme_id_seq"
    START WITH 1
    INCREMENT BY 1
    NO MINVALUE
    NO MAXVALUE
    CACHE 1;


ALTER TABLE "wetLab_enzyme_id_seq" OWNER TO dekker_lab;

--
-- Name: wetLab_enzyme_id_seq; Type: SEQUENCE OWNED BY; Schema: public; Owner: dekker_lab
--

ALTER SEQUENCE "wetLab_enzyme_id_seq" OWNED BY "wetLab_enzyme".id;


--
-- Name: wetLab_genomicregions; Type: TABLE; Schema: public; Owner: dekker_lab
--

CREATE TABLE "wetLab_genomicregions" (
    id integer NOT NULL,
    "genomicRegions_start_coordinate" integer,
    "genomicRegions_end_coordinate" integer,
    "genomicRegions_location_description" character varying(200),
    "genomicRegions_start_location" character varying(200),
    "genomicRegions_end_location" character varying(200),
    "genomicRegions_chromosome_id" integer,
    "genomicRegions_genome_assembly_id" integer NOT NULL
);


ALTER TABLE "wetLab_genomicregions" OWNER TO dekker_lab;

--
-- Name: wetLab_genomicregions_id_seq; Type: SEQUENCE; Schema: public; Owner: dekker_lab
--

CREATE SEQUENCE "wetLab_genomicregions_id_seq"
    START WITH 1
    INCREMENT BY 1
    NO MINVALUE
    NO MAXVALUE
    CACHE 1;


ALTER TABLE "wetLab_genomicregions_id_seq" OWNER TO dekker_lab;

--
-- Name: wetLab_genomicregions_id_seq; Type: SEQUENCE OWNED BY; Schema: public; Owner: dekker_lab
--

ALTER SEQUENCE "wetLab_genomicregions_id_seq" OWNED BY "wetLab_genomicregions".id;


--
-- Name: wetLab_individual; Type: TABLE; Schema: public; Owner: dekker_lab
--

CREATE TABLE "wetLab_individual" (
    id integer NOT NULL,
    individual_fields jsonb,
    individual_type_id integer NOT NULL,
    individual_name character varying(50) NOT NULL,
    individual_vendor_id integer,
    dbxrefs character varying(100),
    documents_id integer,
    references_id integer,
    url character varying(200),
    "userOwner_id" integer NOT NULL
);


ALTER TABLE "wetLab_individual" OWNER TO dekker_lab;

--
-- Name: wetLab_individual_id_seq; Type: SEQUENCE; Schema: public; Owner: dekker_lab
--

CREATE SEQUENCE "wetLab_individual_id_seq"
    START WITH 1
    INCREMENT BY 1
    NO MINVALUE
    NO MAXVALUE
    CACHE 1;


ALTER TABLE "wetLab_individual_id_seq" OWNER TO dekker_lab;

--
-- Name: wetLab_individual_id_seq; Type: SEQUENCE OWNED BY; Schema: public; Owner: dekker_lab
--

ALTER SEQUENCE "wetLab_individual_id_seq" OWNED BY "wetLab_individual".id;


--
-- Name: wetLab_modification; Type: TABLE; Schema: public; Owner: dekker_lab
--

CREATE TABLE "wetLab_modification" (
    id integer NOT NULL,
    modification_type_id integer NOT NULL,
    modification_description character varying(200) NOT NULL,
    modification_name character varying(50) NOT NULL,
    "userOwner_id" integer NOT NULL,
    dbxrefs character varying(100),
    documents_id integer,
    "modification_gRNA" character varying(200),
    modification_vendor_id integer,
    references_id integer,
    url character varying(200),
    modification_constructs_id integer,
    "modification_genomicRegions_id" integer,
    modification_target_id integer
);


ALTER TABLE "wetLab_modification" OWNER TO dekker_lab;

--
-- Name: wetLab_modification_id_seq; Type: SEQUENCE; Schema: public; Owner: dekker_lab
--

CREATE SEQUENCE "wetLab_modification_id_seq"
    START WITH 1
    INCREMENT BY 1
    NO MINVALUE
    NO MAXVALUE
    CACHE 1;


ALTER TABLE "wetLab_modification_id_seq" OWNER TO dekker_lab;

--
-- Name: wetLab_modification_id_seq; Type: SEQUENCE OWNED BY; Schema: public; Owner: dekker_lab
--

ALTER SEQUENCE "wetLab_modification_id_seq" OWNED BY "wetLab_modification".id;


--
-- Name: wetLab_other; Type: TABLE; Schema: public; Owner: dekker_lab
--

CREATE TABLE "wetLab_other" (
    id integer NOT NULL,
    url character varying(200),
    dbxrefs character varying(100),
    name character varying(50) NOT NULL,
    description text NOT NULL,
    documents_id integer,
    references_id integer
);


ALTER TABLE "wetLab_other" OWNER TO dekker_lab;

--
-- Name: wetLab_other_biosample; Type: TABLE; Schema: public; Owner: dekker_lab
--

CREATE TABLE "wetLab_other_biosample" (
    id integer NOT NULL,
    other_id integer NOT NULL,
    biosample_id integer NOT NULL
);


ALTER TABLE "wetLab_other_biosample" OWNER TO dekker_lab;

--
-- Name: wetLab_others_biosample_id_seq; Type: SEQUENCE; Schema: public; Owner: dekker_lab
--

CREATE SEQUENCE "wetLab_others_biosample_id_seq"
    START WITH 1
    INCREMENT BY 1
    NO MINVALUE
    NO MAXVALUE
    CACHE 1;


ALTER TABLE "wetLab_others_biosample_id_seq" OWNER TO dekker_lab;

--
-- Name: wetLab_others_biosample_id_seq; Type: SEQUENCE OWNED BY; Schema: public; Owner: dekker_lab
--

ALTER SEQUENCE "wetLab_others_biosample_id_seq" OWNED BY "wetLab_other_biosample".id;


--
-- Name: wetLab_others_id_seq; Type: SEQUENCE; Schema: public; Owner: dekker_lab
--

CREATE SEQUENCE "wetLab_others_id_seq"
    START WITH 1
    INCREMENT BY 1
    NO MINVALUE
    NO MAXVALUE
    CACHE 1;


ALTER TABLE "wetLab_others_id_seq" OWNER TO dekker_lab;

--
-- Name: wetLab_others_id_seq; Type: SEQUENCE OWNED BY; Schema: public; Owner: dekker_lab
--

ALTER SEQUENCE "wetLab_others_id_seq" OWNED BY "wetLab_other".id;


--
-- Name: wetLab_protocol; Type: TABLE; Schema: public; Owner: dekker_lab
--

CREATE TABLE "wetLab_protocol" (
    id integer NOT NULL,
    protocol_document_id integer,
    protocol_description character varying(200),
    protocol_name character varying(50) NOT NULL,
    protocol_variation text,
    "userOwner_id" integer NOT NULL,
    protocol_enzyme_id integer,
    protocol_fields jsonb,
    protocol_type_id integer NOT NULL
);


ALTER TABLE "wetLab_protocol" OWNER TO dekker_lab;

--
-- Name: wetLab_protocol_id_seq; Type: SEQUENCE; Schema: public; Owner: dekker_lab
--

CREATE SEQUENCE "wetLab_protocol_id_seq"
    START WITH 1
    INCREMENT BY 1
    NO MINVALUE
    NO MAXVALUE
    CACHE 1;


ALTER TABLE "wetLab_protocol_id_seq" OWNER TO dekker_lab;

--
-- Name: wetLab_protocol_id_seq; Type: SEQUENCE OWNED BY; Schema: public; Owner: dekker_lab
--

ALTER SEQUENCE "wetLab_protocol_id_seq" OWNED BY "wetLab_protocol".id;


--
-- Name: wetLab_target; Type: TABLE; Schema: public; Owner: dekker_lab
--

CREATE TABLE "wetLab_target" (
    id integer NOT NULL,
    target_genes character varying(200) NOT NULL
);


ALTER TABLE "wetLab_target" OWNER TO dekker_lab;

--
-- Name: wetLab_target_id_seq; Type: SEQUENCE; Schema: public; Owner: dekker_lab
--

CREATE SEQUENCE "wetLab_target_id_seq"
    START WITH 1
    INCREMENT BY 1
    NO MINVALUE
    NO MAXVALUE
    CACHE 1;


ALTER TABLE "wetLab_target_id_seq" OWNER TO dekker_lab;

--
-- Name: wetLab_target_id_seq; Type: SEQUENCE OWNED BY; Schema: public; Owner: dekker_lab
--

ALTER SEQUENCE "wetLab_target_id_seq" OWNED BY "wetLab_target".id;


--
-- Name: wetLab_treatmentchemical; Type: TABLE; Schema: public; Owner: dekker_lab
--

CREATE TABLE "wetLab_treatmentchemical" (
    id integer NOT NULL,
    url character varying(200),
    dbxrefs character varying(100),
    "treatmentChemical_name" character varying(50) NOT NULL,
    "treatmentChemical_chemical" character varying(50) NOT NULL,
    "treatmentChemical_concentration" double precision,
    "treatmentChemical_duration" double precision,
    "treatmentChemical_temperature" double precision,
    "treatmentChemical_description" character varying(200),
    documents_id integer,
    references_id integer,
    "treatmentChemical_concentration_units_id" integer,
    "treatmentChemical_duration_units_id" integer
);


ALTER TABLE "wetLab_treatmentchemical" OWNER TO dekker_lab;

--
-- Name: wetLab_treatmentchemical_biosample; Type: TABLE; Schema: public; Owner: dekker_lab
--

CREATE TABLE "wetLab_treatmentchemical_biosample" (
    id integer NOT NULL,
    treatmentchemical_id integer NOT NULL,
    biosample_id integer NOT NULL
);


ALTER TABLE "wetLab_treatmentchemical_biosample" OWNER TO dekker_lab;

--
-- Name: wetLab_treatmentchemical_id_seq; Type: SEQUENCE; Schema: public; Owner: dekker_lab
--

CREATE SEQUENCE "wetLab_treatmentchemical_id_seq"
    START WITH 1
    INCREMENT BY 1
    NO MINVALUE
    NO MAXVALUE
    CACHE 1;


ALTER TABLE "wetLab_treatmentchemical_id_seq" OWNER TO dekker_lab;

--
-- Name: wetLab_treatmentchemical_id_seq; Type: SEQUENCE OWNED BY; Schema: public; Owner: dekker_lab
--

ALTER SEQUENCE "wetLab_treatmentchemical_id_seq" OWNED BY "wetLab_treatmentchemical".id;


--
-- Name: wetLab_treatmentchemical_treatmentChemical_biosample_id_seq; Type: SEQUENCE; Schema: public; Owner: dekker_lab
--

CREATE SEQUENCE "wetLab_treatmentchemical_treatmentChemical_biosample_id_seq"
    START WITH 1
    INCREMENT BY 1
    NO MINVALUE
    NO MAXVALUE
    CACHE 1;


ALTER TABLE "wetLab_treatmentchemical_treatmentChemical_biosample_id_seq" OWNER TO dekker_lab;

--
-- Name: wetLab_treatmentchemical_treatmentChemical_biosample_id_seq; Type: SEQUENCE OWNED BY; Schema: public; Owner: dekker_lab
--

ALTER SEQUENCE "wetLab_treatmentchemical_treatmentChemical_biosample_id_seq" OWNED BY "wetLab_treatmentchemical_biosample".id;


--
-- Name: wetLab_treatmentrnai; Type: TABLE; Schema: public; Owner: dekker_lab
--

CREATE TABLE "wetLab_treatmentrnai" (
    id integer NOT NULL,
    url character varying(200),
    dbxrefs character varying(100),
    "treatmentRnai_name" character varying(50) NOT NULL,
    "treatmentRnai_nucleotide_seq" character varying(50),
    "treatmentRnai_description" character varying(200),
    documents_id integer,
    references_id integer,
    "treatmentRnai_rnai_constructs_id" integer,
    "treatmentRnai_rnai_type_id" integer NOT NULL,
    "treatmentRnai_rnai_vendor_id" integer,
    "treatmentRnai_target_id" integer
);


ALTER TABLE "wetLab_treatmentrnai" OWNER TO dekker_lab;

--
-- Name: wetLab_treatmentrnai_biosample; Type: TABLE; Schema: public; Owner: dekker_lab
--

CREATE TABLE "wetLab_treatmentrnai_biosample" (
    id integer NOT NULL,
    treatmentrnai_id integer NOT NULL,
    biosample_id integer NOT NULL
);


ALTER TABLE "wetLab_treatmentrnai_biosample" OWNER TO dekker_lab;

--
-- Name: wetLab_treatmentrnai_id_seq; Type: SEQUENCE; Schema: public; Owner: dekker_lab
--

CREATE SEQUENCE "wetLab_treatmentrnai_id_seq"
    START WITH 1
    INCREMENT BY 1
    NO MINVALUE
    NO MAXVALUE
    CACHE 1;


ALTER TABLE "wetLab_treatmentrnai_id_seq" OWNER TO dekker_lab;

--
-- Name: wetLab_treatmentrnai_id_seq; Type: SEQUENCE OWNED BY; Schema: public; Owner: dekker_lab
--

ALTER SEQUENCE "wetLab_treatmentrnai_id_seq" OWNED BY "wetLab_treatmentrnai".id;


--
-- Name: wetLab_treatmentrnai_treatmentRnai_biosample_id_seq; Type: SEQUENCE; Schema: public; Owner: dekker_lab
--

CREATE SEQUENCE "wetLab_treatmentrnai_treatmentRnai_biosample_id_seq"
    START WITH 1
    INCREMENT BY 1
    NO MINVALUE
    NO MAXVALUE
    CACHE 1;


ALTER TABLE "wetLab_treatmentrnai_treatmentRnai_biosample_id_seq" OWNER TO dekker_lab;

--
-- Name: wetLab_treatmentrnai_treatmentRnai_biosample_id_seq; Type: SEQUENCE OWNED BY; Schema: public; Owner: dekker_lab
--

ALTER SEQUENCE "wetLab_treatmentrnai_treatmentRnai_biosample_id_seq" OWNED BY "wetLab_treatmentrnai_biosample".id;


--
-- Name: wetLab_vendor; Type: TABLE; Schema: public; Owner: dekker_lab
--

CREATE TABLE "wetLab_vendor" (
    id integer NOT NULL,
    vendor_name character varying(100) NOT NULL,
    vendor_description character varying(100) NOT NULL,
    vendor_url character varying(200) NOT NULL
);


ALTER TABLE "wetLab_vendor" OWNER TO dekker_lab;

--
-- Name: wetLab_vendor_id_seq; Type: SEQUENCE; Schema: public; Owner: dekker_lab
--

CREATE SEQUENCE "wetLab_vendor_id_seq"
    START WITH 1
    INCREMENT BY 1
    NO MINVALUE
    NO MAXVALUE
    CACHE 1;


ALTER TABLE "wetLab_vendor_id_seq" OWNER TO dekker_lab;

--
-- Name: wetLab_vendor_id_seq; Type: SEQUENCE OWNED BY; Schema: public; Owner: dekker_lab
--

ALTER SEQUENCE "wetLab_vendor_id_seq" OWNED BY "wetLab_vendor".id;


--
-- Name: id; Type: DEFAULT; Schema: public; Owner: dekker_lab
--

ALTER TABLE ONLY auth_group ALTER COLUMN id SET DEFAULT nextval('auth_group_id_seq'::regclass);


--
-- Name: id; Type: DEFAULT; Schema: public; Owner: dekker_lab
--

ALTER TABLE ONLY auth_group_permissions ALTER COLUMN id SET DEFAULT nextval('auth_group_permissions_id_seq'::regclass);


--
-- Name: id; Type: DEFAULT; Schema: public; Owner: dekker_lab
--

ALTER TABLE ONLY auth_permission ALTER COLUMN id SET DEFAULT nextval('auth_permission_id_seq'::regclass);


--
-- Name: id; Type: DEFAULT; Schema: public; Owner: dekker_lab
--

ALTER TABLE ONLY auth_user ALTER COLUMN id SET DEFAULT nextval('auth_user_id_seq'::regclass);


--
-- Name: id; Type: DEFAULT; Schema: public; Owner: dekker_lab
--

ALTER TABLE ONLY auth_user_groups ALTER COLUMN id SET DEFAULT nextval('auth_user_groups_id_seq'::regclass);


--
-- Name: id; Type: DEFAULT; Schema: public; Owner: dekker_lab
--

ALTER TABLE ONLY auth_user_user_permissions ALTER COLUMN id SET DEFAULT nextval('auth_user_user_permissions_id_seq'::regclass);


--
-- Name: id; Type: DEFAULT; Schema: public; Owner: dekker_lab
--

ALTER TABLE ONLY django_admin_log ALTER COLUMN id SET DEFAULT nextval('django_admin_log_id_seq'::regclass);


--
-- Name: id; Type: DEFAULT; Schema: public; Owner: dekker_lab
--

ALTER TABLE ONLY django_content_type ALTER COLUMN id SET DEFAULT nextval('django_content_type_id_seq'::regclass);


--
-- Name: id; Type: DEFAULT; Schema: public; Owner: dekker_lab
--

ALTER TABLE ONLY django_migrations ALTER COLUMN id SET DEFAULT nextval('django_migrations_id_seq'::regclass);


--
-- Name: id; Type: DEFAULT; Schema: public; Owner: dekker_lab
--

ALTER TABLE ONLY "dryLab_analysis" ALTER COLUMN id SET DEFAULT nextval('"dryLab_analysis_id_seq"'::regclass);


--
-- Name: id; Type: DEFAULT; Schema: public; Owner: dekker_lab
--

ALTER TABLE ONLY "dryLab_analysis_analysis_file" ALTER COLUMN id SET DEFAULT nextval('"dryLab_analysis_analysis_file_id_seq"'::regclass);


--
-- Name: id; Type: DEFAULT; Schema: public; Owner: dekker_lab
--

ALTER TABLE ONLY "dryLab_fileset" ALTER COLUMN id SET DEFAULT nextval('"dryLab_fileset_id_seq"'::regclass);


--
-- Name: id; Type: DEFAULT; Schema: public; Owner: dekker_lab
--

ALTER TABLE ONLY "dryLab_fileset_fileSet_file" ALTER COLUMN id SET DEFAULT nextval('"dryLab_fileset_fileSet_file_id_seq"'::regclass);


--
-- Name: id; Type: DEFAULT; Schema: public; Owner: dekker_lab
--

ALTER TABLE ONLY "dryLab_imageobjects" ALTER COLUMN id SET DEFAULT nextval('"dryLab_imageobjects_id_seq"'::regclass);


--
-- Name: id; Type: DEFAULT; Schema: public; Owner: dekker_lab
--

ALTER TABLE ONLY "dryLab_images" ALTER COLUMN id SET DEFAULT nextval('"dryLab_images_id_seq"'::regclass);


--
-- Name: id; Type: DEFAULT; Schema: public; Owner: dekker_lab
--

ALTER TABLE ONLY "dryLab_seqencingfile" ALTER COLUMN id SET DEFAULT nextval('"dryLab_seqencingfile_id_seq"'::regclass);


--
-- Name: id; Type: DEFAULT; Schema: public; Owner: dekker_lab
--

ALTER TABLE ONLY "dryLab_sequencingrun" ALTER COLUMN id SET DEFAULT nextval('"dryLab_sequencingrun_id_seq"'::regclass);


--
-- Name: id; Type: DEFAULT; Schema: public; Owner: dekker_lab
--

ALTER TABLE ONLY "dryLab_sequencingrun_run_Experiment" ALTER COLUMN id SET DEFAULT nextval('"dryLab_sequencingrun_run_Experiment_id_seq"'::regclass);


--
-- Name: id; Type: DEFAULT; Schema: public; Owner: dekker_lab
--

ALTER TABLE ONLY organization_award ALTER COLUMN id SET DEFAULT nextval('organization_award_id_seq'::regclass);


--
-- Name: id; Type: DEFAULT; Schema: public; Owner: dekker_lab
--

ALTER TABLE ONLY organization_award_award_exp ALTER COLUMN id SET DEFAULT nextval('organization_award_award_exp_id_seq'::regclass);


--
-- Name: id; Type: DEFAULT; Schema: public; Owner: dekker_lab
--

ALTER TABLE ONLY organization_award_award_project ALTER COLUMN id SET DEFAULT nextval('organization_award_award_project_id_seq'::regclass);


--
-- Name: id; Type: DEFAULT; Schema: public; Owner: dekker_lab
--

ALTER TABLE ONLY organization_choice ALTER COLUMN id SET DEFAULT nextval('organization_choice_id_seq'::regclass);


--
-- Name: id; Type: DEFAULT; Schema: public; Owner: dekker_lab
--

ALTER TABLE ONLY organization_experiment ALTER COLUMN id SET DEFAULT nextval('organization_experiment_id_seq'::regclass);


--
-- Name: id; Type: DEFAULT; Schema: public; Owner: dekker_lab
--

ALTER TABLE ONLY "organization_experiment_experiment_imageObjects" ALTER COLUMN id SET DEFAULT nextval('"organization_experiment_experiment_imageObjects_id_seq"'::regclass);


--
-- Name: id; Type: DEFAULT; Schema: public; Owner: dekker_lab
--

ALTER TABLE ONLY organization_experimentset ALTER COLUMN id SET DEFAULT nextval('organization_experimentset_id_seq'::regclass);


--
-- Name: id; Type: DEFAULT; Schema: public; Owner: dekker_lab
--

ALTER TABLE ONLY "organization_experimentset_experimentSet_exp" ALTER COLUMN id SET DEFAULT nextval('"organization_experimentset_experimentSet_exp_id_seq"'::regclass);


--
-- Name: id; Type: DEFAULT; Schema: public; Owner: dekker_lab
--

ALTER TABLE ONLY organization_jsonobjfield ALTER COLUMN id SET DEFAULT nextval('organization_jsonobjfield_id_seq'::regclass);


--
-- Name: id; Type: DEFAULT; Schema: public; Owner: dekker_lab
--

ALTER TABLE ONLY organization_project ALTER COLUMN id SET DEFAULT nextval('organization_project_id_seq'::regclass);


--
-- Name: id; Type: DEFAULT; Schema: public; Owner: dekker_lab
--

ALTER TABLE ONLY organization_project_project_contributor ALTER COLUMN id SET DEFAULT nextval('organization_project_project_contributor_id_seq'::regclass);


--
-- Name: id; Type: DEFAULT; Schema: public; Owner: dekker_lab
--

ALTER TABLE ONLY organization_publication ALTER COLUMN id SET DEFAULT nextval('organization_publication_id_seq'::regclass);


--
-- Name: id; Type: DEFAULT; Schema: public; Owner: dekker_lab
--

ALTER TABLE ONLY organization_tag ALTER COLUMN id SET DEFAULT nextval('organization_tag_id_seq'::regclass);


--
-- Name: id; Type: DEFAULT; Schema: public; Owner: dekker_lab
--

ALTER TABLE ONLY organization_tag_tag_exp ALTER COLUMN id SET DEFAULT nextval('organization_tag_tag_exp_id_seq'::regclass);


--
-- Name: id; Type: DEFAULT; Schema: public; Owner: dekker_lab
--

ALTER TABLE ONLY "wetLab_barcode" ALTER COLUMN id SET DEFAULT nextval('"wetLab_barcode_id_seq"'::regclass);


--
-- Name: id; Type: DEFAULT; Schema: public; Owner: dekker_lab
--

ALTER TABLE ONLY "wetLab_biosample" ALTER COLUMN id SET DEFAULT nextval('"wetLab_biosample_id_seq"'::regclass);


--
-- Name: id; Type: DEFAULT; Schema: public; Owner: dekker_lab
--

ALTER TABLE ONLY "wetLab_biosample_biosample_imageObjects" ALTER COLUMN id SET DEFAULT nextval('"wetLab_biosample_biosample_imageObjects_id_seq"'::regclass);


--
-- Name: id; Type: DEFAULT; Schema: public; Owner: dekker_lab
--

ALTER TABLE ONLY "wetLab_biosource" ALTER COLUMN id SET DEFAULT nextval('"wetLab_biosource_id_seq"'::regclass);


--
-- Name: id; Type: DEFAULT; Schema: public; Owner: dekker_lab
--

ALTER TABLE ONLY "wetLab_construct" ALTER COLUMN id SET DEFAULT nextval('"wetLab_construct_id_seq"'::regclass);


--
-- Name: id; Type: DEFAULT; Schema: public; Owner: dekker_lab
--

ALTER TABLE ONLY "wetLab_document" ALTER COLUMN id SET DEFAULT nextval('"wetLab_document_id_seq"'::regclass);


--
-- Name: id; Type: DEFAULT; Schema: public; Owner: dekker_lab
--

ALTER TABLE ONLY "wetLab_enzyme" ALTER COLUMN id SET DEFAULT nextval('"wetLab_enzyme_id_seq"'::regclass);


--
-- Name: id; Type: DEFAULT; Schema: public; Owner: dekker_lab
--

ALTER TABLE ONLY "wetLab_genomicregions" ALTER COLUMN id SET DEFAULT nextval('"wetLab_genomicregions_id_seq"'::regclass);


--
-- Name: id; Type: DEFAULT; Schema: public; Owner: dekker_lab
--

ALTER TABLE ONLY "wetLab_individual" ALTER COLUMN id SET DEFAULT nextval('"wetLab_individual_id_seq"'::regclass);


--
-- Name: id; Type: DEFAULT; Schema: public; Owner: dekker_lab
--

ALTER TABLE ONLY "wetLab_modification" ALTER COLUMN id SET DEFAULT nextval('"wetLab_modification_id_seq"'::regclass);


--
-- Name: id; Type: DEFAULT; Schema: public; Owner: dekker_lab
--

ALTER TABLE ONLY "wetLab_other" ALTER COLUMN id SET DEFAULT nextval('"wetLab_others_id_seq"'::regclass);


--
-- Name: id; Type: DEFAULT; Schema: public; Owner: dekker_lab
--

ALTER TABLE ONLY "wetLab_other_biosample" ALTER COLUMN id SET DEFAULT nextval('"wetLab_others_biosample_id_seq"'::regclass);


--
-- Name: id; Type: DEFAULT; Schema: public; Owner: dekker_lab
--

ALTER TABLE ONLY "wetLab_protocol" ALTER COLUMN id SET DEFAULT nextval('"wetLab_protocol_id_seq"'::regclass);


--
-- Name: id; Type: DEFAULT; Schema: public; Owner: dekker_lab
--

ALTER TABLE ONLY "wetLab_target" ALTER COLUMN id SET DEFAULT nextval('"wetLab_target_id_seq"'::regclass);


--
-- Name: id; Type: DEFAULT; Schema: public; Owner: dekker_lab
--

ALTER TABLE ONLY "wetLab_treatmentchemical" ALTER COLUMN id SET DEFAULT nextval('"wetLab_treatmentchemical_id_seq"'::regclass);


--
-- Name: id; Type: DEFAULT; Schema: public; Owner: dekker_lab
--

ALTER TABLE ONLY "wetLab_treatmentchemical_biosample" ALTER COLUMN id SET DEFAULT nextval('"wetLab_treatmentchemical_treatmentChemical_biosample_id_seq"'::regclass);


--
-- Name: id; Type: DEFAULT; Schema: public; Owner: dekker_lab
--

ALTER TABLE ONLY "wetLab_treatmentrnai" ALTER COLUMN id SET DEFAULT nextval('"wetLab_treatmentrnai_id_seq"'::regclass);


--
-- Name: id; Type: DEFAULT; Schema: public; Owner: dekker_lab
--

ALTER TABLE ONLY "wetLab_treatmentrnai_biosample" ALTER COLUMN id SET DEFAULT nextval('"wetLab_treatmentrnai_treatmentRnai_biosample_id_seq"'::regclass);


--
-- Name: id; Type: DEFAULT; Schema: public; Owner: dekker_lab
--

ALTER TABLE ONLY "wetLab_vendor" ALTER COLUMN id SET DEFAULT nextval('"wetLab_vendor_id_seq"'::regclass);


--
-- Data for Name: auth_group; Type: TABLE DATA; Schema: public; Owner: dekker_lab
--

COPY auth_group (id, name) FROM stdin;
2	Admin
3	Principal Investigator
1	Collaborator
4	Member
\.


--
-- Name: auth_group_id_seq; Type: SEQUENCE SET; Schema: public; Owner: dekker_lab
--

SELECT pg_catalog.setval('auth_group_id_seq', 4, true);


--
-- Data for Name: auth_group_permissions; Type: TABLE DATA; Schema: public; Owner: dekker_lab
--

COPY auth_group_permissions (id, group_id, permission_id) FROM stdin;
1	2	1
2	2	2
3	2	3
4	2	4
5	2	5
6	2	6
7	2	7
8	2	8
9	2	9
10	2	10
11	2	11
12	2	12
13	2	13
14	2	14
15	2	15
16	2	16
17	2	17
18	2	18
19	2	19
20	2	20
21	2	21
22	2	22
23	2	23
24	2	24
25	2	25
26	2	26
27	2	27
28	2	28
29	2	29
30	2	30
31	2	31
32	2	32
33	2	33
34	2	34
35	2	35
36	2	36
37	2	37
38	2	38
39	2	39
40	2	40
41	2	41
42	2	42
43	2	43
44	2	44
45	2	45
46	2	46
47	2	47
48	2	48
49	2	49
50	2	50
51	2	51
52	2	52
53	2	53
54	2	54
55	2	55
56	2	56
57	2	57
58	2	58
59	2	59
60	2	60
61	2	61
62	2	62
63	2	63
64	2	64
65	2	65
66	2	66
67	2	67
68	2	68
69	2	69
70	2	70
71	2	71
72	2	72
73	2	73
74	2	74
75	2	75
76	2	76
77	2	77
78	2	78
79	2	79
80	2	80
81	2	81
82	2	82
83	2	83
84	2	84
85	2	85
86	2	86
87	2	87
91	2	91
92	2	92
93	2	93
94	3	16
95	3	17
96	3	18
97	3	19
98	3	20
99	3	21
100	3	22
101	3	23
102	3	24
103	3	25
104	3	26
105	3	27
106	3	28
107	3	29
108	3	30
109	3	31
110	3	32
111	3	33
112	3	34
113	3	35
114	3	36
115	3	37
116	3	38
117	3	39
118	3	40
119	3	41
120	3	42
121	3	43
122	3	44
123	3	45
124	3	46
125	3	47
126	3	48
127	3	49
128	3	50
129	3	51
130	3	52
131	3	53
132	3	54
133	3	55
134	3	56
135	3	57
136	3	58
137	3	59
138	3	60
139	3	61
140	3	62
141	3	63
142	3	64
143	3	65
144	3	66
145	3	67
146	3	68
147	3	69
148	3	70
149	3	71
150	3	72
151	3	73
152	3	74
153	3	75
154	3	76
155	3	77
156	3	78
157	3	79
158	3	80
159	3	81
160	3	82
161	3	83
162	3	84
163	3	85
164	3	86
165	3	87
169	3	91
170	3	92
171	3	93
172	4	16
173	4	17
174	4	18
175	4	25
176	4	26
177	4	27
178	4	28
179	4	29
180	4	30
181	4	31
182	4	32
183	4	33
184	4	34
185	4	35
186	4	36
187	4	40
188	4	41
189	4	42
190	4	43
191	4	44
192	4	45
193	4	46
194	4	47
195	4	48
196	4	49
197	4	50
198	4	51
199	4	52
200	4	53
201	4	54
202	4	55
203	4	56
204	4	57
205	4	58
206	4	59
207	4	60
208	4	61
209	4	62
210	4	63
211	4	64
212	4	65
213	4	66
214	4	67
215	4	68
216	4	69
217	4	70
218	4	71
219	4	72
220	4	73
221	4	74
222	4	75
223	4	79
224	4	80
225	4	81
226	4	82
227	4	83
228	4	84
229	4	85
230	4	86
231	4	87
235	4	91
236	4	92
237	4	93
\.


--
-- Name: auth_group_permissions_id_seq; Type: SEQUENCE SET; Schema: public; Owner: dekker_lab
--

SELECT pg_catalog.setval('auth_group_permissions_id_seq', 237, true);


--
-- Data for Name: auth_permission; Type: TABLE DATA; Schema: public; Owner: dekker_lab
--

COPY auth_permission (id, name, content_type_id, codename) FROM stdin;
1	Can add log entry	1	add_logentry
2	Can change log entry	1	change_logentry
3	Can delete log entry	1	delete_logentry
4	Can add permission	2	add_permission
5	Can change permission	2	change_permission
6	Can delete permission	2	delete_permission
7	Can add group	3	add_group
8	Can change group	3	change_group
9	Can delete group	3	delete_group
10	Can add user	4	add_user
11	Can change user	4	change_user
12	Can delete user	4	delete_user
13	Can add content type	5	add_contenttype
14	Can change content type	5	change_contenttype
15	Can delete content type	5	delete_contenttype
16	Can add session	6	add_session
17	Can change session	6	change_session
18	Can delete session	6	delete_session
19	Can add json obj field	7	add_jsonobjfield
20	Can change json obj field	7	change_jsonobjfield
21	Can delete json obj field	7	delete_jsonobjfield
22	Can add choice	8	add_choice
23	Can change choice	8	change_choice
24	Can delete choice	8	delete_choice
25	Can add project	9	add_project
26	Can change project	9	change_project
27	Can delete project	9	delete_project
28	Can add experiment	10	add_experiment
29	Can change experiment	10	change_experiment
30	Can delete experiment	10	delete_experiment
31	Can add experiment set	11	add_experimentset
32	Can change experiment set	11	change_experimentset
33	Can delete experiment set	11	delete_experimentset
34	Can add publication	12	add_publication
35	Can change publication	12	change_publication
36	Can delete publication	12	delete_publication
37	Can add award	13	add_award
38	Can change award	13	change_award
39	Can delete award	13	delete_award
40	Can add tag	14	add_tag
41	Can change tag	14	change_tag
42	Can delete tag	14	delete_tag
43	Can add sequencing run	15	add_sequencingrun
44	Can change sequencing run	15	change_sequencingrun
45	Can delete sequencing run	15	delete_sequencingrun
46	Can add seqencing file	16	add_seqencingfile
47	Can change seqencing file	16	change_seqencingfile
48	Can delete seqencing file	16	delete_seqencingfile
49	Can add file set	17	add_fileset
50	Can change file set	17	change_fileset
51	Can delete file set	17	delete_fileset
52	Can add analysis	18	add_analysis
53	Can change analysis	18	change_analysis
54	Can delete analysis	18	delete_analysis
55	Can add document	19	add_document
56	Can change document	19	change_document
57	Can delete document	19	delete_document
58	Can add vendor	20	add_vendor
59	Can change vendor	20	change_vendor
60	Can delete vendor	20	delete_vendor
61	Can add construct	21	add_construct
62	Can change construct	21	change_construct
63	Can delete construct	21	delete_construct
64	Can add genomic regions	22	add_genomicregions
65	Can change genomic regions	22	change_genomicregions
66	Can delete genomic regions	22	delete_genomicregions
67	Can add target	23	add_target
68	Can change target	23	change_target
69	Can delete target	23	delete_target
70	Can add modification	24	add_modification
71	Can change modification	24	change_modification
72	Can delete modification	24	delete_modification
73	Can add individual	25	add_individual
74	Can change individual	25	change_individual
75	Can delete individual	25	delete_individual
76	Can add enzyme	26	add_enzyme
77	Can change enzyme	26	change_enzyme
78	Can delete enzyme	26	delete_enzyme
79	Can add protocol	27	add_protocol
80	Can change protocol	27	change_protocol
81	Can delete protocol	27	delete_protocol
82	Can add biosource	28	add_biosource
83	Can change biosource	28	change_biosource
84	Can delete biosource	28	delete_biosource
85	Can add biosample	29	add_biosample
86	Can change biosample	29	change_biosample
87	Can delete biosample	29	delete_biosample
91	Can add barcode	31	add_barcode
92	Can change barcode	31	change_barcode
93	Can delete barcode	31	delete_barcode
94	Can add treatment rnai	32	add_treatmentrnai
95	Can change treatment rnai	32	change_treatmentrnai
96	Can delete treatment rnai	32	delete_treatmentrnai
97	Can add treatment chemical	33	add_treatmentchemical
98	Can change treatment chemical	33	change_treatmentchemical
99	Can delete treatment chemical	33	delete_treatmentchemical
103	Can add other	35	add_other
104	Can change other	35	change_other
105	Can delete other	35	delete_other
106	Can add images	36	add_images
107	Can change images	36	change_images
108	Can delete images	36	delete_images
109	Can add image objects	37	add_imageobjects
110	Can change image objects	37	change_imageobjects
111	Can delete image objects	37	delete_imageobjects
\.


--
-- Name: auth_permission_id_seq; Type: SEQUENCE SET; Schema: public; Owner: dekker_lab
--

SELECT pg_catalog.setval('auth_permission_id_seq', 111, true);


--
-- Data for Name: auth_user; Type: TABLE DATA; Schema: public; Owner: dekker_lab
--

COPY auth_user (id, password, last_login, is_superuser, username, first_name, last_name, email, is_staff, is_active, date_joined) FROM stdin;
4	pbkdf2_sha256$24000$m2j9vw3bVSjt$VEi1/ljDgTWWUBFwBpOqVBQ0dycxZjxcaAuN281aoVo=	\N	f	job	Job	Dekker		f	t	2016-11-20 15:10:27-05
2	pbkdf2_sha256$24000$JTY8e3XBPc74$QQvGzaZrO1oPuwRHDJj4xmhqbHsaXyL+oAF4D1myv1E=	2016-11-20 15:12:49.240173-05	f	hakan	Hakan	Ozadam		f	t	2016-11-07 17:16:30-05
3	pbkdf2_sha256$24000$dIiAg1g9qgpv$iZjesX5Oq4Hp5ATggLiBzH1pKyt7V25UdA7myV4R2tA=	2016-11-20 15:13:22.993-05	f	ram	Ram	Mathur		f	t	2016-11-20 15:09:37-05
1	pbkdf2_sha256$24000$vpV1R1QMywoL$WBFwXA0UPx8fRHMCICeInMX4fdtEJ+8XjpYyYDtvyJU=	2016-11-22 14:30:25.144136-05	t	admin			nand@gmail.com	t	t	2016-11-02 15:11:29-04
5	pbkdf2_sha256$24000$URkfVdLCk332$0vLg/03KtRjz+mMGg9YGtKGMkZ7lUkDIihTIQNxszaY=	\N	f	sss				f	t	2016-11-22 15:38:14.042986-05
\.


--
-- Data for Name: auth_user_groups; Type: TABLE DATA; Schema: public; Owner: dekker_lab
--

COPY auth_user_groups (id, user_id, group_id) FROM stdin;
1	1	2
2	2	4
3	3	1
4	4	3
\.


--
-- Name: auth_user_groups_id_seq; Type: SEQUENCE SET; Schema: public; Owner: dekker_lab
--

SELECT pg_catalog.setval('auth_user_groups_id_seq', 4, true);


--
-- Name: auth_user_id_seq; Type: SEQUENCE SET; Schema: public; Owner: dekker_lab
--

SELECT pg_catalog.setval('auth_user_id_seq', 5, true);


--
-- Data for Name: auth_user_user_permissions; Type: TABLE DATA; Schema: public; Owner: dekker_lab
--

COPY auth_user_user_permissions (id, user_id, permission_id) FROM stdin;
\.


--
-- Name: auth_user_user_permissions_id_seq; Type: SEQUENCE SET; Schema: public; Owner: dekker_lab
--

SELECT pg_catalog.setval('auth_user_user_permissions_id_seq', 1, false);


--
-- Data for Name: django_admin_log; Type: TABLE DATA; Schema: public; Owner: dekker_lab
--

COPY django_admin_log (id, action_time, object_id, object_repr, action_flag, change_message, content_type_id, user_id) FROM stdin;
1	2016-11-02 15:13:07.627019-04	1	Member	1	Added.	3	1
2	2016-11-02 15:14:19.296065-04	2	Admin	1	Added.	3	1
3	2016-11-02 15:15:01.606395-04	3	Principal Investigator	1	Added.	3	1
4	2016-11-02 15:15:21.116624-04	1	Collaborator	2	Changed name.	3	1
5	2016-11-02 15:16:34.731809-04	4	Member	1	Added.	3	1
6	2016-11-02 15:21:09.72684-04	1	excision protocol	1	Added.	8	1
7	2016-11-02 15:21:20.741829-04	2	general protocol	1	Added.	8	1
8	2016-11-02 15:21:33.882662-04	3	treatment protocol	1	Added.	8	1
9	2016-11-02 15:21:45.0649-04	4	data sheet	1	Added.	8	1
10	2016-11-02 15:21:56.550553-04	5	dedifferentiation protocol	1	Added.	8	1
11	2016-11-02 15:22:05.809113-04	6	differentiation protocol	1	Added.	8	1
12	2016-11-02 15:22:19.09908-04	7	data QA	1	Added.	8	1
13	2016-11-02 15:22:28.96427-04	8	certificate of analysis	1	Added.	8	1
14	2016-11-02 15:22:37.940996-04	9	extraction protocol	1	Added.	8	1
15	2016-11-02 15:22:47.851312-04	10	growth protocol	1	Added.	8	1
16	2016-11-02 15:23:00.936387-04	11	tagging construct	1	Added.	8	1
17	2016-11-02 15:23:12.231706-04	12	rnai construct	1	Added.	8	1
18	2016-11-02 15:23:24.258917-04	13	crispr construct	1	Added.	8	1
19	2016-11-02 15:23:47.65941-04	14	Stable Transfection	1	Added.	8	1
20	2016-11-02 15:24:02.792736-04	15	Crispr	1	Added.	8	1
21	2016-11-02 15:24:20.186664-04	13	crispr construct	2	Changed choice_type.	8	1
22	2016-11-02 15:24:29.264067-04	12	rnai construct	2	Changed choice_type.	8	1
23	2016-11-02 15:24:37.412198-04	11	tagging construct	2	Changed choice_type.	8	1
24	2016-11-02 15:25:05.388828-04	16	stem cell	1	Added.	8	1
25	2016-11-02 15:25:17.447748-04	17	whole organisms	1	Added.	8	1
26	2016-11-02 15:25:27.799383-04	18	induced pluripotent stem cell line	1	Added.	8	1
27	2016-11-02 15:25:38.688885-04	19	in vitro differentiated cells	1	Added.	8	1
28	2016-11-02 15:26:28.50611-04	20	tissue	1	Added.	8	1
29	2016-11-02 15:26:41.264912-04	21	primary cell	1	Added.	8	1
30	2016-11-02 15:26:53.990992-04	22	immortalized cell line	1	Added.	8	1
31	2016-11-02 15:27:29.281919-04	1	ExperimentCaptureC	1	Added.	7	1
32	2016-11-02 15:27:50.465755-04	2	ExperimentHiC	1	Added.	7	1
33	2016-11-02 15:28:12.067325-04	3	BiosampleCellCulture	1	Added.	7	1
34	2016-11-02 15:28:31.844955-04	4	IndividualHuman	1	Added.	7	1
35	2016-11-02 15:29:12.706507-04	5	IndividualMouse	1	Added.	7	1
36	2016-11-02 15:32:25.162372-04	1	Pr123	1	Added.	9	1
37	2016-11-02 15:33:25.287828-04	6	None	1	Added.	7	1
38	2016-11-02 15:33:54.793054-04	1	None	1	Added.	27	1
39	2016-11-02 15:36:28.638101-04	1	admin	2	Changed groups.	4	1
40	2016-11-02 15:51:15.524334-04	1	Construct123	1	Added.	21	1
41	2016-11-02 15:51:52.710182-04	1	Modification123	1	Added.	24	1
42	2016-11-02 15:52:29.856076-04	1	ATCC	1	Added.	20	1
43	2016-11-02 15:53:46.693236-04	1	DpnII	1	Added.	26	1
44	2016-11-02 15:56:36.009756-04	23	Tire 1	1	Added.	8	1
45	2016-11-02 15:56:56.034043-04	24	Tier 2	1	Added.	8	1
46	2016-11-02 15:57:07.272687-04	25	Unclassified	1	Added.	8	1
47	2016-11-02 15:57:55.761917-04	26	wsws	1	Added.	8	1
48	2016-11-02 15:58:03.028547-04	26	wsws	3		8	1
49	2016-11-03 15:01:15.033672-04	15	Crispr	2	No fields changed.	8	1
50	2016-11-03 15:38:52.950219-04	27	Other	1	Added.	8	1
51	2016-11-03 15:49:12.252471-04	28	1	1	Added.	8	1
52	2016-11-03 15:49:16.068443-04	29	2	1	Added.	8	1
53	2016-11-03 15:49:20.576061-04	30	3	1	Added.	8	1
54	2016-11-03 15:49:25.707247-04	31	4	1	Added.	8	1
55	2016-11-03 15:49:30.208968-04	32	5	1	Added.	8	1
56	2016-11-03 15:49:34.601975-04	33	6	1	Added.	8	1
57	2016-11-03 15:49:39.275493-04	34	7	1	Added.	8	1
58	2016-11-03 15:49:46.981324-04	35	8	1	Added.	8	1
59	2016-11-03 15:49:51.147521-04	36	9	1	Added.	8	1
60	2016-11-03 15:49:55.620525-04	37	10	1	Added.	8	1
61	2016-11-03 15:49:59.311792-04	38	11	1	Added.	8	1
62	2016-11-03 15:50:03.068384-04	39	12	1	Added.	8	1
63	2016-11-03 15:50:07.151422-04	40	13	1	Added.	8	1
64	2016-11-03 15:50:11.746082-04	41	14	1	Added.	8	1
65	2016-11-03 15:50:16.017115-04	42	15	1	Added.	8	1
66	2016-11-03 15:50:20.461155-04	43	16	1	Added.	8	1
67	2016-11-03 15:50:25.462166-04	44	17	1	Added.	8	1
68	2016-11-03 15:50:30.011355-04	45	18	1	Added.	8	1
69	2016-11-03 15:50:35.050227-04	46	19	1	Added.	8	1
70	2016-11-03 15:50:39.522647-04	47	20	1	Added.	8	1
71	2016-11-03 15:50:45.18435-04	48	21	1	Added.	8	1
72	2016-11-03 15:51:09.016928-04	49	22	1	Added.	8	1
73	2016-11-03 15:51:15.451011-04	50	X	1	Added.	8	1
74	2016-11-03 15:51:21.402023-04	51	Y	1	Added.	8	1
75	2016-11-03 15:52:40.175948-04	52	GRCh38	1	Added.	8	1
76	2016-11-03 15:52:53.19265-04	53	GRCh37	1	Added.	8	1
77	2016-11-03 15:53:07.244163-04	54	GRCm38	1	Added.	8	1
78	2016-11-03 15:53:17.559525-04	55	MGSCv37	1	Added.	8	1
79	2016-11-03 17:00:31.586733-04	7	CRISPR Protocol	1	Added.	7	1
80	2016-11-03 17:03:04.850904-04	2	HiC Experiment Protocol	2	Changed field_name and field_type.	7	1
81	2016-11-03 17:03:26.680918-04	1	CaptureC Experiment Protocol	2	Changed field_name and field_type.	7	1
82	2016-11-03 17:37:53.462312-04	2	ExperimentHiC	2	Changed field_name and field_type.	7	1
83	2016-11-03 17:38:25.906424-04	1	ExperimentCaptureC	2	Changed field_name and field_type.	7	1
84	2016-11-03 17:46:35.037135-04	1	Document object	1	Added.	19	1
85	2016-11-03 17:54:51.624143-04	2	Hi-C Experiment Protocol	1	Added.	27	1
86	2016-11-03 18:27:31.246031-04	2	Hi-C Experiment Protocol	3		27	1
87	2016-11-04 10:26:24.68025-04	2	Hi-C	2	Changed field_name and field_type.	7	1
88	2016-11-04 10:26:38.442982-04	1	CaptureC	2	Changed field_name and field_type.	7	1
89	2016-11-04 12:11:29.571187-04	56	Treatment Document	1	Added.	8	1
90	2016-11-04 12:12:09.391272-04	57	Individual Document	1	Added.	8	1
91	2016-11-07 10:10:39.865965-05	58	shRNA	1	Added.	8	1
92	2016-11-07 10:10:57.18953-05	59	siRNA	1	Added.	8	1
93	2016-11-07 10:34:12.953214-05	60	pM	1	Added.	8	1
94	2016-11-07 10:34:30.795435-05	61	nM	1	Added.	8	1
95	2016-11-07 10:34:45.781219-05	62	M	1	Added.	8	1
96	2016-11-07 10:35:04.951876-05	63	g/mL	1	Added.	8	1
97	2016-11-07 10:35:27.182195-05	64	mM	1	Added.	8	1
98	2016-11-07 10:35:39.872276-05	65	mg/mL	1	Added.	8	1
99	2016-11-07 10:35:52.326331-05	66	ng/mL	1	Added.	8	1
100	2016-11-07 10:36:04.680065-05	67	M	1	Added.	8	1
101	2016-11-07 10:36:20.631652-05	68	percent	1	Added.	8	1
102	2016-11-07 10:36:31.702067-05	69	units	1	Added.	8	1
103	2016-11-07 10:36:43.278236-05	70	U/mL	1	Added.	8	1
104	2016-11-07 10:37:46.393372-05	71	second	1	Added.	8	1
105	2016-11-07 10:38:00.691023-05	72	minute	1	Added.	8	1
106	2016-11-07 10:38:14.892339-05	73	hour	1	Added.	8	1
107	2016-11-07 10:38:27.108702-05	74	day	1	Added.	8	1
108	2016-11-07 11:36:32.084388-05	1	Pr123	3		9	1
109	2016-11-07 14:14:18.128151-05	75	TreatmentRnai	1	Added.	8	1
110	2016-11-07 14:14:33.028374-05	76	TreatmentChemical	1	Added.	8	1
111	2016-11-07 14:14:58.213984-05	77	Others	1	Added.	8	1
112	2016-11-07 14:21:29.930216-05	77	Other	2	Changed choice_name.	8	1
113	2016-11-07 14:22:01.047031-05	78	None	1	Added.	8	1
114	2016-11-07 17:16:30.49924-05	2	hakan	1	Added.	4	1
115	2016-11-07 17:16:43.001562-05	2	hakan	2	Changed groups.	4	1
116	2016-11-08 11:02:27.163935-05	79	Index 1-ATCACG	1	Added.	8	1
117	2016-11-08 11:02:47.40497-05	80	Index 2-CGATGT	1	Added.	8	1
118	2016-11-08 11:03:04.406217-05	81	Index 3	1	Added.	8	1
119	2016-11-08 11:03:23.834933-05	82	Index 4	1	Added.	8	1
120	2016-11-08 11:03:45.701686-05	81	Index 3-TTAGGC	2	Changed choice_name and choice_type.	8	1
121	2016-11-08 11:03:55.549734-05	82	Index 4-TGACCA	2	Changed choice_name and choice_type.	8	1
122	2016-11-08 11:04:17.539806-05	83	Index 5-ACAGTG	1	Added.	8	1
123	2016-11-08 11:04:39.349672-05	84	Index 6-GCCAAT	1	Added.	8	1
124	2016-11-08 11:05:03.619891-05	85	Index 7-CAGATC	1	Added.	8	1
125	2016-11-08 11:05:20.528402-05	86	Index 8-ACTTGA	1	Added.	8	1
126	2016-11-08 11:05:40.732685-05	87	Index 9-GATCAG	1	Added.	8	1
127	2016-11-08 11:06:00.16876-05	88	Index 10-TAGCTT	1	Added.	8	1
128	2016-11-08 11:06:23.898549-05	89	Index 11-GGCTAC	1	Added.	8	1
129	2016-11-08 11:07:16.695221-05	90	Index 12-CTTGTA	1	Added.	8	1
130	2016-11-08 14:09:51.156721-05	3	Barcode object	3		31	1
131	2016-11-08 14:09:51.160216-05	2	Barcode object	3		31	1
132	2016-11-08 14:09:51.16111-05	1	Barcode object	3		31	1
133	2016-11-08 15:55:23.683742-05	13	Indnew	2	Changed userOwner.	25	1
134	2016-11-08 16:26:17.691432-05	16	90kkk	3		25	1
135	2016-11-08 16:26:17.694689-05	15	individualHuman	3		25	1
136	2016-11-08 16:26:17.695698-05	14	Ijijijijiji	3		25	1
137	2016-11-08 16:26:17.696577-05	13	Indnew	3		25	1
138	2016-11-08 16:26:17.697397-05	12	hjkghf	3		25	1
139	2016-11-08 16:26:17.698219-05	11	hdfjsdf	3		25	1
140	2016-11-08 16:26:17.699052-05	10	fref	3		25	1
141	2016-11-08 16:26:17.699908-05	9	fref	3		25	1
142	2016-11-08 16:26:17.7007-05	8	fref	3		25	1
143	2016-11-08 16:26:17.701472-05	7	fvdfg	3		25	1
144	2016-11-08 16:26:17.702148-05	6	vfdv	3		25	1
145	2016-11-08 16:26:17.702906-05	5	cdsdc	3		25	1
146	2016-11-08 16:26:17.703611-05	4	fwfe	3		25	1
147	2016-11-08 16:26:17.704303-05	3	dgfg	3		25	1
148	2016-11-08 16:26:17.704987-05	2	ujuyujy	3		25	1
149	2016-11-08 16:26:17.705647-05	1	Ind12	3		25	1
150	2016-11-09 15:21:06.918477-05	4	raniOO	2	Changed biosample.	32	1
151	2016-11-10 12:27:29.160105-05	1	Modification123	2	Changed modification_genomicRegions and modification_target.	24	1
152	2016-11-14 18:34:39.766526-05	10	vv	2	Changed run_Experiment.	15	1
153	2016-11-15 10:52:33.374763-05	91	HiSeq 4000 Illumina (C-Monster)	1	Added.	8	1
154	2016-11-15 10:53:19.762657-05	91	Illumina HiSeq 4000  (C-Monster)	2	Changed choice_name.	8	1
155	2016-11-15 10:54:16.656919-05	92	Sanger Sequencing	1	Added.	8	1
156	2016-11-15 10:54:50.977216-05	93	UMass Deep Sequencing Core	1	Added.	8	1
157	2016-11-15 15:43:29.13318-05	8	Hi-C Analysis	1	Added.	7	1
158	2016-11-15 15:43:43.0876-05	2	Hi-C Protocol	2	Changed field_name.	7	1
159	2016-11-15 15:43:52.986964-05	1	CaptureC Protocol	2	Changed field_name.	7	1
160	2016-11-16 12:34:48.034996-05	39	nhn	3		18	1
161	2016-11-16 12:34:48.03972-05	38	tnhn	3		18	1
162	2016-11-16 12:34:48.040802-05	37	fgbgb	3		18	1
163	2016-11-16 12:34:48.041873-05	36	fgbgb	3		18	1
164	2016-11-16 12:34:48.042762-05	35	fgbgb	3		18	1
165	2016-11-16 12:34:48.043743-05	34	mhm	3		18	1
166	2016-11-16 12:34:48.050942-05	33	rtbhr	3		18	1
167	2016-11-16 12:34:48.057995-05	32	hgnn	3		18	1
168	2016-11-16 12:34:48.065356-05	31	ghgm	3		18	1
169	2016-11-16 12:34:48.071179-05	30	nhg	3		18	1
170	2016-11-16 12:34:48.07272-05	29	nghn	3		18	1
171	2016-11-16 12:34:48.073819-05	28	nghn	3		18	1
172	2016-11-16 12:34:48.074962-05	27	nghn	3		18	1
173	2016-11-16 12:34:48.075974-05	26	nghn	3		18	1
174	2016-11-16 12:34:48.076892-05	25	nghn	3		18	1
175	2016-11-16 12:34:48.077806-05	24	nghn	3		18	1
176	2016-11-16 12:34:48.078728-05	23	nghn	3		18	1
177	2016-11-16 12:34:48.079609-05	22	fgbfgb	3		18	1
178	2016-11-16 12:34:48.080447-05	21	rtrht	3		18	1
179	2016-11-16 12:34:48.081309-05	20	sdcdc	3		18	1
180	2016-11-16 12:34:48.082164-05	19	sdcdc	3		18	1
181	2016-11-16 12:34:48.083048-05	18	ghmhm	3		18	1
182	2016-11-16 12:34:48.083916-05	17	ghmhm	3		18	1
183	2016-11-16 12:34:48.084713-05	16	dfv	3		18	1
184	2016-11-16 12:34:48.085517-05	15	fgfbgb	3		18	1
185	2016-11-16 12:34:48.086417-05	14	fgfbgb	3		18	1
186	2016-11-16 12:34:48.087231-05	13	fgfbgb	3		18	1
187	2016-11-16 12:34:48.088084-05	12	verv	3		18	1
188	2016-11-16 12:34:48.089102-05	11	trhrth	3		18	1
189	2016-11-16 12:34:48.090025-05	10	ytyjytj	3		18	1
190	2016-11-16 12:34:48.090729-05	9	mnyn	3		18	1
191	2016-11-16 12:34:48.091426-05	8	mnyn	3		18	1
192	2016-11-16 12:34:48.092064-05	7	mnyn	3		18	1
193	2016-11-16 12:34:48.092709-05	6	mnyn	3		18	1
194	2016-11-16 12:34:48.09334-05	5	mnyn	3		18	1
195	2016-11-16 12:34:48.093907-05	4	ymuuym	3		18	1
196	2016-11-16 12:34:48.094518-05	3	vrt	3		18	1
197	2016-11-16 17:45:47.475614-05	4	/Users/nanda/Documents/EclipseWorkspace/clims/cLIMS//media/plots/18AUG16_PE50_HCVLYBB__U54-ESC-FA-20160812-DpnII__hg19.interaction.log.png	3		36	1
198	2016-11-16 17:45:47.479233-05	3	/Users/nanda/Documents/EclipseWorkspace/clims/cLIMS//media/plots/18AUG16_PE50_HCVLYBB__U54-ESC-FA-20160812-DpnII__hg19.moleculeSize.plot.log.png	3		36	1
199	2016-11-16 17:45:47.480279-05	2	/Users/nanda/Documents/EclipseWorkspace/clims/cLIMS//media/plots/18AUG16_PE50_HCVLYBB__U54-ESC-FA-20160812-DpnII__hg19.iterativeMapping.log.png	3		36	1
200	2016-11-16 17:45:47.481326-05	1	/Users/nanda/Documents/EclipseWorkspace/clims/cLIMS//media/plots/18AUG16_PE50_HCVLYBB__U54-ESC-FA-20160812-DpnII__hg19.strandBias.log.png	3		36	1
201	2016-11-16 18:21:45.746081-05	93	ghg	3		18	1
202	2016-11-16 18:21:45.749855-05	92	A2	3		18	1
203	2016-11-16 18:21:45.751138-05	91	A2	3		18	1
204	2016-11-16 18:21:45.752089-05	90	A2	3		18	1
205	2016-11-16 18:21:45.753014-05	89	A2	3		18	1
206	2016-11-16 18:21:45.753943-05	88	A2	3		18	1
207	2016-11-16 18:21:45.754923-05	87	A1	3		18	1
208	2016-11-16 18:21:45.75577-05	86	Ana1	3		18	1
209	2016-11-16 18:21:45.756651-05	85	Ana1	3		18	1
210	2016-11-16 18:21:45.757498-05	84	Ana1	3		18	1
211	2016-11-16 18:21:45.758275-05	83	Ana1	3		18	1
212	2016-11-16 18:21:45.75921-05	82	Ana1	3		18	1
213	2016-11-16 18:21:45.760045-05	81	Ana1	3		18	1
214	2016-11-16 18:21:45.760896-05	80	Ana1	3		18	1
215	2016-11-16 18:21:45.76186-05	79	Ana1	3		18	1
216	2016-11-16 18:21:45.762696-05	78	Ana1	3		18	1
217	2016-11-16 18:21:45.763472-05	77	Ana1	3		18	1
218	2016-11-16 18:21:45.764236-05	76	Ana1	3		18	1
219	2016-11-16 18:21:45.764944-05	75	Ana1	3		18	1
220	2016-11-16 18:21:45.765624-05	74	Ana1	3		18	1
221	2016-11-16 18:21:45.766308-05	73	Ana1	3		18	1
222	2016-11-16 18:21:45.767007-05	72	Ana1	3		18	1
223	2016-11-16 18:21:45.767696-05	71	Ana1	3		18	1
224	2016-11-16 18:21:45.768369-05	70	Ana1	3		18	1
225	2016-11-16 18:21:45.769092-05	69	Ana1	3		18	1
226	2016-11-16 18:21:45.769743-05	68	Ana1	3		18	1
227	2016-11-16 18:21:45.770382-05	67	Ana1	3		18	1
228	2016-11-16 18:21:45.771004-05	66	Ana1	3		18	1
229	2016-11-16 18:21:45.771617-05	65	Ana1	3		18	1
230	2016-11-16 18:21:45.772225-05	64	Ana1	3		18	1
231	2016-11-16 18:21:45.772791-05	63	Ana1	3		18	1
232	2016-11-16 18:21:45.773352-05	62	Ana1	3		18	1
233	2016-11-16 18:21:45.77393-05	61	Ana1	3		18	1
234	2016-11-16 18:21:45.77448-05	60	Ana1	3		18	1
235	2016-11-16 18:21:45.775168-05	59	Ana1	3		18	1
236	2016-11-16 18:21:45.776016-05	58	Ana1	3		18	1
237	2016-11-16 18:21:45.776969-05	57	Ana1	3		18	1
238	2016-11-16 18:21:45.777754-05	56	Ana1	3		18	1
239	2016-11-16 18:21:45.778502-05	55	Ana1	3		18	1
240	2016-11-16 18:21:45.779195-05	54	Ana1	3		18	1
241	2016-11-16 18:21:45.779837-05	53	Ana1	3		18	1
242	2016-11-16 18:21:45.780745-05	52	Ana1	3		18	1
243	2016-11-16 18:21:45.781464-05	51	Ana1	3		18	1
244	2016-11-16 18:21:45.782181-05	50	Ana1	3		18	1
245	2016-11-16 18:21:45.783016-05	49	jgyj	3		18	1
246	2016-11-16 18:21:45.783763-05	48	jgyj	3		18	1
247	2016-11-16 18:21:45.784503-05	47	jgyj	3		18	1
248	2016-11-16 18:21:45.785226-05	46	jgyj	3		18	1
249	2016-11-16 18:21:45.785908-05	45	jgyj	3		18	1
250	2016-11-16 18:21:45.78653-05	44	jgyj	3		18	1
251	2016-11-16 18:21:45.787143-05	43	ghmhmhm	3		18	1
252	2016-11-16 18:21:45.787756-05	42	dfbdfb	3		18	1
253	2016-11-16 18:21:45.788365-05	41	cdv	3		18	1
254	2016-11-16 18:21:45.788925-05	40	vfvdfv	3		18	1
255	2016-11-16 18:29:23.538473-05	8	Hi-C Analysis	2	Changed field_set.	7	1
256	2016-11-16 18:29:33.374134-05	94	A1	3		18	1
257	2016-11-16 18:46:37.678722-05	16	/Users/nanda/Documents/EclipseWorkspace/clims/cLIMS/media/plots/18AUG16_PE50_HCVLYBB__U54-ESC-FA-20160812-DpnII__hg19.interaction.log.png	3		36	1
258	2016-11-16 18:46:37.682358-05	15	/Users/nanda/Documents/EclipseWorkspace/clims/cLIMS/media/plots/18AUG16_PE50_HCVLYBB__U54-ESC-FA-20160812-DpnII__hg19.moleculeSize.plot.log.png	3		36	1
259	2016-11-16 18:46:37.683614-05	14	/Users/nanda/Documents/EclipseWorkspace/clims/cLIMS/media/plots/18AUG16_PE50_HCVLYBB__U54-ESC-FA-20160812-DpnII__hg19.iterativeMapping.log.png	3		36	1
260	2016-11-16 18:46:37.68464-05	13	/Users/nanda/Documents/EclipseWorkspace/clims/cLIMS/media/plots/18AUG16_PE50_HCVLYBB__U54-ESC-FA-20160812-DpnII__hg19.strandBias.log.png	3		36	1
261	2016-11-16 18:46:57.906168-05	95	A1	3		18	1
262	2016-11-16 18:53:29.524403-05	96	A2	3		18	1
263	2016-11-16 19:30:11.574564-05	8	Hi-C Analysis	2	Changed field_set.	7	1
264	2016-11-17 16:18:16.297185-05	8	Hi-C Analysis	2	Changed field_set.	7	1
265	2016-11-19 11:51:10.553151-05	103	fffff	2	Changed analysis_hiGlass.	18	1
266	2016-11-19 11:51:26.109486-05	103	fffff	2	Changed analysis_hiGlass.	18	1
267	2016-11-19 15:16:54.469714-05	94	technical replicates	1	Added.	8	1
268	2016-11-19 15:17:07.89041-05	95	unspecified	1	Added.	8	1
269	2016-11-19 15:17:20.65607-05	96	sequence files	1	Added.	8	1
270	2016-11-19 15:17:33.808431-05	97	alignment files	1	Added.	8	1
271	2016-11-19 15:17:48.91154-05	98	contact matrices	1	Added.	8	1
272	2016-11-19 15:18:09.594387-05	99	image files (channels)	1	Added.	8	1
273	2016-11-19 15:18:25.745162-05	100	image files (z-series)	1	Added.	8	1
274	2016-11-19 16:16:45.234883-05	101	unspecified	1	Added.	8	1
275	2016-11-19 16:17:07.91485-05	102	replicates	1	Added.	8	1
276	2016-11-19 16:17:20.999611-05	103	biological replicates	1	Added.	8	1
277	2016-11-19 16:17:37.179026-05	104	technical repllicates	1	Added.	8	1
278	2016-11-19 16:17:51.145371-05	105	analysis set	1	Added.	8	1
279	2016-11-19 16:18:03.898456-05	106	publication	1	Added.	8	1
280	2016-11-19 22:08:35.021088-05	1	None	3		27	1
281	2016-11-19 23:09:57.363547-05	9	p1	3		27	1
282	2016-11-19 23:09:57.367254-05	8	p1	3		27	1
283	2016-11-19 23:09:57.368454-05	7	hic experiment	3		27	1
284	2016-11-20 15:09:37.606191-05	3	ram	1	Added.	4	1
285	2016-11-20 15:10:00.872376-05	3	ram	2	Changed first_name, last_name and groups.	4	1
286	2016-11-20 15:10:27.775554-05	4	job	1	Added.	4	1
287	2016-11-20 15:10:45.086319-05	4	job	2	Changed first_name, last_name and groups.	4	1
288	2016-11-20 15:11:06.033283-05	2	hakan	2	Changed first_name and last_name.	4	1
289	2016-11-20 16:13:08.386364-05	9	5C Analysis	1	Added.	7	1
290	2016-11-20 16:44:21.742848-05	9	5C Analysis	2	Changed field_set.	7	1
291	2016-11-20 16:55:40.296599-05	108	5c	3		18	1
292	2016-11-20 16:55:40.300497-05	107	5c	3		18	1
293	2016-11-20 16:55:40.302012-05	106	5c	3		18	1
294	2016-11-20 16:55:40.302955-05	105	5c	3		18	1
295	2016-11-20 16:55:40.303828-05	104	5c	3		18	1
296	2016-11-21 11:16:37.367047-05	10	dscdsc	3		27	1
297	2016-11-21 11:17:03.611339-05	6	Project1	3		9	1
298	2016-11-21 11:17:03.614669-05	5	P1	3		9	1
299	2016-11-21 11:17:03.615641-05	4	ppppooo	3		9	1
300	2016-11-21 11:17:03.616538-05	2	Project123	3		9	1
301	2016-11-21 11:21:44.288865-05	22	Ind1	3		25	1
302	2016-11-21 11:21:44.296417-05	21	ind1	3		25	1
303	2016-11-21 11:21:44.303007-05	20	dcdc	3		25	1
304	2016-11-21 11:21:44.304792-05	19	ind1	3		25	1
305	2016-11-21 11:33:25.075739-05	2	HindIII	1	Added.	26	1
306	2016-11-21 12:26:04.987594-05	3	MboI	1	Added.	26	1
307	2016-11-22 15:38:14.122882-05	5	sss	1	Added.	4	1
\.


--
-- Name: django_admin_log_id_seq; Type: SEQUENCE SET; Schema: public; Owner: dekker_lab
--

SELECT pg_catalog.setval('django_admin_log_id_seq', 307, true);


--
-- Data for Name: django_content_type; Type: TABLE DATA; Schema: public; Owner: dekker_lab
--

COPY django_content_type (id, app_label, model) FROM stdin;
1	admin	logentry
2	auth	permission
3	auth	group
4	auth	user
5	contenttypes	contenttype
6	sessions	session
7	organization	jsonobjfield
8	organization	choice
9	organization	project
10	organization	experiment
11	organization	experimentset
12	organization	publication
13	organization	award
14	organization	tag
15	dryLab	sequencingrun
16	dryLab	seqencingfile
17	dryLab	fileset
18	dryLab	analysis
19	wetLab	document
20	wetLab	vendor
21	wetLab	construct
22	wetLab	genomicregions
23	wetLab	target
24	wetLab	modification
25	wetLab	individual
26	wetLab	enzyme
27	wetLab	protocol
28	wetLab	biosource
29	wetLab	biosample
31	wetLab	barcode
32	wetLab	treatmentrnai
33	wetLab	treatmentchemical
35	wetLab	other
36	dryLab	images
37	dryLab	imageobjects
\.


--
-- Name: django_content_type_id_seq; Type: SEQUENCE SET; Schema: public; Owner: dekker_lab
--

SELECT pg_catalog.setval('django_content_type_id_seq', 37, true);


--
-- Data for Name: django_migrations; Type: TABLE DATA; Schema: public; Owner: dekker_lab
--

COPY django_migrations (id, app, name, applied) FROM stdin;
1	contenttypes	0001_initial	2016-11-02 15:10:10.647495-04
2	auth	0001_initial	2016-11-02 15:10:10.748359-04
3	admin	0001_initial	2016-11-02 15:10:10.774976-04
4	admin	0002_logentry_remove_auto_add	2016-11-02 15:10:10.787123-04
5	contenttypes	0002_remove_content_type_name	2016-11-02 15:10:10.808224-04
6	auth	0002_alter_permission_name_max_length	2016-11-02 15:10:10.816337-04
7	auth	0003_alter_user_email_max_length	2016-11-02 15:10:10.827496-04
8	auth	0004_alter_user_username_opts	2016-11-02 15:10:10.835935-04
9	auth	0005_alter_user_last_login_null	2016-11-02 15:10:10.843273-04
10	auth	0006_require_contenttypes_0002	2016-11-02 15:10:10.844723-04
11	auth	0007_alter_validators_add_error_messages	2016-11-02 15:10:10.854278-04
12	organization	0001_initial	2016-11-02 15:10:10.967224-04
13	organization	0002_project_project_con	2016-11-02 15:10:11.001768-04
14	organization	0003_auto_20161017_2114	2016-11-02 15:10:11.061072-04
15	organization	0004_auto_20161018_1755	2016-11-02 15:10:11.101373-04
16	dryLab	0001_initial	2016-11-02 15:10:11.159839-04
17	dryLab	0002_auto_20161018_1815	2016-11-02 15:10:11.201703-04
18	dryLab	0003_auto_20161018_1823	2016-11-02 15:10:11.223142-04
19	organization	0005_experiment	2016-11-02 15:10:11.268752-04
20	wetLab	0001_initial	2016-11-02 15:10:11.594963-04
21	organization	0006_auto_20161018_1823	2016-11-02 15:10:11.886965-04
22	organization	0007_auto_20161025_1523	2016-11-02 15:10:12.855993-04
23	dryLab	0004_auto_20161018_1843	2016-11-02 15:10:12.885411-04
24	dryLab	0005_auto_20161018_1843	2016-11-02 15:10:12.920202-04
25	dryLab	0006_auto_20161018_1845	2016-11-02 15:10:12.949978-04
26	dryLab	0007_auto_20161025_1523	2016-11-02 15:10:13.387713-04
27	wetLab	0002_auto_20161025_1523	2016-11-02 15:10:14.365882-04
28	dryLab	0008_auto_20161025_1523	2016-11-02 15:10:14.452566-04
29	organization	0008_delete_jsonkeyfield	2016-11-02 15:10:14.457013-04
30	organization	0009_auto_20161025_2039	2016-11-02 15:10:15.098875-04
31	organization	0010_auto_20161025_2126	2016-11-02 15:10:15.130095-04
32	organization	0011_auto_20161025_2133	2016-11-02 15:10:15.397619-04
33	organization	0012_auto_20161025_2134	2016-11-02 15:10:15.427079-04
34	dryLab	0009_auto_20161025_2133	2016-11-02 15:10:15.461158-04
35	dryLab	0010_auto_20161026_2149	2016-11-02 15:10:15.761791-04
36	wetLab	0003_auto_20161025_2133	2016-11-02 15:10:16.299659-04
37	wetLab	0004_auto_20161031_1813	2016-11-02 15:10:16.569946-04
38	wetLab	0005_auto_20161031_1828	2016-11-02 15:10:16.604955-04
39	wetLab	0006_auto_20161031_2148	2016-11-02 15:10:16.731797-04
40	organization	0013_experiment_experiment_enzyme	2016-11-02 15:10:16.792717-04
41	organization	0014_auto_20161102_1847	2016-11-02 15:10:17.412107-04
42	sessions	0001_initial	2016-11-02 15:10:17.429948-04
43	wetLab	0007_auto_20161102_1847	2016-11-02 15:10:20.327527-04
44	wetLab	0008_auto_20161102_1953	2016-11-02 15:53:34.947244-04
45	wetLab	0009_auto_20161103_2053	2016-11-03 16:53:29.058269-04
46	organization	0015_auto_20161103_2054	2016-11-03 16:54:28.365094-04
47	wetLab	0010_auto_20161103_2144	2016-11-03 17:44:58.307852-04
48	wetLab	0011_remove_protocol_protocol_enzyme	2016-11-03 17:54:32.869366-04
49	wetLab	0012_auto_20161103_2227	2016-11-03 18:27:13.322972-04
50	dryLab	0011_auto_20161104_1724	2016-11-04 13:24:24.372508-04
51	organization	0016_auto_20161104_1724	2016-11-04 13:24:25.913194-04
52	wetLab	0013_auto_20161104_1724	2016-11-04 13:24:29.205462-04
53	wetLab	0014_auto_20161107_1544	2016-11-07 10:46:14.538996-05
54	wetLab	0015_auto_20161107_1553	2016-11-07 10:53:24.235399-05
55	wetLab	0016_auto_20161107_1556	2016-11-07 10:56:46.475815-05
56	wetLab	0017_auto_20161107_1626	2016-11-07 11:26:40.472791-05
57	wetLab	0018_auto_20161107_1627	2016-11-07 11:27:21.217527-05
58	organization	0017_remove_publication_publication_exp	2016-11-07 14:16:44.338729-05
59	wetLab	0019_biosample_biosample_treatment	2016-11-07 14:16:48.185339-05
60	wetLab	0020_auto_20161107_1923	2016-11-07 14:23:58.853013-05
61	dryLab	0012_sequencingrun_run_experiment	2016-11-08 09:52:59.587878-05
62	dryLab	0013_sequencingrun_run_barcode	2016-11-08 10:33:57.777371-05
63	dryLab	0014_auto_20161108_1534	2016-11-08 10:34:50.640412-05
64	dryLab	0015_auto_20161108_1545	2016-11-08 10:45:32.909384-05
65	wetLab	0021_auto_20161108_1609	2016-11-08 11:09:38.13497-05
66	wetLab	0022_auto_20161108_2000	2016-11-08 15:00:20.688314-05
67	wetLab	0023_individual_userowner	2016-11-08 15:47:33.943701-05
68	wetLab	0024_auto_20161108_2136	2016-11-08 16:36:59.883613-05
69	dryLab	0016_auto_20161114_2318	2016-11-14 18:18:57.505197-05
70	dryLab	0017_auto_20161114_2319	2016-11-14 18:19:44.065633-05
71	dryLab	0018_auto_20161114_2325	2016-11-14 18:26:00.161039-05
72	dryLab	0019_auto_20161115_1601	2016-11-15 11:01:59.664757-05
73	dryLab	0020_auto_20161115_1742	2016-11-15 12:44:53.16521-05
74	dryLab	0021_auto_20161115_1744	2016-11-15 12:44:57.686298-05
75	dryLab	0022_auto_20161116_1603	2016-11-16 11:03:43.545635-05
76	dryLab	0023_auto_20161116_1619	2016-11-16 11:19:59.362766-05
77	dryLab	0024_auto_20161116_2239	2016-11-16 17:39:50.723608-05
78	dryLab	0025_auto_20161116_2242	2016-11-16 17:42:08.60164-05
79	dryLab	0026_auto_20161117_0015	2016-11-16 19:15:15.676769-05
80	dryLab	0027_auto_20161117_0016	2016-11-16 19:16:02.801811-05
81	dryLab	0028_auto_20161117_0017	2016-11-16 19:17:08.290267-05
82	organization	0018_auto_20161118_1742	2016-11-18 12:42:36.980428-05
83	dryLab	0029_auto_20161118_1742	2016-11-18 12:55:23.368031-05
84	dryLab	0030_remove_seqencingfile_project	2016-11-18 12:55:23.41812-05
85	dryLab	0031_seqencingfile_project	2016-11-18 12:55:23.457937-05
86	dryLab	0032_analysis_analysis_higlass	2016-11-18 18:36:48.881048-05
87	dryLab	0033_auto_20161119_1650	2016-11-19 11:50:08.830712-05
88	dryLab	0034_auto_20161119_2024	2016-11-19 15:24:20.90879-05
89	dryLab	0035_fileset_fileset_name	2016-11-19 15:26:07.039028-05
90	organization	0019_auto_20161119_2027	2016-11-19 15:52:57.053023-05
91	dryLab	0034_remove_fileset_fileset_type	2016-11-19 15:56:29.569114-05
92	organization	0020_auto_20161119_2039	2016-11-19 15:56:29.627295-05
93	organization	0020_auto_20161119_2113	2016-11-19 16:14:41.558709-05
94	dryLab	0035_fileset	2016-11-19 16:14:42.847371-05
95	organization	0021_remove_experimentset_experimentset_type	2016-11-19 16:15:12.237054-05
96	organization	0022_experimentset_experimentset_type	2016-11-19 16:15:43.313562-05
97	dryLab	0036_remove_fileset_fileset_name	2016-11-19 16:23:38.355378-05
98	organization	0023_remove_experimentset_experimentset_name	2016-11-19 16:23:38.458025-05
99	dryLab	0037_fileset_fileset_name	2016-11-19 16:27:34.738424-05
100	organization	0024_experimentset_experimentset_name	2016-11-19 16:27:34.863687-05
101	dryLab	0038_fileset_project	2016-11-19 17:09:44.581619-05
102	organization	0025_auto_20161119_2214	2016-11-19 17:14:12.472881-05
103	organization	0026_auto_20161120_0301	2016-11-19 22:01:27.205456-05
104	organization	0027_auto_20161120_0312	2016-11-19 22:12:49.775957-05
105	organization	0028_auto_20161120_0333	2016-11-19 22:33:51.698282-05
106	dryLab	0039_imageobjects	2016-11-20 14:02:28.662062-05
107	organization	0029_experiment_experiment_imageobjects	2016-11-20 14:02:28.709918-05
108	wetLab	0025_biosample_biosample_imageobjects	2016-11-20 14:02:33.581993-05
109	dryLab	0040_auto_20161120_1915	2016-11-20 14:15:07.293033-05
110	organization	0030_auto_20161120_2024	2016-11-20 15:25:44.967273-05
111	organization	0031_auto_20161120_2024	2016-11-20 15:25:45.033637-05
112	wetLab	0026_auto_20161120_2024	2016-11-20 15:25:49.955252-05
113	wetLab	0027_auto_20161120_2025	2016-11-20 15:25:50.032478-05
114	wetLab	0028_auto_20161121_1629	2016-11-21 11:29:21.479358-05
115	wetLab	0029_auto_20161121_1631	2016-11-21 11:31:56.233215-05
116	wetLab	0030_biosample_biosample_description	2016-11-21 11:55:57.860909-05
\.


--
-- Name: django_migrations_id_seq; Type: SEQUENCE SET; Schema: public; Owner: dekker_lab
--

SELECT pg_catalog.setval('django_migrations_id_seq', 116, true);


--
-- Data for Name: django_session; Type: TABLE DATA; Schema: public; Owner: dekker_lab
--

COPY django_session (session_key, session_data, expire_date) FROM stdin;
c9zrsexceboafutxht2raixd9qduywva	NjMzNDRjNTdiODllNThlMWZkNmM4NTVlM2U2ZDFlYThmMmYyYWM4Mzp7ImV4cGVyaW1lbnRJZCI6IjI2IiwiX2F1dGhfdXNlcl9pZCI6IjEiLCJfYXV0aF91c2VyX2hhc2giOiI3MDZmOTk0ZGEwNjFhYjRiYWZhMDk2MzdiYjllNTExYzU0NTc1NTNjIiwiX2F1dGhfdXNlcl9iYWNrZW5kIjoiZGphbmdvLmNvbnRyaWIuYXV0aC5iYWNrZW5kcy5Nb2RlbEJhY2tlbmQiLCJwcm9qZWN0SWQiOiI3IiwiY3VycmVudEdyb3VwIjoiYWRtaW4ifQ==	2016-12-05 16:33:00.088493-05
b2p5h8q10uhh9jno8a6yps3lamuj0y3u	OTY1OGI3YzgxYTliMjkwZjA1YTgwNTIzYjgwNzFlYTdlNjRlMWU2ZTp7InByb2plY3RJZCI6IjciLCJfYXV0aF91c2VyX2JhY2tlbmQiOiJkamFuZ28uY29udHJpYi5hdXRoLmJhY2tlbmRzLk1vZGVsQmFja2VuZCIsIl9hdXRoX3VzZXJfaGFzaCI6IjcwNmY5OTRkYTA2MWFiNGJhZmEwOTYzN2JiOWU1MTFjNTQ1NzU1M2MiLCJleHBlcmltZW50SWQiOiIyNiIsIl9hdXRoX3VzZXJfaWQiOiIxIiwiY3VycmVudEdyb3VwIjoiYWRtaW4ifQ==	2016-12-06 15:15:21.52987-05
\.


--
-- Data for Name: dryLab_analysis; Type: TABLE DATA; Schema: public; Owner: dekker_lab
--

COPY "dryLab_analysis" (id, analysis_fields, analysis_type_id, analysis_exp_id, analysis_name, analysis_import, "analysis_hiGlass") FROM stdin;
111	"{\\"singleSided\\": 125562849, \\"side1TotalReads\\": 383120273, \\"bounded\\": 12717, \\"enzyme\\": \\"HindIII\\", \\"side2NoMapPer\\": 10.26, \\"iterativeMappingStep\\": 5, \\"numReads\\": 383120273, \\"mapScratchSize\\": \\"1720M\\", \\"iterativeMapping\\": \\"on\\", \\"splitSize\\": 4000000, \\"genomePath\\": \\"/farline/umw_job_dekker/HPCC/cshare/genome/bowtie2/hg19/hg19\\", \\"danglingEnd\\": 4649365, \\"reduceResources\\": \\"long\\", \\"side2UniqueMap\\": 289449957, \\"side1MultiMapPer\\": 14.42, \\"restrictionSite\\": \\"AAGCTT\\", \\"errorPer\\": 0.04, \\"side2NoMap\\": 39293578, \\"time\\": \\"18:2:18, Wed Mar 30, 2016\\", \\"laneName\\": \\"U54M-031116-ESC-R1\\", \\"danglingEndPer\\": 2.04, \\"unMapped\\": 29191092, \\"reduceScratchDir\\": \\"/home/jg14w/farline/scratch\\", \\"boundedPer\\": 0.27, \\"nonRedundantInteractionsPer\\": 68.63, \\"iterativeMappingEnd\\": 50, \\"sameFragmentPer\\": 2.69, \\"internalPer\\": 99.73, \\"computeResource\\": \\"c02b01\\", \\"cMapping\\": \\"/home/jg14w/cMapping/scripts\\", \\"nCPU\\": 384, \\"error\\": 83981, \\"unMappedPer\\": 7.62, \\"totalMolecules\\": 222226983, \\"totalReads\\": 383120273, \\"totalMoleculesPer\\": 100.0, \\"alignmentSoftwarePath\\": \\"/share/pkg/bowtie2/2-2.1.0/bowtie2\\", \\"percentRedundant\\": 31.37, \\"selfCircle\\": 1406003, \\"reduceMemoryNeeded\\": \\"17,384M\\", \\"validPair\\": 222226983, \\"readLength\\": 50, \\"mapResources\\": \\"long\\", \\"validPairRedPer\\": 100.0, \\"bothSideMapped\\": 228366332, \\"side1MultiMap\\": 55232088, \\"internal\\": 4636648, \\"qvEncoding\\": \\"phred33\\", \\"side2File\\": \\"U54-031116-ESC-R1_*_L003_R2_*.fastq.gz\\", \\"alignmentOptions\\": \\"--very-sensitive --no-hd --no-sq --mm --qc-filter\\", \\"UUID\\": \\"ddf2c11c-51b7-4901-84b6-1f4e676c3cbb\\", \\"side2MultiMapPer\\": 14.19, \\"sameFragment\\": 6139349, \\"cType\\": \\"Hi-C\\", \\"bothSideMappedPer\\": 59.61, \\"trans\\": 77420170, \\"genome\\": \\"hg19\\", \\"side2UniqueMapPer\\": 75.55, \\"side2MultiMap\\": 54376738, \\"side1UniqueMap\\": 292845556, \\"redundantInteractionsPer\\": 31.37, \\"splitSizeMegabyte\\": \\"8,692M\\", \\"redundantInteractions\\": 69720369, \\"restrictionFragmentFile\\": \\"/farline/umw_job_dekker/HPCC/cshare/genome/restrictionFragments/hg19/hg19__AAGCTT.txt\\", \\"iterativeMappingStart\\": 25, \\"logDirectory\\": \\"/home/jg14w/lsf_jobs\\", \\"cisPer\\": 65.16, \\"transPer\\": 34.84, \\"selfCirclePer\\": 0.62, \\"jobName\\": \\"22MAR16_BH7JCHBB_PE50__U54M-031116-ESC-R1__hg19\\", \\"side1NoMap\\": 35042629, \\"cis\\": 144806813, \\"side1UniqueMapPer\\": 76.44, \\"laneNum\\": 3, \\"nonRedundantInteractions\\": 152506614, \\"side2AlignmentOptions\\": \\"n/a\\", \\"flowCell\\": \\"22MAR16_BH7JCHBB_PE50\\", \\"validPairRed\\": 222226983, \\"side1NoMapPer\\": 9.15, \\"side2TotalReads\\": 383120273, \\"mapMemoryNeeded\\": \\"16,398M\\", \\"mapScratchDir\\": \\"/tmp\\", \\"genomeSize\\": \\"16,398M\\", \\"side1File\\": \\"U54-031116-ESC-R1_*_L003_R1_*.fastq.gz\\", \\"aligner\\": \\"bowtie2\\", \\"side1AlignmentOptions\\": \\"n/a\\", \\"singleSidedPer\\": 32.77, \\"validPairPer\\": 97.31}"	8	26	c-World Hi-C		uploads/kinetic_detections_fgkCvpj.png
112	"{\\"side1UniqueMap\\": \\"164500613\\", \\"jobName\\": \\"18AUG16_PE50_HCVLYBB__U54-ESC-FA-20160812-DpnII__hg19\\", \\"side1TotalReads\\": \\"234814011\\", \\"nCPU\\": \\"235\\", \\"cisPer\\": \\"33.14\\", \\"time\\": \\"10:8:14, Wed Aug 24, 2016\\", \\"unMapped\\": \\"22960699\\", \\"UUID\\": \\"dcf7009d-8e84-49d2-8972-95dfffeab8fa\\", \\"transPer\\": \\"66.86\\", \\"selfCirclePer\\": \\"0.14\\", \\"totalMolecules\\": \\"115044282\\", \\"errorPer\\": \\"0.27\\", \\"totalReads\\": \\"234814011\\", \\"bothSideMappedPer\\": \\"49.25\\", \\"trans\\": \\"76921677\\", \\"computeResource\\": \\"ghpcc06\\", \\"bounded\\": \\"8249\\", \\"numReads\\": \\"234814011\\", \\"internal\\": \\"119858\\", \\"cType\\": \\"Hi-C\\", \\"qvEncoding\\": \\"phred33\\", \\"side2UniqueMap\\": \\"163009540\\", \\"splitSize\\": \\"4000000\\", \\"danglingEnd\\": \\"128107\\", \\"side1NoMap\\": \\"20811736\\", \\"restrictionFragmentFile\\": \\"/farline/umw_job_dekker/HPCC/tmp_cshare/genome/restrictionFragments/hg19/hg19__GATC.txt\\", \\"side1NoMapPer\\": \\"8.86\\", \\"side2File\\": \\"U54-ESC-FA81216DpnII_*_L001_R2_*.fastq.gz\\", \\"nonRedundantInteractions\\": \\"63010031\\", \\"reduceResources\\": \\"long\\", \\"alignmentOptions\\": \\"--very-sensitive --no-hd --no-sq --mm --qc-filter\\", \\"splitSizeMegabyte\\": \\"8,692M\\", \\"sameFragment\\": \\"612559\\", \\"nonRedundantInteractionsPer\\": \\"54.77\\", \\"reduceMemoryNeeded\\": \\"17,384M\\", \\"validPair\\": \\"115044282\\", \\"readLength\\": \\"50\\", \\"cMapping\\": \\"/home/jg14w/cMapping/scripts\\", \\"mapScratchDir\\": \\"/tmp\\", \\"flowCell\\": \\"18AUG16_PE50_HCVLYBB\\", \\"laneName\\": \\"U54-ESC-FA-20160812-DpnII\\", \\"iterativeMappingStep\\": \\"5\\", \\"mapMemoryNeeded\\": \\"16,398M\\", \\"side2MultiMapPer\\": \\"20.5\\", \\"mapResources\\": \\"long\\", \\"enzyme\\": \\"DpnII\\", \\"percentRedundant\\": \\"45.23\\", \\"side1MultiMap\\": \\"49501662\\", \\"iterativeMappingStart\\": \\"25\\", \\"singleSidedPer\\": \\"40.97\\", \\"side2TotalReads\\": \\"234814011\\", \\"boundedPer\\": \\"6.44\\", \\"iterativeMapping\\": \\"on\\", \\"redundantInteractionsPer\\": \\"45.23\\", \\"side1MultiMapPer\\": \\"21.08\\", \\"side2MultiMap\\": \\"48132717\\", \\"mapScratchSize\\": \\"7440M\\", \\"singleSided\\": \\"96196471\\", \\"validPairPer\\": \\"99.47\\", \\"error\\": \\"317207\\", \\"internalPer\\": \\"93.56\\", \\"aligner\\": \\"bowtie2\\", \\"reduceScratchDir\\": \\"/home/jg14w/farline/scratch\\", \\"side2AlignmentOptions\\": \\"n/a\\", \\"side1File\\": \\"U54-ESC-FA81216DpnII_*_L001_R1_*.fastq.gz\\", \\"validPairRedPer\\": \\"100\\", \\"genome\\": \\"hg19\\", \\"iterativeMappingEnd\\": \\"50\\", \\"sameFragmentPer\\": \\"0.53\\", \\"unMappedPer\\": \\"9.78\\", \\"logDirectory\\": \\"/farline/umw_job_dekker/HPCC/tmp_cshare/cWorld-logs\\", \\"genomeSize\\": \\"16,398M\\", \\"genomePath\\": \\"/farline/umw_job_dekker/HPCC/tmp_cshare/genome/bowtie2/hg19/hg19\\", \\"side2NoMapPer\\": \\"10.08\\", \\"validPairRed\\": \\"115044282\\", \\"danglingEndPer\\": \\"0.11\\", \\"side1AlignmentOptions\\": \\"n/a\\", \\"restrictionSite\\": \\"GATC\\", \\"cis\\": \\"38122605\\", \\"side2NoMap\\": \\"23671754\\", \\"bothSideMapped\\": \\"115656841\\", \\"redundantInteractions\\": \\"52034251\\", \\"alignmentSoftwarePath\\": \\"/share/pkg/bowtie2/2-2.1.0/bowtie2\\", \\"totalMoleculesPer\\": \\"100\\", \\"selfCircle\\": \\"167245\\", \\"side1UniqueMapPer\\": \\"70.06\\", \\"side2UniqueMapPer\\": \\"69.42\\", \\"laneNum\\": \\"1\\"}"	8	27	c-World Hi-C-DpnII		uploads/gel_zWnQPbK.png
\.


--
-- Data for Name: dryLab_analysis_analysis_file; Type: TABLE DATA; Schema: public; Owner: dekker_lab
--

COPY "dryLab_analysis_analysis_file" (id, analysis_id, seqencingfile_id) FROM stdin;
18	111	6
19	111	7
20	112	8
21	112	9
\.


--
-- Name: dryLab_analysis_analysis_file_id_seq; Type: SEQUENCE SET; Schema: public; Owner: dekker_lab
--

SELECT pg_catalog.setval('"dryLab_analysis_analysis_file_id_seq"', 21, true);


--
-- Name: dryLab_analysis_id_seq; Type: SEQUENCE SET; Schema: public; Owner: dekker_lab
--

SELECT pg_catalog.setval('"dryLab_analysis_id_seq"', 112, true);


--
-- Data for Name: dryLab_fileset; Type: TABLE DATA; Schema: public; Owner: dekker_lab
--

COPY "dryLab_fileset" (id, fileset_description, fileset_type_id, "fileSet_name", project_id) FROM stdin;
4		96	HindIII exp	7
3		96	DpnII exp	7
\.


--
-- Data for Name: dryLab_fileset_fileSet_file; Type: TABLE DATA; Schema: public; Owner: dekker_lab
--

COPY "dryLab_fileset_fileSet_file" (id, fileset_id, seqencingfile_id) FROM stdin;
4	3	8
5	3	9
6	4	6
7	4	7
\.


--
-- Name: dryLab_fileset_fileSet_file_id_seq; Type: SEQUENCE SET; Schema: public; Owner: dekker_lab
--

SELECT pg_catalog.setval('"dryLab_fileset_fileSet_file_id_seq"', 7, true);


--
-- Name: dryLab_fileset_id_seq; Type: SEQUENCE SET; Schema: public; Owner: dekker_lab
--

SELECT pg_catalog.setval('"dryLab_fileset_id_seq"', 4, true);


--
-- Data for Name: dryLab_imageobjects; Type: TABLE DATA; Schema: public; Owner: dekker_lab
--

COPY "dryLab_imageobjects" (id, "imageObjects_images", project_id, "imageObjects_name") FROM stdin;
7	uploads/image001.png	7	gel Image
8	uploads/image002.png	7	fragment analyzer image
9	uploads/gI_125810_cell-growth.png	7	cell image
\.


--
-- Name: dryLab_imageobjects_id_seq; Type: SEQUENCE SET; Schema: public; Owner: dekker_lab
--

SELECT pg_catalog.setval('"dryLab_imageobjects_id_seq"', 9, true);


--
-- Data for Name: dryLab_images; Type: TABLE DATA; Schema: public; Owner: dekker_lab
--

COPY "dryLab_images" (id, image_path, image_analysis_id) FROM stdin;
53	/media/plots/22MAR16_BH7JCHBB_PE50__U54M-031116-ESC-R1__hg19.iterativeMapping.log.png	111
54	/media/plots/22MAR16_BH7JCHBB_PE50__U54M-031116-ESC-R1__hg19.strandBias.log.png	111
55	/media/plots/22MAR16_BH7JCHBB_PE50__U54M-031116-ESC-R1__hg19.moleculeSize.plot.log.png	111
56	/media/plots/22MAR16_BH7JCHBB_PE50__U54M-031116-ESC-R1__hg19.interaction.log.png	111
57	/media/plots/18AUG16_PE50_HCVLYBB__U54-ESC-FA-20160812-DpnII__hg19.strandBias.log.png	112
58	/media/plots/18AUG16_PE50_HCVLYBB__U54-ESC-FA-20160812-DpnII__hg19.iterativeMapping.log.png	112
59	/media/plots/18AUG16_PE50_HCVLYBB__U54-ESC-FA-20160812-DpnII__hg19.moleculeSize.plot.log.png	112
60	/media/plots/18AUG16_PE50_HCVLYBB__U54-ESC-FA-20160812-DpnII__hg19.interaction.log.png	112
\.


--
-- Name: dryLab_images_id_seq; Type: SEQUENCE SET; Schema: public; Owner: dekker_lab
--

SELECT pg_catalog.setval('"dryLab_images_id_seq"', 60, true);


--
-- Data for Name: dryLab_seqencingfile; Type: TABLE DATA; Schema: public; Owner: dekker_lab
--

COPY "dryLab_seqencingfile" (id, "sequencingFile_mainPath", "sequencingFile_backupPath", "sequencingFile_sha256sum", "sequencingFile_md5sum", "sequencingFile_name", "sequencingFile_run_id", "sequencingFile_exp_id", project_id) FROM stdin;
6	/farline/umw_job_dekker/HPCC/tmp_cShare/U54-031116-ESC/U54-031116-ESC-R1_*_L003_R1_*.fastq.gz	/s4s//farline/umw_job_dekker/HPCC/tmp_cShare/U54-031116-ESC/U54-031116-ESC-R1_*_L003_R1_*.fastq.gz	diuwdiued788798	hewifu9283ydhjhkj	U54-031116-ESC-R1_*_L003_R1_*.fastq.gz	16	26	7
7	/farline/umw_job_dekker/HPCC/tmp_cShare/U54-031116-ESC/U54-031116-ESC-R1_*_L003_R2_*.fastq.gz	/s4s//farline/umw_job_dekker/HPCC/tmp_cShare/U54-031116-ESC/U54-031116-ESC-R1_*_L003_R2_*.fastq.gz	diuwdiued788798	hewifu9283ydhjhkj	U54-031116-ESC-R1_*_L003_R2_*.fastq.gz	16	26	7
8	/farline/umw_job_dekker/HPCC/tmp_cShare/U54-031116-ESC/U54-ESC-FA81216DpnII_*_L001_R1_*.fastq.gz	/s4s//farline/umw_job_dekker/HPCC/tmp_cShare/U54-031116-ESC/U54-ESC-FA81216DpnII_*_L001_R1_*.fastq.gz	diuwdiued788798	hewifu9283ydhjhkj	U54-ESC-FA81216DpnII_*_L001_R1_*.fastq.gz	17	27	7
9	/farline/umw_job_dekker/HPCC/tmp_cShare/U54-031116-ESC/U54-ESC-FA81216DpnII_*_L001_R2_*.fastq.gz	/s4s//farline/umw_job_dekker/HPCC/tmp_cShare/U54-031116-ESC/U54-ESC-FA81216DpnII_*_L001_R2_*.fastq.gz	diuwdiued788798	hewifu9283ydhjhkj	U54-ESC-FA81216DpnII_*_L001_R2_*.fastq.gz	17	27	7
\.


--
-- Name: dryLab_seqencingfile_id_seq; Type: SEQUENCE SET; Schema: public; Owner: dekker_lab
--

SELECT pg_catalog.setval('"dryLab_seqencingfile_id_seq"', 9, true);


--
-- Data for Name: dryLab_sequencingrun; Type: TABLE DATA; Schema: public; Owner: dekker_lab
--

COPY "dryLab_sequencingrun" (id, run_name, project_id, "run_Add_Barcode", run_retrieval_date, run_submission_date, run_approved, run_submitted, run_sequencing_center_id, run_sequencing_platform_id) FROM stdin;
17	U54-ESC-FA-20160812-DpnII	7	detailProject	2016-08-24	2016-08-01	t	t	93	91
16	U54M-031116-ESC-R1	7	detailProject	2016-03-30	2016-03-20	t	t	93	91
\.


--
-- Name: dryLab_sequencingrun_id_seq; Type: SEQUENCE SET; Schema: public; Owner: dekker_lab
--

SELECT pg_catalog.setval('"dryLab_sequencingrun_id_seq"', 17, true);


--
-- Data for Name: dryLab_sequencingrun_run_Experiment; Type: TABLE DATA; Schema: public; Owner: dekker_lab
--

COPY "dryLab_sequencingrun_run_Experiment" (id, sequencingrun_id, experiment_id) FROM stdin;
14	16	26
15	17	27
\.


--
-- Name: dryLab_sequencingrun_run_Experiment_id_seq; Type: SEQUENCE SET; Schema: public; Owner: dekker_lab
--

SELECT pg_catalog.setval('"dryLab_sequencingrun_run_Experiment_id_seq"', 15, true);


--
-- Data for Name: organization_award; Type: TABLE DATA; Schema: public; Owner: dekker_lab
--

COPY organization_award (id, award_name) FROM stdin;
\.


--
-- Data for Name: organization_award_award_exp; Type: TABLE DATA; Schema: public; Owner: dekker_lab
--

COPY organization_award_award_exp (id, award_id, experiment_id) FROM stdin;
\.


--
-- Name: organization_award_award_exp_id_seq; Type: SEQUENCE SET; Schema: public; Owner: dekker_lab
--

SELECT pg_catalog.setval('organization_award_award_exp_id_seq', 1, false);


--
-- Data for Name: organization_award_award_project; Type: TABLE DATA; Schema: public; Owner: dekker_lab
--

COPY organization_award_award_project (id, award_id, project_id) FROM stdin;
\.


--
-- Name: organization_award_award_project_id_seq; Type: SEQUENCE SET; Schema: public; Owner: dekker_lab
--

SELECT pg_catalog.setval('organization_award_award_project_id_seq', 1, false);


--
-- Name: organization_award_id_seq; Type: SEQUENCE SET; Schema: public; Owner: dekker_lab
--

SELECT pg_catalog.setval('organization_award_id_seq', 1, false);


--
-- Data for Name: organization_choice; Type: TABLE DATA; Schema: public; Owner: dekker_lab
--

COPY organization_choice (id, choice_name, choice_type, choice_description) FROM stdin;
1	excision protocol	document_type	
2	general protocol	document_type	
3	treatment protocol	document_type	
4	data sheet	document_type	
5	dedifferentiation protocol	document_type	
6	differentiation protocol	document_type	
7	data QA	document_type	
8	certificate of analysis	document_type	
9	extraction protocol	document_type	
10	growth protocol	document_type	
14	Stable Transfection	modification_type	
13	crispr construct	construct_type	
12	rnai construct	construct_type	
11	tagging construct	construct_type	
16	stem cell	biosource_type	
17	whole organisms	biosource_type	
18	induced pluripotent stem cell line	biosource_type	
19	in vitro differentiated cells	biosource_type	
20	tissue	biosource_type	
21	primary cell	biosource_type	
22	immortalized cell line	biosource_type	
23	Tire 1	biosource_cell_line_tier	
24	Tier 2	biosource_cell_line_tier	
25	Unclassified	biosource_cell_line_tier	
15	Crispr	modification_type	
27	Other	modification_type	
28	1	genomicRegions_chromosome	
29	2	genomicRegions_chromosome	
30	3	genomicRegions_chromosome	
31	4	genomicRegions_chromosome	
32	5	genomicRegions_chromosome	
33	6	genomicRegions_chromosome	
34	7	genomicRegions_chromosome	
35	8	genomicRegions_chromosome	
36	9	genomicRegions_chromosome	
37	10	genomicRegions_chromosome	
38	11	genomicRegions_chromosome	
39	12	genomicRegions_chromosome	
40	13	genomicRegions_chromosome	
41	14	genomicRegions_chromosome	
42	15	genomicRegions_chromosome	
43	16	genomicRegions_chromosome	
44	17	genomicRegions_chromosome	
45	18	genomicRegions_chromosome	
46	19	genomicRegions_chromosome	
47	20	genomicRegions_chromosome	
48	21	genomicRegions_chromosome	
49	22	genomicRegions_chromosome	
50	X	genomicRegions_chromosome	
51	Y	genomicRegions_chromosome	
52	GRCh38	genomicRegions_genome_assembly	
53	GRCh37	genomicRegions_genome_assembly	
54	GRCm38	genomicRegions_genome_assembly	
55	MGSCv37	genomicRegions_genome_assembly	
56	Treatment Document	document_type	
57	Individual Document	document_type	
58	shRNA	treatmentRnai_rnai_type	
59	siRNA	treatmentRnai_rnai_type	
60	pM	treatmentChemical_concentration_units	
61	nM	treatmentChemical_concentration_units	
62	M	treatmentChemical_concentration_units	
63	g/mL	treatmentChemical_concentration_units	
64	mM	treatmentChemical_concentration_units	
65	mg/mL	treatmentChemical_concentration_units	
66	ng/mL	treatmentChemical_concentration_units	
67	M	treatmentChemical_concentration_units	
68	percent	treatmentChemical_concentration_units	
69	units	treatmentChemical_concentration_units	
70	U/mL	treatmentChemical_concentration_units	
71	second	treatmentChemical_duration_units	
72	minute	treatmentChemical_duration_units	
73	hour	treatmentChemical_duration_units	
74	day	treatmentChemical_duration_units	
75	TreatmentRnai	biosample_treatment	
76	TreatmentChemical	biosample_treatment	
77	Other	biosample_treatment	
78	None	biosample_treatment	
79	Index 1-ATCACG	barcode	
80	Index 2-CGATGT	barcode	
81	Index 3-TTAGGC	barcode	
82	Index 4-TGACCA	barcode	
83	Index 5-ACAGTG	barcode	
84	Index 6-GCCAAT	barcode	
85	Index 7-CAGATC	barcode	
86	Index 8-ACTTGA	barcode	
87	Index 9-GATCAG	barcode	
88	Index 10-TAGCTT	barcode	
89	Index 11-GGCTAC	barcode	
90	Index 12-CTTGTA	barcode	
91	Illumina HiSeq 4000  (C-Monster)	run_sequencing_platform	
92	Sanger Sequencing	run_sequencing_platform	
93	UMass Deep Sequencing Core	run_sequencing_center	
94	technical replicates	fileset_type	
95	unspecified	fileset_type	
96	sequence files	fileset_type	
97	alignment files	fileset_type	
98	contact matrices	fileset_type	
99	image files (channels)	fileset_type	
100	image files (z-series)	fileset_type	
101	unspecified	experimentSet_type	
102	replicates	experimentSet_type	
103	biological replicates	experimentSet_type	
104	technical repllicates	experimentSet_type	
105	analysis set	experimentSet_type	
106	publication	experimentSet_type	
\.


--
-- Name: organization_choice_id_seq; Type: SEQUENCE SET; Schema: public; Owner: dekker_lab
--

SELECT pg_catalog.setval('organization_choice_id_seq', 106, true);


--
-- Data for Name: organization_experiment; Type: TABLE DATA; Schema: public; Owner: dekker_lab
--

COPY organization_experiment (id, experiment_name, experiment_biosample_id, project_id, experiment_protocol_id, experiment_description, experiment_enzyme_id, dbxrefs, documents_id, references_id, url) FROM stdin;
28	ExperimentHiC-MboI	22	8	13		3		\N	\N	
26	ExperimentHiC-HindIII	21	7	11		2		\N	\N	
27	ExperimentHiC-Dpn||	21	7	12		1		\N	\N	
\.


--
-- Data for Name: organization_experiment_experiment_imageObjects; Type: TABLE DATA; Schema: public; Owner: dekker_lab
--

COPY "organization_experiment_experiment_imageObjects" (id, experiment_id, imageobjects_id) FROM stdin;
3	27	8
4	27	7
5	26	8
6	26	7
\.


--
-- Name: organization_experiment_experiment_imageObjects_id_seq; Type: SEQUENCE SET; Schema: public; Owner: dekker_lab
--

SELECT pg_catalog.setval('"organization_experiment_experiment_imageObjects_id_seq"', 6, true);


--
-- Name: organization_experiment_id_seq; Type: SEQUENCE SET; Schema: public; Owner: dekker_lab
--

SELECT pg_catalog.setval('organization_experiment_id_seq', 28, true);


--
-- Data for Name: organization_experimentset; Type: TABLE DATA; Schema: public; Owner: dekker_lab
--

COPY organization_experimentset (id, "experimentSet_description", "experimentSet_type_id", "experimentSet_name", project_id) FROM stdin;
7		101	DpnII exp	7
\.


--
-- Data for Name: organization_experimentset_experimentSet_exp; Type: TABLE DATA; Schema: public; Owner: dekker_lab
--

COPY "organization_experimentset_experimentSet_exp" (id, experimentset_id, experiment_id) FROM stdin;
8	7	27
\.


--
-- Name: organization_experimentset_experimentSet_exp_id_seq; Type: SEQUENCE SET; Schema: public; Owner: dekker_lab
--

SELECT pg_catalog.setval('"organization_experimentset_experimentSet_exp_id_seq"', 8, true);


--
-- Name: organization_experimentset_id_seq; Type: SEQUENCE SET; Schema: public; Owner: dekker_lab
--

SELECT pg_catalog.setval('organization_experimentset_id_seq', 7, true);


--
-- Data for Name: organization_jsonobjfield; Type: TABLE DATA; Schema: public; Owner: dekker_lab
--

COPY organization_jsonobjfield (id, field_name, field_type, field_set, "jsonField_description") FROM stdin;
3	BiosampleCellCulture	Biosample	{"dbxrefs": {"data": "array", "help": "Unique identifiers from external resources.", "required": "no"}, "karyotype": {"data": "string", "help": "Chromosome count and any noted rearrangements or copy number variation", "required": "no"}, "passage_number": {"data": "integer", "help": "Number of passages of the cell culture", "required": "no"}, "starting_amount": {"data": "integer", "help": "The initial quantity of cells used for the culture.", "required": "no"}, "culture_duration": {"data": "number", "help": "Time cells in culture since first thaw", "required": "no"}, "culture_start_date": {"data": "string", "help": "The date the culture was started.", "required": "yes"}, "differentiation_state": {"data": "string", "help": "Description of markers used to determine the differentiation state of embryonic stem cells.", "required": "no"}, "starting_amount_units": {"data": "integer", "choices": {"1": "cells", "2": "g", "3": "mg", "4": "g"}, "required": "no"}, "synchronization_stage": {"data": "string", "help": "Cell cycle stage at which culture is synchronized", "required": "no"}, "culture_duration_units": {"data": "choices", "choices": {"1": "minutes", "2": "hours", "3": "days", "4": "weeks", "5": "months", "6": "years"}, "required": "no"}}	
4	IndividualHuman	Individual	{"age": {"data": "number", "help": "The age of the individual when biological material was sampled.", "required": "no"}, "sex": {"data": "choices", "choices": {"1": "male", "2": "female", "3": "unknown", "4": "mixed"}, "required": "no"}, "age_units": {"data": "choices", "choices": {"1": "day", "2": "week", "3": "month", "4": "year"}, "required": "no"}, "ethnicity": {"data": "string", "required": "no"}, "health_status": {"data": "choices", "choices": {"1": "fetal", "2": "newborn", "3": "child", "4": "adult", "5": "unknown", "6": "embryonic", "7": "postnatal"}, "required": "no"}}	
5	IndividualMouse	Individual	{"age": {"data": "number", "help": "The age of the individual when biological material was sampled.", "required": "no"}, "sex": {"data": "choices", "choices": {"1": "male", "2": "female", "3": "unknown", "4": "mixed"}, "required": "no"}, "age_units": {"data": "choices", "choices": {"1": "day", "2": "week", "3": "month", "4": "year"}, "required": "no"}, "mouse_strain": {"data": "string", "help": "Can be an object of straing with dbxref for strain", "required": "no"}, "mouse_life_stage": {"data": "choices", "choices": {"1": "pup", "2": "fetus", "3": "adult"}, "required": "no"}}	
6	None	None	{"None": ""}	
7	CRISPR Protocol	Protocol	\N	
9	5C Analysis	Analysis	{"UUID": {"data": "integer", "help": "", "order": 4, "required": "no"}, "nCPU": {"data": "integer", "help": "", "order": 12, "required": "no"}, "time": {"data": "string", "help": "", "order": 1, "required": "no"}, "cType": {"data": "string", "help": "", "order": 2, "required": "no"}, "fHomo": {"data": "integer", "help": "", "order": 52, "required": "no"}, "rHomo": {"data": "integer", "help": "", "order": 54, "required": "no"}, "same1": {"data": "integer", "help": "", "order": 56, "required": "no"}, "same2": {"data": "integer", "help": "", "order": 57, "required": "no"}, "same3": {"data": "integer", "help": "", "order": 58, "required": "no"}, "same4": {"data": "integer", "help": "", "order": 59, "required": "no"}, "enzyme": {"data": "string", "help": "", "order": 31, "required": "no"}, "genome": {"data": "string", "help": "", "order": 34, "required": "no"}, "aligner": {"data": "string", "help": "", "order": 26, "required": "no"}, "jobName": {"data": "string", "help": "", "order": 15, "required": "no"}, "laneNum": {"data": "integer", "help": "", "order": 18, "required": "no"}, "cMapping": {"data": "string", "help": "", "order": 5, "required": "no"}, "fHomoPer": {"data": "float", "help": "", "order": 53, "required": "no"}, "flowCell": {"data": "string", "help": "", "order": 16, "required": "no"}, "laneName": {"data": "string", "help": "", "order": 17, "required": "no"}, "numReads": {"data": "integer", "help": "", "order": 23, "required": "no"}, "rHomoPer": {"data": "float", "help": "", "order": 55, "required": "no"}, "side1File": {"data": "string", "help": "", "order": 19, "required": "no"}, "side2File": {"data": "string", "help": "", "order": 20, "required": "no"}, "splitSize": {"data": "integer", "help": "", "order": 24, "required": "no"}, "different1": {"data": "integer", "help": "", "order": 60, "required": "no"}, "different2": {"data": "integer", "help": "", "order": 61, "required": "no"}, "different3": {"data": "integer", "help": "", "order": 62, "required": "no"}, "different4": {"data": "integer", "help": "", "order": 63, "required": "no"}, "errorPairs": {"data": "integer", "help": "", "order": 48, "required": "no"}, "genomePath": {"data": "string", "help": "", "order": 35, "required": "no"}, "genomeSize": {"data": "string", "help": "", "order": 36, "required": "no"}, "qvEncoding": {"data": "string", "help": "", "order": 22, "required": "no"}, "readLength": {"data": "integer", "help": "", "order": 21, "required": "no"}, "validPairs": {"data": "integer", "help": "", "order": 50, "required": "no"}, "numRawReads": {"data": "string", "help": "", "order": 37, "required": "no"}, "side1Mapped": {"data": "integer", "help": "", "order": 38, "required": "no"}, "side2Mapped": {"data": "integer", "help": "", "order": 40, "required": "no"}, "invalidPairs": {"data": "integer", "help": "", "order": 50, "required": "no"}, "logDirectory": {"data": "string", "help": "", "order": 3, "required": "no"}, "mapResources": {"data": "string", "help": "", "order": 8, "required": "no"}, "noSideMapped": {"data": "integer", "help": "", "order": 42, "required": "no"}, "errorPairsPer": {"data": "float", "help": "", "order": 49, "required": "no"}, "mapScratchDir": {"data": "string", "help": "", "order": 10, "required": "no"}, "oneSideMapped": {"data": "integer", "help": "", "order": 44, "required": "no"}, "validPairsPer": {"data": "float", "help": "", "order": 51, "required": "no"}, "bothSideMapped": {"data": "integer", "help": "", "order": 46, "required": "no"}, "mapScratchSize": {"data": "string", "help": "", "order": 11, "required": "no"}, "side1MappedPer": {"data": "float", "help": "", "order": 39, "required": "no"}, "side2MappedPer": {"data": "float", "help": "", "order": 41, "required": "no"}, "computeResource": {"data": "string", "help": "", "order": 6, "required": "no"}, "invalidPairsPer": {"data": "float", "help": "", "order": 51, "required": "no"}, "mapMemoryNeeded": {"data": "string", "help": "", "order": 14, "required": "no"}, "noSideMappedPer": {"data": "float", "help": "", "order": 43, "required": "no"}, "reduceResources": {"data": "string", "help": "", "order": 7, "required": "no"}, "restrictionSite": {"data": "string", "help": "", "order": 32, "required": "no"}, "alignmentOptions": {"data": "string", "help": "", "order": 28, "required": "no"}, "oneSideMappedPer": {"data": "float", "help": "", "order": 45, "required": "no"}, "reduceScratchDir": {"data": "string", "help": "", "order": 9, "required": "no"}, "bothSideMappedPer": {"data": "float", "help": "", "order": 47, "required": "no"}, "splitSizeMegabyte": {"data": "string", "help": "", "order": 25, "required": "no"}, "reduceMemoryNeeded": {"data": "string", "help": "", "order": 13, "required": "no"}, "alignmentSoftwarePath": {"data": "string", "help": "", "order": 27, "required": "no"}, "side1AlignmentOptions": {"data": "string", "help": "", "order": 29, "required": "no"}, "side2AlignmentOptions": {"data": "string", "help": "", "order": 30, "required": "no"}, "restrictionFragmentFile": {"data": "string", "help": "", "order": 33, "required": "no"}}	
2	Hi-C Protocol	Protocol	{"dbxrefs": {"data": "Array", "help": "Unique identifiers from external resources.", "required": "no"}, "ligation_time": {"data": "number", "help": "Time of ligation step in minutes", "required": "no"}, "digestion_time": {"data": "number", "help": "Time of digestion step in minutes", "required": "no"}, "tagging_method": {"data": "string", "help": "Information on the biotinylated base used or other tagging info", "required": "no"}, "experiment_type": {"data": "choices", "help": "A controlled term specifying the type of experiment.", "choices": {"1": "in situ Hi-C", "2": "dilution Hi-C", "3": "micro-C", "4": "DNase Hi-C"}, "required": "yes"}, "ligation_volume": {"data": "number", "help": "Volume of ligation step in milliliters", "required": "no"}, "crosslinking_time": {"data": "number", "help": "Time of crosslinking step in minutes", "required": "no"}, "enzyme_lot_number": {"data": "string", "help": "Lot number of batch of enzyme used to digest DNA", "required": "no"}, "crosslinking_method": {"data": "choices", "help": "Term used for the method for crosslinking chromatin", "choices": {"1": "none", "2": "1% Formaldehyde", "3": "1.3% Formaldehyde"}, "required": "no"}, "fragment_size_range": {"data": "string", "help": "The measured size range of the purified nucleic acid, in bp.", "required": "no"}, "fragmentation_method": {"data": "choices", "help": "A short description or reference of the nucleic acid fragmentation protocol used in library preparation, if applicable.", "choices": {"1": "chemical", "2": "shearing", "3": "sonication", "4": "see protocol document", "5": "none", "6": "n/a"}, "required": "no"}, "ligation_temperature": {"data": "number", "help": "Temperature of ligation step in degrees Celsius", "required": "no"}, "average_fragment_size": {"data": "integer", "help": "Size of average fragment in base pairs after fragmentation step", "required": "no"}, "digestion_temperature": {"data": "number", "help": "Temperature of digestion step in degrees Celsius", "required": "no"}, "crosslinking_temperature": {"data": "number", "help": "Temperature of crosslinking step in degrees Celsius", "required": "no"}, "library_preparation_date": {"Date": "YYYY-MM-DD", "data": "date", "help": "The date that the library was prepared - submitted", "required": "no"}, "fragment_size_selection_method": {"data": "choices", "help": "A short description or reference of the size selection protocol used in library preparation, if applicable.", "choices": {"1": "gel", "2": "see document", "3": "SPRI beads"}, "required": "no"}}	
1	CaptureC Protocol	Protocol	{"dbxrefs": {"data": "Array", "help": "Unique identifiers from external resources.", "required": "no"}, "ligation_time": {"data": "number", "help": "Time of ligation step in minutes", "required": "no"}, "digestion_time": {"data": "number", "help": "Time of digestion step in minutes", "required": "no"}, "tagging_method": {"data": "string", "help": "Information on the biotinylated base used or other tagging info", "required": "no"}, "experiment_type": {"data": "choices", "help": "A controlled term specifying the type of experiment.", "choices": {"1": "capture Hi-C"}, "required": "yes"}, "ligation_volume": {"data": "number", "help": "Volume of ligation step in milliliters", "required": "no"}, "crosslinking_time": {"data": "number", "help": "Time of crosslinking step in minutes", "required": "no"}, "enzyme_lot_number": {"data": "string", "help": "Lot number of batch of enzyme used to digest DNA", "required": "no"}, "crosslinking_method": {"data": "choices", "help": "Term used for the method for crosslinking chromatin", "choices": {"1": "none", "2": "1% Formaldehyde", "3": "1.3% Formaldehyde"}, "required": "no"}, "fragment_size_range": {"data": "string", "help": "The measured size range of the purified nucleic acid, in bp.", "required": "no"}, "fragmentation_method": {"data": "choices", "help": "A short description or reference of the nucleic acid fragmentation protocol used in library preparation, if applicable.", "choices": {"1": "chemical", "2": "shearing", "3": "sonication", "4": "see protocol document", "5": "none", "6": "n/a"}, "required": "no"}, "ligation_temperature": {"data": "number", "help": "Temperature of ligation step in degrees Celsius", "required": "no"}, "average_fragment_size": {"data": "integer", "help": "Size of average fragment in base pairs after fragmentation step", "required": "no"}, "digestion_temperature": {"data": "number", "help": "Temperature of digestion step in degrees Celsius", "required": "no"}, "crosslinking_temperature": {"data": "number", "help": "Temperature of crosslinking step in degrees Celsius", "required": "no"}, "library_preparation_date": {"Date": "YYYY-MM-DD", "data": "date", "help": "The date that the library was prepared - submitted", "required": "no"}, "fragment_size_selection_method": {"data": "choices", "help": "A short description or reference of the size selection protocol used in library preparation, if applicable.", "choices": {"1": "gel", "2": "see document", "3": "SPRI beads"}, "required": "no"}}	
8	Hi-C Analysis	Analysis	{"cis": {"data": "integer", "help": "", "order": 76, "required": "no"}, "UUID": {"data": "integer", "help": "", "order": 4, "required": "no"}, "nCPU": {"data": "integer", "help": "", "order": 12, "required": "no"}, "time": {"data": "string", "help": "", "order": 1, "required": "no"}, "cType": {"data": "string", "help": "", "order": 2, "required": "no"}, "error": {"data": "integer", "help": "", "order": 72, "required": "no"}, "trans": {"data": "integer", "help": "", "order": 78, "required": "no"}, "cisPer": {"data": "float", "help": "", "order": 77, "required": "no"}, "enzyme": {"data": "string", "help": "", "order": 31, "required": "no"}, "genome": {"data": "string", "help": "", "order": 34, "required": "no"}, "aligner": {"data": "string", "help": "", "order": 26, "required": "no"}, "bounded": {"data": "integer", "help": "", "order": 68, "required": "no"}, "jobName": {"data": "string", "help": "", "order": 15, "required": "no"}, "laneNum": {"data": "integer", "help": "", "order": 18, "required": "no"}, "cMapping": {"data": "string", "help": "", "order": 5, "required": "no"}, "errorPer": {"data": "float", "help": "", "order": 73, "required": "no"}, "flowCell": {"data": "string", "help": "", "order": 16, "required": "no"}, "internal": {"data": "integer", "help": "", "order": 70, "required": "no"}, "laneName": {"data": "string", "help": "", "order": 17, "required": "no"}, "numReads": {"data": "integer", "help": "", "order": 23, "required": "no"}, "transPer": {"data": "float", "help": "", "order": 79, "required": "no"}, "unMapped": {"data": "integer", "help": "", "order": 56, "required": "no"}, "side1File": {"data": "string", "help": "", "order": 19, "required": "no"}, "side2File": {"data": "string", "help": "", "order": 20, "required": "no"}, "splitSize": {"data": "integer", "help": "", "order": 24, "required": "no"}, "validPair": {"data": "integer", "help": "", "order": 74, "required": "no"}, "boundedPer": {"data": "float", "help": "", "order": 69, "required": "no"}, "genomePath": {"data": "string", "help": "", "order": 35, "required": "no"}, "genomeSize": {"data": "string", "help": "", "order": 36, "required": "no"}, "qvEncoding": {"data": "string", "help": "", "order": 22, "required": "no"}, "readLength": {"data": "integer", "help": "", "order": 21, "required": "no"}, "selfCircle": {"data": "integer", "help": "", "order": 64, "required": "no"}, "side1NoMap": {"data": "integer", "help": "", "order": 42, "required": "no"}, "side2NoMap": {"data": "integer", "help": "", "order": 49, "required": "no"}, "totalReads": {"data": "integer", "help": "", "order": 55, "required": "no"}, "danglingEnd": {"data": "integer", "help": "", "order": 66, "required": "no"}, "internalPer": {"data": "float", "help": "", "order": 71, "required": "no"}, "singleSided": {"data": "integer", "help": "", "order": 58, "required": "no"}, "unMappedPer": {"data": "float", "help": "", "order": 57, "required": "no"}, "logDirectory": {"data": "string", "help": "", "order": 3, "required": "no"}, "mapResources": {"data": "string", "help": "", "order": 8, "required": "no"}, "sameFragment": {"data": "integer", "help": "", "order": 62, "required": "no"}, "validPairPer": {"data": "float", "help": "", "order": 75, "required": "no"}, "validPairRed": {"data": "integer", "help": "", "order": 80, "required": "no"}, "mapScratchDir": {"data": "string", "help": "", "order": 10, "required": "no"}, "selfCirclePer": {"data": "float", "help": "", "order": 65, "required": "no"}, "side1MultiMap": {"data": "integer", "help": "", "order": 44, "required": "no"}, "side1NoMapPer": {"data": "float", "help": "", "order": 43, "required": "no"}, "side2MultiMap": {"data": "integer", "help": "", "order": 51, "required": "no"}, "side2NoMapPer": {"data": "float", "help": "", "order": 50, "required": "no"}, "bothSideMapped": {"data": "integer", "help": "", "order": 60, "required": "no"}, "danglingEndPer": {"data": "float", "help": "", "order": 67, "required": "no"}, "mapScratchSize": {"data": "string", "help": "", "order": 11, "required": "no"}, "side1UniqueMap": {"data": "integer", "help": "", "order": 46, "required": "no"}, "side2UniqueMap": {"data": "integer", "help": "", "order": 53, "required": "no"}, "singleSidedPer": {"data": "float", "help": "", "order": 59, "required": "no"}, "totalMolecules": {"data": "integer", "help": "", "order": 82, "required": "no"}, "computeResource": {"data": "string", "help": "", "order": 6, "required": "no"}, "mapMemoryNeeded": {"data": "string", "help": "", "order": 14, "required": "no"}, "reduceResources": {"data": "string", "help": "", "order": 7, "required": "no"}, "restrictionSite": {"data": "string", "help": "", "order": 32, "required": "no"}, "sameFragmentPer": {"data": "float", "help": "", "order": 63, "required": "no"}, "side1TotalReads": {"data": "integer", "help": "", "order": 41, "required": "no"}, "side2TotalReads": {"data": "integer", "help": "", "order": 48, "required": "no"}, "validPairRedPer": {"data": "float", "help": "", "order": 81, "required": "no"}, "alignmentOptions": {"data": "string", "help": "", "order": 28, "required": "no"}, "iterativeMapping": {"data": "string", "help": "", "order": 37, "required": "no"}, "percentRedundant": {"data": "float", "help": "", "order": 88, "required": "no"}, "reduceScratchDir": {"data": "string", "help": "", "order": 9, "required": "no"}, "side1MultiMapPer": {"data": "float", "help": "", "order": 45, "required": "no"}, "side2MultiMapPer": {"data": "float", "help": "", "order": 52, "required": "no"}, "bothSideMappedPer": {"data": "float", "help": "", "order": 61, "required": "no"}, "side1UniqueMapPer": {"data": "float", "help": "", "order": 47, "required": "no"}, "side2UniqueMapPer": {"data": "float", "help": "", "order": 54, "required": "no"}, "splitSizeMegabyte": {"data": "string", "help": "", "order": 25, "required": "no"}, "totalMoleculesPer": {"data": "float", "help": "", "order": 83, "required": "no"}, "reduceMemoryNeeded": {"data": "string", "help": "", "order": 13, "required": "no"}, "iterativeMappingEnd": {"data": "integer", "help": "", "order": 39, "required": "no"}, "iterativeMappingStep": {"data": "integer", "help": "", "order": 40, "required": "no"}, "alignmentSoftwarePath": {"data": "string", "help": "", "order": 27, "required": "no"}, "iterativeMappingStart": {"data": "integer", "help": "", "order": 38, "required": "no"}, "redundantInteractions": {"data": "integer", "help": "", "order": 84, "required": "no"}, "side1AlignmentOptions": {"data": "string", "help": "", "order": 29, "required": "no"}, "side2AlignmentOptions": {"data": "string", "help": "", "order": 30, "required": "no"}, "restrictionFragmentFile": {"data": "string", "help": "", "order": 33, "required": "no"}, "nonRedundantInteractions": {"data": "integer", "help": "", "order": 86, "required": "no"}, "redundantInteractionsPer": {"data": "float", "help": "", "order": 85, "required": "no"}, "nonRedundantInteractionsPer": {"data": "float", "help": "", "order": 87, "required": "no"}}	
\.


--
-- Name: organization_jsonobjfield_id_seq; Type: SEQUENCE SET; Schema: public; Owner: dekker_lab
--

SELECT pg_catalog.setval('organization_jsonobjfield_id_seq', 9, true);


--
-- Data for Name: organization_project; Type: TABLE DATA; Schema: public; Owner: dekker_lab
--

COPY organization_project (id, project_name, project_notes, project_active, project_owner_id) FROM stdin;
7	U54	Human Project	t	1
8	Rao et al		t	1
\.


--
-- Name: organization_project_id_seq; Type: SEQUENCE SET; Schema: public; Owner: dekker_lab
--

SELECT pg_catalog.setval('organization_project_id_seq', 8, true);


--
-- Data for Name: organization_project_project_contributor; Type: TABLE DATA; Schema: public; Owner: dekker_lab
--

COPY organization_project_project_contributor (id, project_id, user_id) FROM stdin;
9	7	2
10	7	3
11	8	4
12	8	2
\.


--
-- Name: organization_project_project_contributor_id_seq; Type: SEQUENCE SET; Schema: public; Owner: dekker_lab
--

SELECT pg_catalog.setval('organization_project_project_contributor_id_seq', 12, true);


--
-- Data for Name: organization_publication; Type: TABLE DATA; Schema: public; Owner: dekker_lab
--

COPY organization_publication (id, publication_authors, publication_abstract, publication_categories, "publication_dataUsed", publication_supplementary, "publication_datePublished", "publication_dateRevised", publication_issue, publication_journal, publication_title, publication_identifiers, publication_volume) FROM stdin;
1	httrtr	gnfgnfgn	rhttrh	htrth	trht	2015-02-02	2015-02-02	htrth	thrh	vfnfgnfnn	thrh	trhtrh
\.


--
-- Name: organization_publication_id_seq; Type: SEQUENCE SET; Schema: public; Owner: dekker_lab
--

SELECT pg_catalog.setval('organization_publication_id_seq', 1, true);


--
-- Data for Name: organization_tag; Type: TABLE DATA; Schema: public; Owner: dekker_lab
--

COPY organization_tag (id, tag_name, tag_user_id, project_id) FROM stdin;
6	TagExport	1	7
\.


--
-- Name: organization_tag_id_seq; Type: SEQUENCE SET; Schema: public; Owner: dekker_lab
--

SELECT pg_catalog.setval('organization_tag_id_seq', 6, true);


--
-- Data for Name: organization_tag_tag_exp; Type: TABLE DATA; Schema: public; Owner: dekker_lab
--

COPY organization_tag_tag_exp (id, tag_id, experiment_id) FROM stdin;
6	6	27
7	6	26
\.


--
-- Name: organization_tag_tag_exp_id_seq; Type: SEQUENCE SET; Schema: public; Owner: dekker_lab
--

SELECT pg_catalog.setval('organization_tag_tag_exp_id_seq', 7, true);


--
-- Data for Name: wetLab_barcode; Type: TABLE DATA; Schema: public; Owner: dekker_lab
--

COPY "wetLab_barcode" (id, barcode_exp_id, barcode_name_1_id, barcode_name_2_id, barcode_run_id) FROM stdin;
\.


--
-- Name: wetLab_barcode_id_seq; Type: SEQUENCE SET; Schema: public; Owner: dekker_lab
--

SELECT pg_catalog.setval('"wetLab_barcode_id_seq"', 9, true);


--
-- Data for Name: wetLab_biosample; Type: TABLE DATA; Schema: public; Owner: dekker_lab
--

COPY "wetLab_biosample" (id, biosample_fields, biosample_biosource_id, biosample_individual_id, biosample_modification_id, biosample_protocol_id, biosample_type_id, biosample_name, "userOwner_id", dbxrefs, documents_id, references_id, url, biosample_treatment_id, biosample_description) FROM stdin;
22	\N	19	24	\N	\N	\N	HeLaS3human_p1	1		\N	\N		78	
21	\N	18	23	\N	\N	\N	H1-hESC stem cell	1		\N	\N		78	
\.


--
-- Data for Name: wetLab_biosample_biosample_imageObjects; Type: TABLE DATA; Schema: public; Owner: dekker_lab
--

COPY "wetLab_biosample_biosample_imageObjects" (id, biosample_id, imageobjects_id) FROM stdin;
2	21	9
\.


--
-- Name: wetLab_biosample_biosample_imageObjects_id_seq; Type: SEQUENCE SET; Schema: public; Owner: dekker_lab
--

SELECT pg_catalog.setval('"wetLab_biosample_biosample_imageObjects_id_seq"', 2, true);


--
-- Name: wetLab_biosample_id_seq; Type: SEQUENCE SET; Schema: public; Owner: dekker_lab
--

SELECT pg_catalog.setval('"wetLab_biosample_id_seq"', 22, true);


--
-- Data for Name: wetLab_biosource; Type: TABLE DATA; Schema: public; Owner: dekker_lab
--

COPY "wetLab_biosource" (id, biosource_tissue, biosource_individual_id, biosource_type_id, biosource_vendor_id, biosource_description, biosource_name, "biosource_SOP_cell_line_id", biosource_cell_line, biosource_cell_line_tier_id, dbxrefs, documents_id, references_id, url) FROM stdin;
18	embryonic	23	16	\N		WA01 h1-embryonic stem cells (DDL-17)	\N		23		\N	\N	http://www.wicell.org/home/stem-cell-lines/catalog-of-stem-cell-lines/wa01.cmsx
19	cervix	24	22	\N		HeLa-S3 (CCL-2.2)	\N	HeLa-S3	\N		\N	\N	https://www.atcc.org/Products/All/CCL-2.2.aspx
\.


--
-- Name: wetLab_biosource_id_seq; Type: SEQUENCE SET; Schema: public; Owner: dekker_lab
--

SELECT pg_catalog.setval('"wetLab_biosource_id_seq"', 19, true);


--
-- Data for Name: wetLab_construct; Type: TABLE DATA; Schema: public; Owner: dekker_lab
--

COPY "wetLab_construct" (id, construct_name, construct_description, construct_designed_to_target, construct_insert_sequence, construct_tag, construct_vector_backbone, construct_map_id, construct_type_id, construct_vendor_id) FROM stdin;
1	Construct123						\N	13	\N
2	jfdgkg						\N	12	\N
3	jfdgkg						\N	12	\N
4	con1						\N	12	\N
\.


--
-- Name: wetLab_construct_id_seq; Type: SEQUENCE SET; Schema: public; Owner: dekker_lab
--

SELECT pg_catalog.setval('"wetLab_construct_id_seq"', 4, true);


--
-- Data for Name: wetLab_document; Type: TABLE DATA; Schema: public; Owner: dekker_lab
--

COPY "wetLab_document" (id, document_description, document_attachment, document_type_id, document_references_id, document_url) FROM stdin;
2	Doc1	uploads/Name_zJvv4MV.txt	3	1	
\.


--
-- Name: wetLab_document_id_seq; Type: SEQUENCE SET; Schema: public; Owner: dekker_lab
--

SELECT pg_catalog.setval('"wetLab_document_id_seq"', 2, true);


--
-- Data for Name: wetLab_enzyme; Type: TABLE DATA; Schema: public; Owner: dekker_lab
--

COPY "wetLab_enzyme" (id, enzyme_name, "enzyme_recogSeq", "enzyme_siteLen", "enzyme_cutPos", enzyme_vendor_id, dbxrefs, documents_id, enzyme_catalog_number, enzyme_description, references_id, url) FROM stdin;
1	DpnII		\N	\N	1		\N			\N	
2	HindIII		\N	\N	1		\N			\N	
3	MboI		\N	\N	1		\N			\N	
\.


--
-- Name: wetLab_enzyme_id_seq; Type: SEQUENCE SET; Schema: public; Owner: dekker_lab
--

SELECT pg_catalog.setval('"wetLab_enzyme_id_seq"', 3, true);


--
-- Data for Name: wetLab_genomicregions; Type: TABLE DATA; Schema: public; Owner: dekker_lab
--

COPY "wetLab_genomicregions" (id, "genomicRegions_start_coordinate", "genomicRegions_end_coordinate", "genomicRegions_location_description", "genomicRegions_start_location", "genomicRegions_end_location", "genomicRegions_chromosome_id", "genomicRegions_genome_assembly_id") FROM stdin;
2	\N	\N				\N	52
1	5	6				44	52
3	\N	\N				\N	53
\.


--
-- Name: wetLab_genomicregions_id_seq; Type: SEQUENCE SET; Schema: public; Owner: dekker_lab
--

SELECT pg_catalog.setval('"wetLab_genomicregions_id_seq"', 3, true);


--
-- Data for Name: wetLab_individual; Type: TABLE DATA; Schema: public; Owner: dekker_lab
--

COPY "wetLab_individual" (id, individual_fields, individual_type_id, individual_name, individual_vendor_id, dbxrefs, documents_id, references_id, url, "userOwner_id") FROM stdin;
23	"{\\"age_units\\": \\"day\\", \\"age\\": \\"17\\", \\"ethnicity\\": \\"Caucasian\\", \\"sex\\": \\"male\\", \\"health_status\\": \\"embryonic\\"}"	4	DDL17human	\N		\N	\N		1
24	"{\\"health_status\\": \\"adult\\", \\"sex\\": \\"female\\", \\"age\\": \\"31\\", \\"ethnicity\\": \\"Black\\", \\"age_units\\": \\"year\\"}"	4	HeLaS3human	\N		\N	\N		1
\.


--
-- Name: wetLab_individual_id_seq; Type: SEQUENCE SET; Schema: public; Owner: dekker_lab
--

SELECT pg_catalog.setval('"wetLab_individual_id_seq"', 24, true);


--
-- Data for Name: wetLab_modification; Type: TABLE DATA; Schema: public; Owner: dekker_lab
--

COPY "wetLab_modification" (id, modification_type_id, modification_description, modification_name, "userOwner_id", dbxrefs, documents_id, "modification_gRNA", modification_vendor_id, references_id, url, modification_constructs_id, "modification_genomicRegions_id", modification_target_id) FROM stdin;
3	14	xvcvv	Modif11	1		\N		\N	\N		3	2	2
1	15	Description	Modification123	1		\N		\N	\N		1	1	1
4	15	ygdjwd	mod1	1		\N		\N	\N		4	3	3
\.


--
-- Name: wetLab_modification_id_seq; Type: SEQUENCE SET; Schema: public; Owner: dekker_lab
--

SELECT pg_catalog.setval('"wetLab_modification_id_seq"', 4, true);


--
-- Data for Name: wetLab_other; Type: TABLE DATA; Schema: public; Owner: dekker_lab
--

COPY "wetLab_other" (id, url, dbxrefs, name, description, documents_id, references_id) FROM stdin;
1			wcwe	cdac	2	\N
2			wcwe	cdac	2	\N
\.


--
-- Data for Name: wetLab_other_biosample; Type: TABLE DATA; Schema: public; Owner: dekker_lab
--

COPY "wetLab_other_biosample" (id, other_id, biosample_id) FROM stdin;
\.


--
-- Name: wetLab_others_biosample_id_seq; Type: SEQUENCE SET; Schema: public; Owner: dekker_lab
--

SELECT pg_catalog.setval('"wetLab_others_biosample_id_seq"', 2, true);


--
-- Name: wetLab_others_id_seq; Type: SEQUENCE SET; Schema: public; Owner: dekker_lab
--

SELECT pg_catalog.setval('"wetLab_others_id_seq"', 2, true);


--
-- Data for Name: wetLab_protocol; Type: TABLE DATA; Schema: public; Owner: dekker_lab
--

COPY "wetLab_protocol" (id, protocol_document_id, protocol_description, protocol_name, protocol_variation, "userOwner_id", protocol_enzyme_id, protocol_fields, protocol_type_id) FROM stdin;
11	\N		ExperimentHiC Protocol-HindIII		1	2	"{\\"experiment_type\\": \\"in\\", \\"crosslinking_method\\": \\"1%\\", \\"ligation_time\\": \\"240\\", \\"fragment_size_range\\": \\"150-350\\", \\"digestion_temperature\\": \\"37\\", \\"average_fragment_size\\": \\"200\\", \\"digestion_time\\": \\"960\\", \\"crosslinking_temperature\\": \\"25\\", \\"library_preparation_date\\": \\"3/6/2016\\", \\"ligation_temperature\\": \\"16\\", \\"fragment_size_selection_method\\": \\"SPRI\\", \\"ligation_volume\\": \\"1.2\\", \\"fragmentation_method\\": \\"sonication\\", \\"dbxrefs\\": \\"\\", \\"enzyme_lot_number\\": \\"\\", \\"tagging_method\\": \\"bio-dCTP\\", \\"crosslinking_time\\": \\"10\\"}"	2
13	\N		ExperimentHiC Protocol-MboI		1	3	"{\\"fragmentation_method\\": \\"sonication\\", \\"digestion_temperature\\": \\"37\\", \\"dbxrefs\\": \\"\\", \\"crosslinking_temperature\\": \\"25\\", \\"ligation_temperature\\": \\"25\\", \\"fragment_size_range\\": \\"\\", \\"experiment_type\\": \\"in situ Hi-C\\", \\"enzyme_lot_number\\": \\"\\", \\"ligation_time\\": \\"240\\", \\"tagging_method\\": \\"bio-dATP\\", \\"ligation_volume\\": \\"1.2\\", \\"digestion_time\\": \\"120\\", \\"crosslinking_time\\": \\"10\\", \\"crosslinking_method\\": \\"1% Formaldehyde\\", \\"fragment_size_selection_method\\": \\"SPRI beads\\", \\"average_fragment_size\\": \\"\\", \\"library_preparation_date\\": \\"\\"}"	2
12	\N		ExperimentHiC Protocol-DpnII		1	1	"{\\"crosslinking_time\\": \\"10\\", \\"digestion_temperature\\": \\"37\\", \\"fragment_size_range\\": \\"150-350\\", \\"enzyme_lot_number\\": \\"\\", \\"ligation_time\\": \\"240\\", \\"fragment_size_selection_method\\": null, \\"crosslinking_temperature\\": \\"25\\", \\"dbxrefs\\": \\"\\", \\"experiment_type\\": \\"in situ Hi-C\\", \\"digestion_time\\": \\"960\\", \\"tagging_method\\": \\"bio-dCTP\\", \\"fragmentation_method\\": \\"sonication\\", \\"average_fragment_size\\": \\"200\\", \\"ligation_volume\\": \\"1.2\\", \\"library_preparation_date\\": \\"8/8/2016\\", \\"crosslinking_method\\": \\"1% Formaldehyde\\", \\"ligation_temperature\\": \\"16\\"}"	2
\.


--
-- Name: wetLab_protocol_id_seq; Type: SEQUENCE SET; Schema: public; Owner: dekker_lab
--

SELECT pg_catalog.setval('"wetLab_protocol_id_seq"', 13, true);


--
-- Data for Name: wetLab_target; Type: TABLE DATA; Schema: public; Owner: dekker_lab
--

COPY "wetLab_target" (id, target_genes) FROM stdin;
1	fdfzdv
2	fdfzdv
3	wded
\.


--
-- Name: wetLab_target_id_seq; Type: SEQUENCE SET; Schema: public; Owner: dekker_lab
--

SELECT pg_catalog.setval('"wetLab_target_id_seq"', 3, true);


--
-- Data for Name: wetLab_treatmentchemical; Type: TABLE DATA; Schema: public; Owner: dekker_lab
--

COPY "wetLab_treatmentchemical" (id, url, dbxrefs, "treatmentChemical_name", "treatmentChemical_chemical", "treatmentChemical_concentration", "treatmentChemical_duration", "treatmentChemical_temperature", "treatmentChemical_description", documents_id, references_id, "treatmentChemical_concentration_units_id", "treatmentChemical_duration_units_id") FROM stdin;
1			chem123	h2so4	0.5	\N	\N		\N	\N	60	\N
\.


--
-- Data for Name: wetLab_treatmentchemical_biosample; Type: TABLE DATA; Schema: public; Owner: dekker_lab
--

COPY "wetLab_treatmentchemical_biosample" (id, treatmentchemical_id, biosample_id) FROM stdin;
\.


--
-- Name: wetLab_treatmentchemical_id_seq; Type: SEQUENCE SET; Schema: public; Owner: dekker_lab
--

SELECT pg_catalog.setval('"wetLab_treatmentchemical_id_seq"', 1, true);


--
-- Name: wetLab_treatmentchemical_treatmentChemical_biosample_id_seq; Type: SEQUENCE SET; Schema: public; Owner: dekker_lab
--

SELECT pg_catalog.setval('"wetLab_treatmentchemical_treatmentChemical_biosample_id_seq"', 1, true);


--
-- Data for Name: wetLab_treatmentrnai; Type: TABLE DATA; Schema: public; Owner: dekker_lab
--

COPY "wetLab_treatmentrnai" (id, url, dbxrefs, "treatmentRnai_name", "treatmentRnai_nucleotide_seq", "treatmentRnai_description", documents_id, references_id, "treatmentRnai_rnai_constructs_id", "treatmentRnai_rnai_type_id", "treatmentRnai_rnai_vendor_id", "treatmentRnai_target_id") FROM stdin;
2			rnainame			\N	\N	1	58	1	1
3			tttt			\N	\N	1	58	1	\N
10			dd			\N	\N	\N	58	\N	\N
11			Tr1	udqwyd	des	\N	\N	\N	58	\N	\N
\.


--
-- Data for Name: wetLab_treatmentrnai_biosample; Type: TABLE DATA; Schema: public; Owner: dekker_lab
--

COPY "wetLab_treatmentrnai_biosample" (id, treatmentrnai_id, biosample_id) FROM stdin;
\.


--
-- Name: wetLab_treatmentrnai_id_seq; Type: SEQUENCE SET; Schema: public; Owner: dekker_lab
--

SELECT pg_catalog.setval('"wetLab_treatmentrnai_id_seq"', 11, true);


--
-- Name: wetLab_treatmentrnai_treatmentRnai_biosample_id_seq; Type: SEQUENCE SET; Schema: public; Owner: dekker_lab
--

SELECT pg_catalog.setval('"wetLab_treatmentrnai_treatmentRnai_biosample_id_seq"', 9, true);


--
-- Data for Name: wetLab_vendor; Type: TABLE DATA; Schema: public; Owner: dekker_lab
--

COPY "wetLab_vendor" (id, vendor_name, vendor_description, vendor_url) FROM stdin;
1	ATCC	Cells	https://www.atcc.org/
\.


--
-- Name: wetLab_vendor_id_seq; Type: SEQUENCE SET; Schema: public; Owner: dekker_lab
--

SELECT pg_catalog.setval('"wetLab_vendor_id_seq"', 1, true);


--
-- Name: auth_group_name_key; Type: CONSTRAINT; Schema: public; Owner: dekker_lab
--

ALTER TABLE ONLY auth_group
    ADD CONSTRAINT auth_group_name_key UNIQUE (name);


--
-- Name: auth_group_permissions_group_id_0cd325b0_uniq; Type: CONSTRAINT; Schema: public; Owner: dekker_lab
--

ALTER TABLE ONLY auth_group_permissions
    ADD CONSTRAINT auth_group_permissions_group_id_0cd325b0_uniq UNIQUE (group_id, permission_id);


--
-- Name: auth_group_permissions_pkey; Type: CONSTRAINT; Schema: public; Owner: dekker_lab
--

ALTER TABLE ONLY auth_group_permissions
    ADD CONSTRAINT auth_group_permissions_pkey PRIMARY KEY (id);


--
-- Name: auth_group_pkey; Type: CONSTRAINT; Schema: public; Owner: dekker_lab
--

ALTER TABLE ONLY auth_group
    ADD CONSTRAINT auth_group_pkey PRIMARY KEY (id);


--
-- Name: auth_permission_content_type_id_01ab375a_uniq; Type: CONSTRAINT; Schema: public; Owner: dekker_lab
--

ALTER TABLE ONLY auth_permission
    ADD CONSTRAINT auth_permission_content_type_id_01ab375a_uniq UNIQUE (content_type_id, codename);


--
-- Name: auth_permission_pkey; Type: CONSTRAINT; Schema: public; Owner: dekker_lab
--

ALTER TABLE ONLY auth_permission
    ADD CONSTRAINT auth_permission_pkey PRIMARY KEY (id);


--
-- Name: auth_user_groups_pkey; Type: CONSTRAINT; Schema: public; Owner: dekker_lab
--

ALTER TABLE ONLY auth_user_groups
    ADD CONSTRAINT auth_user_groups_pkey PRIMARY KEY (id);


--
-- Name: auth_user_groups_user_id_94350c0c_uniq; Type: CONSTRAINT; Schema: public; Owner: dekker_lab
--

ALTER TABLE ONLY auth_user_groups
    ADD CONSTRAINT auth_user_groups_user_id_94350c0c_uniq UNIQUE (user_id, group_id);


--
-- Name: auth_user_pkey; Type: CONSTRAINT; Schema: public; Owner: dekker_lab
--

ALTER TABLE ONLY auth_user
    ADD CONSTRAINT auth_user_pkey PRIMARY KEY (id);


--
-- Name: auth_user_user_permissions_pkey; Type: CONSTRAINT; Schema: public; Owner: dekker_lab
--

ALTER TABLE ONLY auth_user_user_permissions
    ADD CONSTRAINT auth_user_user_permissions_pkey PRIMARY KEY (id);


--
-- Name: auth_user_user_permissions_user_id_14a6b632_uniq; Type: CONSTRAINT; Schema: public; Owner: dekker_lab
--

ALTER TABLE ONLY auth_user_user_permissions
    ADD CONSTRAINT auth_user_user_permissions_user_id_14a6b632_uniq UNIQUE (user_id, permission_id);


--
-- Name: auth_user_username_key; Type: CONSTRAINT; Schema: public; Owner: dekker_lab
--

ALTER TABLE ONLY auth_user
    ADD CONSTRAINT auth_user_username_key UNIQUE (username);


--
-- Name: django_admin_log_pkey; Type: CONSTRAINT; Schema: public; Owner: dekker_lab
--

ALTER TABLE ONLY django_admin_log
    ADD CONSTRAINT django_admin_log_pkey PRIMARY KEY (id);


--
-- Name: django_content_type_app_label_76bd3d3b_uniq; Type: CONSTRAINT; Schema: public; Owner: dekker_lab
--

ALTER TABLE ONLY django_content_type
    ADD CONSTRAINT django_content_type_app_label_76bd3d3b_uniq UNIQUE (app_label, model);


--
-- Name: django_content_type_pkey; Type: CONSTRAINT; Schema: public; Owner: dekker_lab
--

ALTER TABLE ONLY django_content_type
    ADD CONSTRAINT django_content_type_pkey PRIMARY KEY (id);


--
-- Name: django_migrations_pkey; Type: CONSTRAINT; Schema: public; Owner: dekker_lab
--

ALTER TABLE ONLY django_migrations
    ADD CONSTRAINT django_migrations_pkey PRIMARY KEY (id);


--
-- Name: django_session_pkey; Type: CONSTRAINT; Schema: public; Owner: dekker_lab
--

ALTER TABLE ONLY django_session
    ADD CONSTRAINT django_session_pkey PRIMARY KEY (session_key);


--
-- Name: dryLab_analysis_analysis_file_analysis_id_f2c4f095_uniq; Type: CONSTRAINT; Schema: public; Owner: dekker_lab
--

ALTER TABLE ONLY "dryLab_analysis_analysis_file"
    ADD CONSTRAINT "dryLab_analysis_analysis_file_analysis_id_f2c4f095_uniq" UNIQUE (analysis_id, seqencingfile_id);


--
-- Name: dryLab_analysis_analysis_file_pkey; Type: CONSTRAINT; Schema: public; Owner: dekker_lab
--

ALTER TABLE ONLY "dryLab_analysis_analysis_file"
    ADD CONSTRAINT "dryLab_analysis_analysis_file_pkey" PRIMARY KEY (id);


--
-- Name: dryLab_analysis_pkey; Type: CONSTRAINT; Schema: public; Owner: dekker_lab
--

ALTER TABLE ONLY "dryLab_analysis"
    ADD CONSTRAINT "dryLab_analysis_pkey" PRIMARY KEY (id);


--
-- Name: dryLab_fileset_fileSet_file_fileset_id_a6a82580_uniq; Type: CONSTRAINT; Schema: public; Owner: dekker_lab
--

ALTER TABLE ONLY "dryLab_fileset_fileSet_file"
    ADD CONSTRAINT "dryLab_fileset_fileSet_file_fileset_id_a6a82580_uniq" UNIQUE (fileset_id, seqencingfile_id);


--
-- Name: dryLab_fileset_fileSet_file_pkey; Type: CONSTRAINT; Schema: public; Owner: dekker_lab
--

ALTER TABLE ONLY "dryLab_fileset_fileSet_file"
    ADD CONSTRAINT "dryLab_fileset_fileSet_file_pkey" PRIMARY KEY (id);


--
-- Name: dryLab_fileset_pkey; Type: CONSTRAINT; Schema: public; Owner: dekker_lab
--

ALTER TABLE ONLY "dryLab_fileset"
    ADD CONSTRAINT "dryLab_fileset_pkey" PRIMARY KEY (id);


--
-- Name: dryLab_imageobjects_pkey; Type: CONSTRAINT; Schema: public; Owner: dekker_lab
--

ALTER TABLE ONLY "dryLab_imageobjects"
    ADD CONSTRAINT "dryLab_imageobjects_pkey" PRIMARY KEY (id);


--
-- Name: dryLab_images_pkey; Type: CONSTRAINT; Schema: public; Owner: dekker_lab
--

ALTER TABLE ONLY "dryLab_images"
    ADD CONSTRAINT "dryLab_images_pkey" PRIMARY KEY (id);


--
-- Name: dryLab_seqencingfile_pkey; Type: CONSTRAINT; Schema: public; Owner: dekker_lab
--

ALTER TABLE ONLY "dryLab_seqencingfile"
    ADD CONSTRAINT "dryLab_seqencingfile_pkey" PRIMARY KEY (id);


--
-- Name: dryLab_sequencingrun_pkey; Type: CONSTRAINT; Schema: public; Owner: dekker_lab
--

ALTER TABLE ONLY "dryLab_sequencingrun"
    ADD CONSTRAINT "dryLab_sequencingrun_pkey" PRIMARY KEY (id);


--
-- Name: dryLab_sequencingrun_run_Experim_sequencingrun_id_91474261_uniq; Type: CONSTRAINT; Schema: public; Owner: dekker_lab
--

ALTER TABLE ONLY "dryLab_sequencingrun_run_Experiment"
    ADD CONSTRAINT "dryLab_sequencingrun_run_Experim_sequencingrun_id_91474261_uniq" UNIQUE (sequencingrun_id, experiment_id);


--
-- Name: dryLab_sequencingrun_run_Experiment_pkey; Type: CONSTRAINT; Schema: public; Owner: dekker_lab
--

ALTER TABLE ONLY "dryLab_sequencingrun_run_Experiment"
    ADD CONSTRAINT "dryLab_sequencingrun_run_Experiment_pkey" PRIMARY KEY (id);


--
-- Name: organization_award_award_exp_award_id_7d78c58c_uniq; Type: CONSTRAINT; Schema: public; Owner: dekker_lab
--

ALTER TABLE ONLY organization_award_award_exp
    ADD CONSTRAINT organization_award_award_exp_award_id_7d78c58c_uniq UNIQUE (award_id, experiment_id);


--
-- Name: organization_award_award_exp_pkey; Type: CONSTRAINT; Schema: public; Owner: dekker_lab
--

ALTER TABLE ONLY organization_award_award_exp
    ADD CONSTRAINT organization_award_award_exp_pkey PRIMARY KEY (id);


--
-- Name: organization_award_award_project_award_id_dc12f0f9_uniq; Type: CONSTRAINT; Schema: public; Owner: dekker_lab
--

ALTER TABLE ONLY organization_award_award_project
    ADD CONSTRAINT organization_award_award_project_award_id_dc12f0f9_uniq UNIQUE (award_id, project_id);


--
-- Name: organization_award_award_project_pkey; Type: CONSTRAINT; Schema: public; Owner: dekker_lab
--

ALTER TABLE ONLY organization_award_award_project
    ADD CONSTRAINT organization_award_award_project_pkey PRIMARY KEY (id);


--
-- Name: organization_award_pkey; Type: CONSTRAINT; Schema: public; Owner: dekker_lab
--

ALTER TABLE ONLY organization_award
    ADD CONSTRAINT organization_award_pkey PRIMARY KEY (id);


--
-- Name: organization_choice_pkey; Type: CONSTRAINT; Schema: public; Owner: dekker_lab
--

ALTER TABLE ONLY organization_choice
    ADD CONSTRAINT organization_choice_pkey PRIMARY KEY (id);


--
-- Name: organization_experiment_experiment__experiment_id_d7683daf_uniq; Type: CONSTRAINT; Schema: public; Owner: dekker_lab
--

ALTER TABLE ONLY "organization_experiment_experiment_imageObjects"
    ADD CONSTRAINT organization_experiment_experiment__experiment_id_d7683daf_uniq UNIQUE (experiment_id, imageobjects_id);


--
-- Name: organization_experiment_experiment_imageObjects_pkey; Type: CONSTRAINT; Schema: public; Owner: dekker_lab
--

ALTER TABLE ONLY "organization_experiment_experiment_imageObjects"
    ADD CONSTRAINT "organization_experiment_experiment_imageObjects_pkey" PRIMARY KEY (id);


--
-- Name: organization_experiment_pkey; Type: CONSTRAINT; Schema: public; Owner: dekker_lab
--

ALTER TABLE ONLY organization_experiment
    ADD CONSTRAINT organization_experiment_pkey PRIMARY KEY (id);


--
-- Name: organization_experimentset_exper_experimentset_id_93ae7859_uniq; Type: CONSTRAINT; Schema: public; Owner: dekker_lab
--

ALTER TABLE ONLY "organization_experimentset_experimentSet_exp"
    ADD CONSTRAINT organization_experimentset_exper_experimentset_id_93ae7859_uniq UNIQUE (experimentset_id, experiment_id);


--
-- Name: organization_experimentset_experimentSet_exp_pkey; Type: CONSTRAINT; Schema: public; Owner: dekker_lab
--

ALTER TABLE ONLY "organization_experimentset_experimentSet_exp"
    ADD CONSTRAINT "organization_experimentset_experimentSet_exp_pkey" PRIMARY KEY (id);


--
-- Name: organization_experimentset_pkey; Type: CONSTRAINT; Schema: public; Owner: dekker_lab
--

ALTER TABLE ONLY organization_experimentset
    ADD CONSTRAINT organization_experimentset_pkey PRIMARY KEY (id);


--
-- Name: organization_jsonobjfield_pkey; Type: CONSTRAINT; Schema: public; Owner: dekker_lab
--

ALTER TABLE ONLY organization_jsonobjfield
    ADD CONSTRAINT organization_jsonobjfield_pkey PRIMARY KEY (id);


--
-- Name: organization_project_pkey; Type: CONSTRAINT; Schema: public; Owner: dekker_lab
--

ALTER TABLE ONLY organization_project
    ADD CONSTRAINT organization_project_pkey PRIMARY KEY (id);


--
-- Name: organization_project_project_contribut_project_id_b81dcc4d_uniq; Type: CONSTRAINT; Schema: public; Owner: dekker_lab
--

ALTER TABLE ONLY organization_project_project_contributor
    ADD CONSTRAINT organization_project_project_contribut_project_id_b81dcc4d_uniq UNIQUE (project_id, user_id);


--
-- Name: organization_project_project_contributor_pkey; Type: CONSTRAINT; Schema: public; Owner: dekker_lab
--

ALTER TABLE ONLY organization_project_project_contributor
    ADD CONSTRAINT organization_project_project_contributor_pkey PRIMARY KEY (id);


--
-- Name: organization_project_project_name_key; Type: CONSTRAINT; Schema: public; Owner: dekker_lab
--

ALTER TABLE ONLY organization_project
    ADD CONSTRAINT organization_project_project_name_key UNIQUE (project_name);


--
-- Name: organization_publication_pkey; Type: CONSTRAINT; Schema: public; Owner: dekker_lab
--

ALTER TABLE ONLY organization_publication
    ADD CONSTRAINT organization_publication_pkey PRIMARY KEY (id);


--
-- Name: organization_tag_pkey; Type: CONSTRAINT; Schema: public; Owner: dekker_lab
--

ALTER TABLE ONLY organization_tag
    ADD CONSTRAINT organization_tag_pkey PRIMARY KEY (id);


--
-- Name: organization_tag_tag_exp_pkey; Type: CONSTRAINT; Schema: public; Owner: dekker_lab
--

ALTER TABLE ONLY organization_tag_tag_exp
    ADD CONSTRAINT organization_tag_tag_exp_pkey PRIMARY KEY (id);


--
-- Name: organization_tag_tag_exp_tag_id_ed19486c_uniq; Type: CONSTRAINT; Schema: public; Owner: dekker_lab
--

ALTER TABLE ONLY organization_tag_tag_exp
    ADD CONSTRAINT organization_tag_tag_exp_tag_id_ed19486c_uniq UNIQUE (tag_id, experiment_id);


--
-- Name: wetLab_barcode_pkey; Type: CONSTRAINT; Schema: public; Owner: dekker_lab
--

ALTER TABLE ONLY "wetLab_barcode"
    ADD CONSTRAINT "wetLab_barcode_pkey" PRIMARY KEY (id);


--
-- Name: wetLab_biosample_biosample_imageObje_biosample_id_5128a5a8_uniq; Type: CONSTRAINT; Schema: public; Owner: dekker_lab
--

ALTER TABLE ONLY "wetLab_biosample_biosample_imageObjects"
    ADD CONSTRAINT "wetLab_biosample_biosample_imageObje_biosample_id_5128a5a8_uniq" UNIQUE (biosample_id, imageobjects_id);


--
-- Name: wetLab_biosample_biosample_imageObjects_pkey; Type: CONSTRAINT; Schema: public; Owner: dekker_lab
--

ALTER TABLE ONLY "wetLab_biosample_biosample_imageObjects"
    ADD CONSTRAINT "wetLab_biosample_biosample_imageObjects_pkey" PRIMARY KEY (id);


--
-- Name: wetLab_biosample_pkey; Type: CONSTRAINT; Schema: public; Owner: dekker_lab
--

ALTER TABLE ONLY "wetLab_biosample"
    ADD CONSTRAINT "wetLab_biosample_pkey" PRIMARY KEY (id);


--
-- Name: wetLab_biosource_pkey; Type: CONSTRAINT; Schema: public; Owner: dekker_lab
--

ALTER TABLE ONLY "wetLab_biosource"
    ADD CONSTRAINT "wetLab_biosource_pkey" PRIMARY KEY (id);


--
-- Name: wetLab_construct_pkey; Type: CONSTRAINT; Schema: public; Owner: dekker_lab
--

ALTER TABLE ONLY "wetLab_construct"
    ADD CONSTRAINT "wetLab_construct_pkey" PRIMARY KEY (id);


--
-- Name: wetLab_document_pkey; Type: CONSTRAINT; Schema: public; Owner: dekker_lab
--

ALTER TABLE ONLY "wetLab_document"
    ADD CONSTRAINT "wetLab_document_pkey" PRIMARY KEY (id);


--
-- Name: wetLab_enzyme_pkey; Type: CONSTRAINT; Schema: public; Owner: dekker_lab
--

ALTER TABLE ONLY "wetLab_enzyme"
    ADD CONSTRAINT "wetLab_enzyme_pkey" PRIMARY KEY (id);


--
-- Name: wetLab_genomicregions_pkey; Type: CONSTRAINT; Schema: public; Owner: dekker_lab
--

ALTER TABLE ONLY "wetLab_genomicregions"
    ADD CONSTRAINT "wetLab_genomicregions_pkey" PRIMARY KEY (id);


--
-- Name: wetLab_individual_pkey; Type: CONSTRAINT; Schema: public; Owner: dekker_lab
--

ALTER TABLE ONLY "wetLab_individual"
    ADD CONSTRAINT "wetLab_individual_pkey" PRIMARY KEY (id);


--
-- Name: wetLab_modification_pkey; Type: CONSTRAINT; Schema: public; Owner: dekker_lab
--

ALTER TABLE ONLY "wetLab_modification"
    ADD CONSTRAINT "wetLab_modification_pkey" PRIMARY KEY (id);


--
-- Name: wetLab_others_biosample_others_id_e8a0c77b_uniq; Type: CONSTRAINT; Schema: public; Owner: dekker_lab
--

ALTER TABLE ONLY "wetLab_other_biosample"
    ADD CONSTRAINT "wetLab_others_biosample_others_id_e8a0c77b_uniq" UNIQUE (other_id, biosample_id);


--
-- Name: wetLab_others_biosample_pkey; Type: CONSTRAINT; Schema: public; Owner: dekker_lab
--

ALTER TABLE ONLY "wetLab_other_biosample"
    ADD CONSTRAINT "wetLab_others_biosample_pkey" PRIMARY KEY (id);


--
-- Name: wetLab_others_pkey; Type: CONSTRAINT; Schema: public; Owner: dekker_lab
--

ALTER TABLE ONLY "wetLab_other"
    ADD CONSTRAINT "wetLab_others_pkey" PRIMARY KEY (id);


--
-- Name: wetLab_protocol_pkey; Type: CONSTRAINT; Schema: public; Owner: dekker_lab
--

ALTER TABLE ONLY "wetLab_protocol"
    ADD CONSTRAINT "wetLab_protocol_pkey" PRIMARY KEY (id);


--
-- Name: wetLab_target_pkey; Type: CONSTRAINT; Schema: public; Owner: dekker_lab
--

ALTER TABLE ONLY "wetLab_target"
    ADD CONSTRAINT "wetLab_target_pkey" PRIMARY KEY (id);


--
-- Name: wetLab_treatmentchemical_pkey; Type: CONSTRAINT; Schema: public; Owner: dekker_lab
--

ALTER TABLE ONLY "wetLab_treatmentchemical"
    ADD CONSTRAINT "wetLab_treatmentchemical_pkey" PRIMARY KEY (id);


--
-- Name: wetLab_treatmentchemical_tre_treatmentchemical_id_edc5d081_uniq; Type: CONSTRAINT; Schema: public; Owner: dekker_lab
--

ALTER TABLE ONLY "wetLab_treatmentchemical_biosample"
    ADD CONSTRAINT "wetLab_treatmentchemical_tre_treatmentchemical_id_edc5d081_uniq" UNIQUE (treatmentchemical_id, biosample_id);


--
-- Name: wetLab_treatmentchemical_treatmentChemical_biosample_pkey; Type: CONSTRAINT; Schema: public; Owner: dekker_lab
--

ALTER TABLE ONLY "wetLab_treatmentchemical_biosample"
    ADD CONSTRAINT "wetLab_treatmentchemical_treatmentChemical_biosample_pkey" PRIMARY KEY (id);


--
-- Name: wetLab_treatmentrnai_pkey; Type: CONSTRAINT; Schema: public; Owner: dekker_lab
--

ALTER TABLE ONLY "wetLab_treatmentrnai"
    ADD CONSTRAINT "wetLab_treatmentrnai_pkey" PRIMARY KEY (id);


--
-- Name: wetLab_treatmentrnai_treatmentRn_treatmentrnai_id_c6536692_uniq; Type: CONSTRAINT; Schema: public; Owner: dekker_lab
--

ALTER TABLE ONLY "wetLab_treatmentrnai_biosample"
    ADD CONSTRAINT "wetLab_treatmentrnai_treatmentRn_treatmentrnai_id_c6536692_uniq" UNIQUE (treatmentrnai_id, biosample_id);


--
-- Name: wetLab_treatmentrnai_treatmentRnai_biosample_pkey; Type: CONSTRAINT; Schema: public; Owner: dekker_lab
--

ALTER TABLE ONLY "wetLab_treatmentrnai_biosample"
    ADD CONSTRAINT "wetLab_treatmentrnai_treatmentRnai_biosample_pkey" PRIMARY KEY (id);


--
-- Name: wetLab_vendor_pkey; Type: CONSTRAINT; Schema: public; Owner: dekker_lab
--

ALTER TABLE ONLY "wetLab_vendor"
    ADD CONSTRAINT "wetLab_vendor_pkey" PRIMARY KEY (id);


--
-- Name: auth_group_name_a6ea08ec_like; Type: INDEX; Schema: public; Owner: dekker_lab
--

CREATE INDEX auth_group_name_a6ea08ec_like ON auth_group USING btree (name varchar_pattern_ops);


--
-- Name: auth_group_permissions_0e939a4f; Type: INDEX; Schema: public; Owner: dekker_lab
--

CREATE INDEX auth_group_permissions_0e939a4f ON auth_group_permissions USING btree (group_id);


--
-- Name: auth_group_permissions_8373b171; Type: INDEX; Schema: public; Owner: dekker_lab
--

CREATE INDEX auth_group_permissions_8373b171 ON auth_group_permissions USING btree (permission_id);


--
-- Name: auth_permission_417f1b1c; Type: INDEX; Schema: public; Owner: dekker_lab
--

CREATE INDEX auth_permission_417f1b1c ON auth_permission USING btree (content_type_id);


--
-- Name: auth_user_groups_0e939a4f; Type: INDEX; Schema: public; Owner: dekker_lab
--

CREATE INDEX auth_user_groups_0e939a4f ON auth_user_groups USING btree (group_id);


--
-- Name: auth_user_groups_e8701ad4; Type: INDEX; Schema: public; Owner: dekker_lab
--

CREATE INDEX auth_user_groups_e8701ad4 ON auth_user_groups USING btree (user_id);


--
-- Name: auth_user_user_permissions_8373b171; Type: INDEX; Schema: public; Owner: dekker_lab
--

CREATE INDEX auth_user_user_permissions_8373b171 ON auth_user_user_permissions USING btree (permission_id);


--
-- Name: auth_user_user_permissions_e8701ad4; Type: INDEX; Schema: public; Owner: dekker_lab
--

CREATE INDEX auth_user_user_permissions_e8701ad4 ON auth_user_user_permissions USING btree (user_id);


--
-- Name: auth_user_username_6821ab7c_like; Type: INDEX; Schema: public; Owner: dekker_lab
--

CREATE INDEX auth_user_username_6821ab7c_like ON auth_user USING btree (username varchar_pattern_ops);


--
-- Name: django_admin_log_417f1b1c; Type: INDEX; Schema: public; Owner: dekker_lab
--

CREATE INDEX django_admin_log_417f1b1c ON django_admin_log USING btree (content_type_id);


--
-- Name: django_admin_log_e8701ad4; Type: INDEX; Schema: public; Owner: dekker_lab
--

CREATE INDEX django_admin_log_e8701ad4 ON django_admin_log USING btree (user_id);


--
-- Name: django_session_de54fa62; Type: INDEX; Schema: public; Owner: dekker_lab
--

CREATE INDEX django_session_de54fa62 ON django_session USING btree (expire_date);


--
-- Name: django_session_session_key_c0390e0f_like; Type: INDEX; Schema: public; Owner: dekker_lab
--

CREATE INDEX django_session_session_key_c0390e0f_like ON django_session USING btree (session_key varchar_pattern_ops);


--
-- Name: dryLab_analysis_61f66510; Type: INDEX; Schema: public; Owner: dekker_lab
--

CREATE INDEX "dryLab_analysis_61f66510" ON "dryLab_analysis" USING btree (analysis_type_id);


--
-- Name: dryLab_analysis_72358753; Type: INDEX; Schema: public; Owner: dekker_lab
--

CREATE INDEX "dryLab_analysis_72358753" ON "dryLab_analysis" USING btree (analysis_exp_id);


--
-- Name: dryLab_analysis_analysis_file_1ae739e6; Type: INDEX; Schema: public; Owner: dekker_lab
--

CREATE INDEX "dryLab_analysis_analysis_file_1ae739e6" ON "dryLab_analysis_analysis_file" USING btree (seqencingfile_id);


--
-- Name: dryLab_analysis_analysis_file_3bef072e; Type: INDEX; Schema: public; Owner: dekker_lab
--

CREATE INDEX "dryLab_analysis_analysis_file_3bef072e" ON "dryLab_analysis_analysis_file" USING btree (analysis_id);


--
-- Name: dryLab_fileset_17141920; Type: INDEX; Schema: public; Owner: dekker_lab
--

CREATE INDEX "dryLab_fileset_17141920" ON "dryLab_fileset" USING btree (fileset_type_id);


--
-- Name: dryLab_fileset_b098ad43; Type: INDEX; Schema: public; Owner: dekker_lab
--

CREATE INDEX "dryLab_fileset_b098ad43" ON "dryLab_fileset" USING btree (project_id);


--
-- Name: dryLab_fileset_fileSet_file_1ae739e6; Type: INDEX; Schema: public; Owner: dekker_lab
--

CREATE INDEX "dryLab_fileset_fileSet_file_1ae739e6" ON "dryLab_fileset_fileSet_file" USING btree (seqencingfile_id);


--
-- Name: dryLab_fileset_fileSet_file_90f34791; Type: INDEX; Schema: public; Owner: dekker_lab
--

CREATE INDEX "dryLab_fileset_fileSet_file_90f34791" ON "dryLab_fileset_fileSet_file" USING btree (fileset_id);


--
-- Name: dryLab_imageobjects_b098ad43; Type: INDEX; Schema: public; Owner: dekker_lab
--

CREATE INDEX "dryLab_imageobjects_b098ad43" ON "dryLab_imageobjects" USING btree (project_id);


--
-- Name: dryLab_images_98c6f1ef; Type: INDEX; Schema: public; Owner: dekker_lab
--

CREATE INDEX "dryLab_images_98c6f1ef" ON "dryLab_images" USING btree (image_analysis_id);


--
-- Name: dryLab_seqencingfile_9fa898d1; Type: INDEX; Schema: public; Owner: dekker_lab
--

CREATE INDEX "dryLab_seqencingfile_9fa898d1" ON "dryLab_seqencingfile" USING btree ("sequencingFile_run_id");


--
-- Name: dryLab_seqencingfile_af14b2d4; Type: INDEX; Schema: public; Owner: dekker_lab
--

CREATE INDEX "dryLab_seqencingfile_af14b2d4" ON "dryLab_seqencingfile" USING btree ("sequencingFile_exp_id");


--
-- Name: dryLab_seqencingfile_b098ad43; Type: INDEX; Schema: public; Owner: dekker_lab
--

CREATE INDEX "dryLab_seqencingfile_b098ad43" ON "dryLab_seqencingfile" USING btree (project_id);


--
-- Name: dryLab_sequencingrun_25b2d973; Type: INDEX; Schema: public; Owner: dekker_lab
--

CREATE INDEX "dryLab_sequencingrun_25b2d973" ON "dryLab_sequencingrun" USING btree (run_sequencing_center_id);


--
-- Name: dryLab_sequencingrun_5b66a9ec; Type: INDEX; Schema: public; Owner: dekker_lab
--

CREATE INDEX "dryLab_sequencingrun_5b66a9ec" ON "dryLab_sequencingrun" USING btree (run_sequencing_platform_id);


--
-- Name: dryLab_sequencingrun_e3c5483f; Type: INDEX; Schema: public; Owner: dekker_lab
--

CREATE INDEX "dryLab_sequencingrun_e3c5483f" ON "dryLab_sequencingrun" USING btree (project_id);


--
-- Name: dryLab_sequencingrun_run_Experiment_abd1812d; Type: INDEX; Schema: public; Owner: dekker_lab
--

CREATE INDEX "dryLab_sequencingrun_run_Experiment_abd1812d" ON "dryLab_sequencingrun_run_Experiment" USING btree (experiment_id);


--
-- Name: dryLab_sequencingrun_run_Experiment_fd70df03; Type: INDEX; Schema: public; Owner: dekker_lab
--

CREATE INDEX "dryLab_sequencingrun_run_Experiment_fd70df03" ON "dryLab_sequencingrun_run_Experiment" USING btree (sequencingrun_id);


--
-- Name: organization_award_0880abd2; Type: INDEX; Schema: public; Owner: dekker_lab
--

CREATE INDEX organization_award_0880abd2 ON organization_award USING btree (award_name);


--
-- Name: organization_award_award_exp_abd1812d; Type: INDEX; Schema: public; Owner: dekker_lab
--

CREATE INDEX organization_award_award_exp_abd1812d ON organization_award_award_exp USING btree (experiment_id);


--
-- Name: organization_award_award_exp_e165b127; Type: INDEX; Schema: public; Owner: dekker_lab
--

CREATE INDEX organization_award_award_exp_e165b127 ON organization_award_award_exp USING btree (award_id);


--
-- Name: organization_award_award_name_4cd1523a_like; Type: INDEX; Schema: public; Owner: dekker_lab
--

CREATE INDEX organization_award_award_name_4cd1523a_like ON organization_award USING btree (award_name varchar_pattern_ops);


--
-- Name: organization_award_award_project_b098ad43; Type: INDEX; Schema: public; Owner: dekker_lab
--

CREATE INDEX organization_award_award_project_b098ad43 ON organization_award_award_project USING btree (project_id);


--
-- Name: organization_award_award_project_e165b127; Type: INDEX; Schema: public; Owner: dekker_lab
--

CREATE INDEX organization_award_award_project_e165b127 ON organization_award_award_project USING btree (award_id);


--
-- Name: organization_choice_7f4ef4da; Type: INDEX; Schema: public; Owner: dekker_lab
--

CREATE INDEX organization_choice_7f4ef4da ON organization_choice USING btree (choice_name);


--
-- Name: organization_choice_choice_name_4a0a16e1_like; Type: INDEX; Schema: public; Owner: dekker_lab
--

CREATE INDEX organization_choice_choice_name_4a0a16e1_like ON organization_choice USING btree (choice_name varchar_pattern_ops);


--
-- Name: organization_experiment_26378547; Type: INDEX; Schema: public; Owner: dekker_lab
--

CREATE INDEX organization_experiment_26378547 ON organization_experiment USING btree (experiment_protocol_id);


--
-- Name: organization_experiment_26ba2bd2; Type: INDEX; Schema: public; Owner: dekker_lab
--

CREATE INDEX organization_experiment_26ba2bd2 ON organization_experiment USING btree (documents_id);


--
-- Name: organization_experiment_4da4bcec; Type: INDEX; Schema: public; Owner: dekker_lab
--

CREATE INDEX organization_experiment_4da4bcec ON organization_experiment USING btree (experiment_biosample_id);


--
-- Name: organization_experiment_97919c2f; Type: INDEX; Schema: public; Owner: dekker_lab
--

CREATE INDEX organization_experiment_97919c2f ON organization_experiment USING btree (project_id);


--
-- Name: organization_experiment_9ce5b7f8; Type: INDEX; Schema: public; Owner: dekker_lab
--

CREATE INDEX organization_experiment_9ce5b7f8 ON organization_experiment USING btree (experiment_name);


--
-- Name: organization_experiment_addb0081; Type: INDEX; Schema: public; Owner: dekker_lab
--

CREATE INDEX organization_experiment_addb0081 ON organization_experiment USING btree (experiment_enzyme_id);


--
-- Name: organization_experiment_b8031b35; Type: INDEX; Schema: public; Owner: dekker_lab
--

CREATE INDEX organization_experiment_b8031b35 ON organization_experiment USING btree (references_id);


--
-- Name: organization_experiment_exp_name_c27c11e2_like; Type: INDEX; Schema: public; Owner: dekker_lab
--

CREATE INDEX organization_experiment_exp_name_c27c11e2_like ON organization_experiment USING btree (experiment_name varchar_pattern_ops);


--
-- Name: organization_experiment_experiment_imageObjects_6443f333; Type: INDEX; Schema: public; Owner: dekker_lab
--

CREATE INDEX "organization_experiment_experiment_imageObjects_6443f333" ON "organization_experiment_experiment_imageObjects" USING btree (imageobjects_id);


--
-- Name: organization_experiment_experiment_imageObjects_abd1812d; Type: INDEX; Schema: public; Owner: dekker_lab
--

CREATE INDEX "organization_experiment_experiment_imageObjects_abd1812d" ON "organization_experiment_experiment_imageObjects" USING btree (experiment_id);


--
-- Name: organization_experimentset_10fd9ce5; Type: INDEX; Schema: public; Owner: dekker_lab
--

CREATE INDEX organization_experimentset_10fd9ce5 ON organization_experimentset USING btree ("experimentSet_type_id");


--
-- Name: organization_experimentset_b098ad43; Type: INDEX; Schema: public; Owner: dekker_lab
--

CREATE INDEX organization_experimentset_b098ad43 ON organization_experimentset USING btree (project_id);


--
-- Name: organization_experimentset_experimentSet_exp_81f690dc; Type: INDEX; Schema: public; Owner: dekker_lab
--

CREATE INDEX "organization_experimentset_experimentSet_exp_81f690dc" ON "organization_experimentset_experimentSet_exp" USING btree (experimentset_id);


--
-- Name: organization_experimentset_experimentSet_exp_abd1812d; Type: INDEX; Schema: public; Owner: dekker_lab
--

CREATE INDEX "organization_experimentset_experimentSet_exp_abd1812d" ON "organization_experimentset_experimentSet_exp" USING btree (experiment_id);


--
-- Name: organization_jsonobjfield_73f329f1; Type: INDEX; Schema: public; Owner: dekker_lab
--

CREATE INDEX organization_jsonobjfield_73f329f1 ON organization_jsonobjfield USING btree (field_name);


--
-- Name: organization_jsonobjfield_field_name_7d154517_like; Type: INDEX; Schema: public; Owner: dekker_lab
--

CREATE INDEX organization_jsonobjfield_field_name_7d154517_like ON organization_jsonobjfield USING btree (field_name varchar_pattern_ops);


--
-- Name: organization_project_project_contributor_b098ad43; Type: INDEX; Schema: public; Owner: dekker_lab
--

CREATE INDEX organization_project_project_contributor_b098ad43 ON organization_project_project_contributor USING btree (project_id);


--
-- Name: organization_project_project_contributor_e8701ad4; Type: INDEX; Schema: public; Owner: dekker_lab
--

CREATE INDEX organization_project_project_contributor_e8701ad4 ON organization_project_project_contributor USING btree (user_id);


--
-- Name: organization_project_project_name_256c82dc_like; Type: INDEX; Schema: public; Owner: dekker_lab
--

CREATE INDEX organization_project_project_name_256c82dc_like ON organization_project USING btree (project_name varchar_pattern_ops);


--
-- Name: organization_tag_b098ad43; Type: INDEX; Schema: public; Owner: dekker_lab
--

CREATE INDEX organization_tag_b098ad43 ON organization_tag USING btree (project_id);


--
-- Name: organization_tag_c4c3ca7e; Type: INDEX; Schema: public; Owner: dekker_lab
--

CREATE INDEX organization_tag_c4c3ca7e ON organization_tag USING btree (tag_name);


--
-- Name: organization_tag_fc0336af; Type: INDEX; Schema: public; Owner: dekker_lab
--

CREATE INDEX organization_tag_fc0336af ON organization_tag USING btree (tag_user_id);


--
-- Name: organization_tag_tag_exp_76f094bc; Type: INDEX; Schema: public; Owner: dekker_lab
--

CREATE INDEX organization_tag_tag_exp_76f094bc ON organization_tag_tag_exp USING btree (tag_id);


--
-- Name: organization_tag_tag_exp_abd1812d; Type: INDEX; Schema: public; Owner: dekker_lab
--

CREATE INDEX organization_tag_tag_exp_abd1812d ON organization_tag_tag_exp USING btree (experiment_id);


--
-- Name: organization_tag_tag_name_36d689a9_like; Type: INDEX; Schema: public; Owner: dekker_lab
--

CREATE INDEX organization_tag_tag_name_36d689a9_like ON organization_tag USING btree (tag_name varchar_pattern_ops);


--
-- Name: wetLab_barcode_44b7b8ed; Type: INDEX; Schema: public; Owner: dekker_lab
--

CREATE INDEX "wetLab_barcode_44b7b8ed" ON "wetLab_barcode" USING btree (barcode_exp_id);


--
-- Name: wetLab_barcode_519547ad; Type: INDEX; Schema: public; Owner: dekker_lab
--

CREATE INDEX "wetLab_barcode_519547ad" ON "wetLab_barcode" USING btree (barcode_name_2_id);


--
-- Name: wetLab_barcode_5fbaeb57; Type: INDEX; Schema: public; Owner: dekker_lab
--

CREATE INDEX "wetLab_barcode_5fbaeb57" ON "wetLab_barcode" USING btree (barcode_run_id);


--
-- Name: wetLab_barcode_a9f5a740; Type: INDEX; Schema: public; Owner: dekker_lab
--

CREATE INDEX "wetLab_barcode_a9f5a740" ON "wetLab_barcode" USING btree (barcode_name_1_id);


--
-- Name: wetLab_biosample_26ba2bd2; Type: INDEX; Schema: public; Owner: dekker_lab
--

CREATE INDEX "wetLab_biosample_26ba2bd2" ON "wetLab_biosample" USING btree (documents_id);


--
-- Name: wetLab_biosample_5ab06c9a; Type: INDEX; Schema: public; Owner: dekker_lab
--

CREATE INDEX "wetLab_biosample_5ab06c9a" ON "wetLab_biosample" USING btree ("userOwner_id");


--
-- Name: wetLab_biosample_5d9bab05; Type: INDEX; Schema: public; Owner: dekker_lab
--

CREATE INDEX "wetLab_biosample_5d9bab05" ON "wetLab_biosample" USING btree (biosample_type_id);


--
-- Name: wetLab_biosample_76571a39; Type: INDEX; Schema: public; Owner: dekker_lab
--

CREATE INDEX "wetLab_biosample_76571a39" ON "wetLab_biosample" USING btree (biosample_biosource_id);


--
-- Name: wetLab_biosample_8740a42e; Type: INDEX; Schema: public; Owner: dekker_lab
--

CREATE INDEX "wetLab_biosample_8740a42e" ON "wetLab_biosample" USING btree (biosample_protocol_id);


--
-- Name: wetLab_biosample_9325359d; Type: INDEX; Schema: public; Owner: dekker_lab
--

CREATE INDEX "wetLab_biosample_9325359d" ON "wetLab_biosample" USING btree (biosample_individual_id);


--
-- Name: wetLab_biosample_b084c6a1; Type: INDEX; Schema: public; Owner: dekker_lab
--

CREATE INDEX "wetLab_biosample_b084c6a1" ON "wetLab_biosample" USING btree (biosample_modification_id);


--
-- Name: wetLab_biosample_b8031b35; Type: INDEX; Schema: public; Owner: dekker_lab
--

CREATE INDEX "wetLab_biosample_b8031b35" ON "wetLab_biosample" USING btree (references_id);


--
-- Name: wetLab_biosample_biosample_imageObjects_6443f333; Type: INDEX; Schema: public; Owner: dekker_lab
--

CREATE INDEX "wetLab_biosample_biosample_imageObjects_6443f333" ON "wetLab_biosample_biosample_imageObjects" USING btree (imageobjects_id);


--
-- Name: wetLab_biosample_biosample_imageObjects_ed620ae6; Type: INDEX; Schema: public; Owner: dekker_lab
--

CREATE INDEX "wetLab_biosample_biosample_imageObjects_ed620ae6" ON "wetLab_biosample_biosample_imageObjects" USING btree (biosample_id);


--
-- Name: wetLab_biosample_fe7cc4b3; Type: INDEX; Schema: public; Owner: dekker_lab
--

CREATE INDEX "wetLab_biosample_fe7cc4b3" ON "wetLab_biosample" USING btree (biosample_treatment_id);


--
-- Name: wetLab_biosource_26ba2bd2; Type: INDEX; Schema: public; Owner: dekker_lab
--

CREATE INDEX "wetLab_biosource_26ba2bd2" ON "wetLab_biosource" USING btree (documents_id);


--
-- Name: wetLab_biosource_3c069fda; Type: INDEX; Schema: public; Owner: dekker_lab
--

CREATE INDEX "wetLab_biosource_3c069fda" ON "wetLab_biosource" USING btree ("biosource_SOP_cell_line_id");


--
-- Name: wetLab_biosource_57d55dec; Type: INDEX; Schema: public; Owner: dekker_lab
--

CREATE INDEX "wetLab_biosource_57d55dec" ON "wetLab_biosource" USING btree (biosource_individual_id);


--
-- Name: wetLab_biosource_7cc007f5; Type: INDEX; Schema: public; Owner: dekker_lab
--

CREATE INDEX "wetLab_biosource_7cc007f5" ON "wetLab_biosource" USING btree (biosource_vendor_id);


--
-- Name: wetLab_biosource_b8031b35; Type: INDEX; Schema: public; Owner: dekker_lab
--

CREATE INDEX "wetLab_biosource_b8031b35" ON "wetLab_biosource" USING btree (references_id);


--
-- Name: wetLab_biosource_d29823f0; Type: INDEX; Schema: public; Owner: dekker_lab
--

CREATE INDEX "wetLab_biosource_d29823f0" ON "wetLab_biosource" USING btree (biosource_cell_line_tier_id);


--
-- Name: wetLab_biosource_ddb78b12; Type: INDEX; Schema: public; Owner: dekker_lab
--

CREATE INDEX "wetLab_biosource_ddb78b12" ON "wetLab_biosource" USING btree (biosource_type_id);


--
-- Name: wetLab_construct_180f36bf; Type: INDEX; Schema: public; Owner: dekker_lab
--

CREATE INDEX "wetLab_construct_180f36bf" ON "wetLab_construct" USING btree (construct_vendor_id);


--
-- Name: wetLab_construct_74ad273a; Type: INDEX; Schema: public; Owner: dekker_lab
--

CREATE INDEX "wetLab_construct_74ad273a" ON "wetLab_construct" USING btree (construct_map_id);


--
-- Name: wetLab_construct_c6afd5d5; Type: INDEX; Schema: public; Owner: dekker_lab
--

CREATE INDEX "wetLab_construct_c6afd5d5" ON "wetLab_construct" USING btree (construct_type_id);


--
-- Name: wetLab_document_bd49ca7f; Type: INDEX; Schema: public; Owner: dekker_lab
--

CREATE INDEX "wetLab_document_bd49ca7f" ON "wetLab_document" USING btree (document_type_id);


--
-- Name: wetLab_document_db7620b1; Type: INDEX; Schema: public; Owner: dekker_lab
--

CREATE INDEX "wetLab_document_db7620b1" ON "wetLab_document" USING btree (document_references_id);


--
-- Name: wetLab_enzyme_26ba2bd2; Type: INDEX; Schema: public; Owner: dekker_lab
--

CREATE INDEX "wetLab_enzyme_26ba2bd2" ON "wetLab_enzyme" USING btree (documents_id);


--
-- Name: wetLab_enzyme_3e38ef5b; Type: INDEX; Schema: public; Owner: dekker_lab
--

CREATE INDEX "wetLab_enzyme_3e38ef5b" ON "wetLab_enzyme" USING btree (enzyme_vendor_id);


--
-- Name: wetLab_enzyme_b8031b35; Type: INDEX; Schema: public; Owner: dekker_lab
--

CREATE INDEX "wetLab_enzyme_b8031b35" ON "wetLab_enzyme" USING btree (references_id);


--
-- Name: wetLab_genomicregions_a8bc63f4; Type: INDEX; Schema: public; Owner: dekker_lab
--

CREATE INDEX "wetLab_genomicregions_a8bc63f4" ON "wetLab_genomicregions" USING btree ("genomicRegions_genome_assembly_id");


--
-- Name: wetLab_genomicregions_de491e0b; Type: INDEX; Schema: public; Owner: dekker_lab
--

CREATE INDEX "wetLab_genomicregions_de491e0b" ON "wetLab_genomicregions" USING btree ("genomicRegions_chromosome_id");


--
-- Name: wetLab_individual_26ba2bd2; Type: INDEX; Schema: public; Owner: dekker_lab
--

CREATE INDEX "wetLab_individual_26ba2bd2" ON "wetLab_individual" USING btree (documents_id);


--
-- Name: wetLab_individual_5ab06c9a; Type: INDEX; Schema: public; Owner: dekker_lab
--

CREATE INDEX "wetLab_individual_5ab06c9a" ON "wetLab_individual" USING btree ("userOwner_id");


--
-- Name: wetLab_individual_7291c6ed; Type: INDEX; Schema: public; Owner: dekker_lab
--

CREATE INDEX "wetLab_individual_7291c6ed" ON "wetLab_individual" USING btree (individual_vendor_id);


--
-- Name: wetLab_individual_b8031b35; Type: INDEX; Schema: public; Owner: dekker_lab
--

CREATE INDEX "wetLab_individual_b8031b35" ON "wetLab_individual" USING btree (references_id);


--
-- Name: wetLab_individual_d32231a1; Type: INDEX; Schema: public; Owner: dekker_lab
--

CREATE INDEX "wetLab_individual_d32231a1" ON "wetLab_individual" USING btree (individual_type_id);


--
-- Name: wetLab_modification_26ba2bd2; Type: INDEX; Schema: public; Owner: dekker_lab
--

CREATE INDEX "wetLab_modification_26ba2bd2" ON "wetLab_modification" USING btree (documents_id);


--
-- Name: wetLab_modification_44219c4d; Type: INDEX; Schema: public; Owner: dekker_lab
--

CREATE INDEX "wetLab_modification_44219c4d" ON "wetLab_modification" USING btree (modification_target_id);


--
-- Name: wetLab_modification_5ab06c9a; Type: INDEX; Schema: public; Owner: dekker_lab
--

CREATE INDEX "wetLab_modification_5ab06c9a" ON "wetLab_modification" USING btree ("userOwner_id");


--
-- Name: wetLab_modification_77a25beb; Type: INDEX; Schema: public; Owner: dekker_lab
--

CREATE INDEX "wetLab_modification_77a25beb" ON "wetLab_modification" USING btree (modification_constructs_id);


--
-- Name: wetLab_modification_a37c1183; Type: INDEX; Schema: public; Owner: dekker_lab
--

CREATE INDEX "wetLab_modification_a37c1183" ON "wetLab_modification" USING btree (modification_vendor_id);


--
-- Name: wetLab_modification_a8219f78; Type: INDEX; Schema: public; Owner: dekker_lab
--

CREATE INDEX "wetLab_modification_a8219f78" ON "wetLab_modification" USING btree ("modification_genomicRegions_id");


--
-- Name: wetLab_modification_b8031b35; Type: INDEX; Schema: public; Owner: dekker_lab
--

CREATE INDEX "wetLab_modification_b8031b35" ON "wetLab_modification" USING btree (references_id);


--
-- Name: wetLab_modification_de622e85; Type: INDEX; Schema: public; Owner: dekker_lab
--

CREATE INDEX "wetLab_modification_de622e85" ON "wetLab_modification" USING btree (modification_type_id);


--
-- Name: wetLab_others_26ba2bd2; Type: INDEX; Schema: public; Owner: dekker_lab
--

CREATE INDEX "wetLab_others_26ba2bd2" ON "wetLab_other" USING btree (documents_id);


--
-- Name: wetLab_others_b8031b35; Type: INDEX; Schema: public; Owner: dekker_lab
--

CREATE INDEX "wetLab_others_b8031b35" ON "wetLab_other" USING btree (references_id);


--
-- Name: wetLab_others_biosample_3f5eab67; Type: INDEX; Schema: public; Owner: dekker_lab
--

CREATE INDEX "wetLab_others_biosample_3f5eab67" ON "wetLab_other_biosample" USING btree (other_id);


--
-- Name: wetLab_others_biosample_ed620ae6; Type: INDEX; Schema: public; Owner: dekker_lab
--

CREATE INDEX "wetLab_others_biosample_ed620ae6" ON "wetLab_other_biosample" USING btree (biosample_id);


--
-- Name: wetLab_protocol_251a54d4; Type: INDEX; Schema: public; Owner: dekker_lab
--

CREATE INDEX "wetLab_protocol_251a54d4" ON "wetLab_protocol" USING btree (protocol_enzyme_id);


--
-- Name: wetLab_protocol_5ab06c9a; Type: INDEX; Schema: public; Owner: dekker_lab
--

CREATE INDEX "wetLab_protocol_5ab06c9a" ON "wetLab_protocol" USING btree ("userOwner_id");


--
-- Name: wetLab_protocol_7427971f; Type: INDEX; Schema: public; Owner: dekker_lab
--

CREATE INDEX "wetLab_protocol_7427971f" ON "wetLab_protocol" USING btree (protocol_document_id);


--
-- Name: wetLab_protocol_a5924f0d; Type: INDEX; Schema: public; Owner: dekker_lab
--

CREATE INDEX "wetLab_protocol_a5924f0d" ON "wetLab_protocol" USING btree (protocol_type_id);


--
-- Name: wetLab_treatmentchemical_26ba2bd2; Type: INDEX; Schema: public; Owner: dekker_lab
--

CREATE INDEX "wetLab_treatmentchemical_26ba2bd2" ON "wetLab_treatmentchemical" USING btree (documents_id);


--
-- Name: wetLab_treatmentchemical_6b837999; Type: INDEX; Schema: public; Owner: dekker_lab
--

CREATE INDEX "wetLab_treatmentchemical_6b837999" ON "wetLab_treatmentchemical" USING btree ("treatmentChemical_concentration_units_id");


--
-- Name: wetLab_treatmentchemical_b8031b35; Type: INDEX; Schema: public; Owner: dekker_lab
--

CREATE INDEX "wetLab_treatmentchemical_b8031b35" ON "wetLab_treatmentchemical" USING btree (references_id);


--
-- Name: wetLab_treatmentchemical_ec91958a; Type: INDEX; Schema: public; Owner: dekker_lab
--

CREATE INDEX "wetLab_treatmentchemical_ec91958a" ON "wetLab_treatmentchemical" USING btree ("treatmentChemical_duration_units_id");


--
-- Name: wetLab_treatmentchemical_treatmentChemical_biosample_4d294d4d; Type: INDEX; Schema: public; Owner: dekker_lab
--

CREATE INDEX "wetLab_treatmentchemical_treatmentChemical_biosample_4d294d4d" ON "wetLab_treatmentchemical_biosample" USING btree (treatmentchemical_id);


--
-- Name: wetLab_treatmentchemical_treatmentChemical_biosample_ed620ae6; Type: INDEX; Schema: public; Owner: dekker_lab
--

CREATE INDEX "wetLab_treatmentchemical_treatmentChemical_biosample_ed620ae6" ON "wetLab_treatmentchemical_biosample" USING btree (biosample_id);


--
-- Name: wetLab_treatmentrnai_1362b87b; Type: INDEX; Schema: public; Owner: dekker_lab
--

CREATE INDEX "wetLab_treatmentrnai_1362b87b" ON "wetLab_treatmentrnai" USING btree ("treatmentRnai_rnai_vendor_id");


--
-- Name: wetLab_treatmentrnai_26ba2bd2; Type: INDEX; Schema: public; Owner: dekker_lab
--

CREATE INDEX "wetLab_treatmentrnai_26ba2bd2" ON "wetLab_treatmentrnai" USING btree (documents_id);


--
-- Name: wetLab_treatmentrnai_90f45537; Type: INDEX; Schema: public; Owner: dekker_lab
--

CREATE INDEX "wetLab_treatmentrnai_90f45537" ON "wetLab_treatmentrnai" USING btree ("treatmentRnai_target_id");


--
-- Name: wetLab_treatmentrnai_b8031b35; Type: INDEX; Schema: public; Owner: dekker_lab
--

CREATE INDEX "wetLab_treatmentrnai_b8031b35" ON "wetLab_treatmentrnai" USING btree (references_id);


--
-- Name: wetLab_treatmentrnai_e1fdfd64; Type: INDEX; Schema: public; Owner: dekker_lab
--

CREATE INDEX "wetLab_treatmentrnai_e1fdfd64" ON "wetLab_treatmentrnai" USING btree ("treatmentRnai_rnai_type_id");


--
-- Name: wetLab_treatmentrnai_fabd8087; Type: INDEX; Schema: public; Owner: dekker_lab
--

CREATE INDEX "wetLab_treatmentrnai_fabd8087" ON "wetLab_treatmentrnai" USING btree ("treatmentRnai_rnai_constructs_id");


--
-- Name: wetLab_treatmentrnai_treatmentRnai_biosample_8f014655; Type: INDEX; Schema: public; Owner: dekker_lab
--

CREATE INDEX "wetLab_treatmentrnai_treatmentRnai_biosample_8f014655" ON "wetLab_treatmentrnai_biosample" USING btree (treatmentrnai_id);


--
-- Name: wetLab_treatmentrnai_treatmentRnai_biosample_ed620ae6; Type: INDEX; Schema: public; Owner: dekker_lab
--

CREATE INDEX "wetLab_treatmentrnai_treatmentRnai_biosample_ed620ae6" ON "wetLab_treatmentrnai_biosample" USING btree (biosample_id);


--
-- Name: D03fcd05fc22891093b553ffc9bfa5fb; Type: FK CONSTRAINT; Schema: public; Owner: dekker_lab
--

ALTER TABLE ONLY "wetLab_genomicregions"
    ADD CONSTRAINT "D03fcd05fc22891093b553ffc9bfa5fb" FOREIGN KEY ("genomicRegions_genome_assembly_id") REFERENCES organization_choice(id) DEFERRABLE INITIALLY DEFERRED;


--
-- Name: D82520d8b11b05c4a89f3094cb107a3e; Type: FK CONSTRAINT; Schema: public; Owner: dekker_lab
--

ALTER TABLE ONLY "wetLab_modification"
    ADD CONSTRAINT "D82520d8b11b05c4a89f3094cb107a3e" FOREIGN KEY ("modification_genomicRegions_id") REFERENCES "wetLab_genomicregions"(id) DEFERRABLE INITIALLY DEFERRED;


--
-- Name: D991b6635c5b3f0489a70038f4deaa4c; Type: FK CONSTRAINT; Schema: public; Owner: dekker_lab
--

ALTER TABLE ONLY "wetLab_genomicregions"
    ADD CONSTRAINT "D991b6635c5b3f0489a70038f4deaa4c" FOREIGN KEY ("genomicRegions_chromosome_id") REFERENCES organization_choice(id) DEFERRABLE INITIALLY DEFERRED;


--
-- Name: D9e4d399c385bf5e7cefe130ea31acce; Type: FK CONSTRAINT; Schema: public; Owner: dekker_lab
--

ALTER TABLE ONLY "wetLab_treatmentchemical"
    ADD CONSTRAINT "D9e4d399c385bf5e7cefe130ea31acce" FOREIGN KEY ("treatmentChemical_duration_units_id") REFERENCES organization_choice(id) DEFERRABLE INITIALLY DEFERRED;


--
-- Name: auth_group_permiss_permission_id_84c5c92e_fk_auth_permission_id; Type: FK CONSTRAINT; Schema: public; Owner: dekker_lab
--

ALTER TABLE ONLY auth_group_permissions
    ADD CONSTRAINT auth_group_permiss_permission_id_84c5c92e_fk_auth_permission_id FOREIGN KEY (permission_id) REFERENCES auth_permission(id) DEFERRABLE INITIALLY DEFERRED;


--
-- Name: auth_group_permissions_group_id_b120cbf9_fk_auth_group_id; Type: FK CONSTRAINT; Schema: public; Owner: dekker_lab
--

ALTER TABLE ONLY auth_group_permissions
    ADD CONSTRAINT auth_group_permissions_group_id_b120cbf9_fk_auth_group_id FOREIGN KEY (group_id) REFERENCES auth_group(id) DEFERRABLE INITIALLY DEFERRED;


--
-- Name: auth_permiss_content_type_id_2f476e4b_fk_django_content_type_id; Type: FK CONSTRAINT; Schema: public; Owner: dekker_lab
--

ALTER TABLE ONLY auth_permission
    ADD CONSTRAINT auth_permiss_content_type_id_2f476e4b_fk_django_content_type_id FOREIGN KEY (content_type_id) REFERENCES django_content_type(id) DEFERRABLE INITIALLY DEFERRED;


--
-- Name: auth_user_groups_group_id_97559544_fk_auth_group_id; Type: FK CONSTRAINT; Schema: public; Owner: dekker_lab
--

ALTER TABLE ONLY auth_user_groups
    ADD CONSTRAINT auth_user_groups_group_id_97559544_fk_auth_group_id FOREIGN KEY (group_id) REFERENCES auth_group(id) DEFERRABLE INITIALLY DEFERRED;


--
-- Name: auth_user_groups_user_id_6a12ed8b_fk_auth_user_id; Type: FK CONSTRAINT; Schema: public; Owner: dekker_lab
--

ALTER TABLE ONLY auth_user_groups
    ADD CONSTRAINT auth_user_groups_user_id_6a12ed8b_fk_auth_user_id FOREIGN KEY (user_id) REFERENCES auth_user(id) DEFERRABLE INITIALLY DEFERRED;


--
-- Name: auth_user_user_per_permission_id_1fbb5f2c_fk_auth_permission_id; Type: FK CONSTRAINT; Schema: public; Owner: dekker_lab
--

ALTER TABLE ONLY auth_user_user_permissions
    ADD CONSTRAINT auth_user_user_per_permission_id_1fbb5f2c_fk_auth_permission_id FOREIGN KEY (permission_id) REFERENCES auth_permission(id) DEFERRABLE INITIALLY DEFERRED;


--
-- Name: auth_user_user_permissions_user_id_a95ead1b_fk_auth_user_id; Type: FK CONSTRAINT; Schema: public; Owner: dekker_lab
--

ALTER TABLE ONLY auth_user_user_permissions
    ADD CONSTRAINT auth_user_user_permissions_user_id_a95ead1b_fk_auth_user_id FOREIGN KEY (user_id) REFERENCES auth_user(id) DEFERRABLE INITIALLY DEFERRED;


--
-- Name: b99bd57d0c5ddb68d6a7a74be84b668b; Type: FK CONSTRAINT; Schema: public; Owner: dekker_lab
--

ALTER TABLE ONLY "wetLab_treatmentchemical"
    ADD CONSTRAINT b99bd57d0c5ddb68d6a7a74be84b668b FOREIGN KEY ("treatmentChemical_concentration_units_id") REFERENCES organization_choice(id) DEFERRABLE INITIALLY DEFERRED;


--
-- Name: biosource_cell_line_tier_id_f5243234_fk_organization_choice_id; Type: FK CONSTRAINT; Schema: public; Owner: dekker_lab
--

ALTER TABLE ONLY "wetLab_biosource"
    ADD CONSTRAINT biosource_cell_line_tier_id_f5243234_fk_organization_choice_id FOREIGN KEY (biosource_cell_line_tier_id) REFERENCES organization_choice(id) DEFERRABLE INITIALLY DEFERRED;


--
-- Name: d_run_sequencing_platform_id_38504705_fk_organization_choice_id; Type: FK CONSTRAINT; Schema: public; Owner: dekker_lab
--

ALTER TABLE ONLY "dryLab_sequencingrun"
    ADD CONSTRAINT d_run_sequencing_platform_id_38504705_fk_organization_choice_id FOREIGN KEY (run_sequencing_platform_id) REFERENCES organization_choice(id) DEFERRABLE INITIALLY DEFERRED;


--
-- Name: django_admin_content_type_id_c4bce8eb_fk_django_content_type_id; Type: FK CONSTRAINT; Schema: public; Owner: dekker_lab
--

ALTER TABLE ONLY django_admin_log
    ADD CONSTRAINT django_admin_content_type_id_c4bce8eb_fk_django_content_type_id FOREIGN KEY (content_type_id) REFERENCES django_content_type(id) DEFERRABLE INITIALLY DEFERRED;


--
-- Name: django_admin_log_user_id_c564eba6_fk_auth_user_id; Type: FK CONSTRAINT; Schema: public; Owner: dekker_lab
--

ALTER TABLE ONLY django_admin_log
    ADD CONSTRAINT django_admin_log_user_id_c564eba6_fk_auth_user_id FOREIGN KEY (user_id) REFERENCES auth_user(id) DEFERRABLE INITIALLY DEFERRED;


--
-- Name: document_references_id_ceba0985_fk_organization_publication_id; Type: FK CONSTRAINT; Schema: public; Owner: dekker_lab
--

ALTER TABLE ONLY "wetLab_document"
    ADD CONSTRAINT document_references_id_ceba0985_fk_organization_publication_id FOREIGN KEY (document_references_id) REFERENCES organization_publication(id) DEFERRABLE INITIALLY DEFERRED;


--
-- Name: dr_sequencingFile_exp_id_e0ad46c3_fk_organization_experiment_id; Type: FK CONSTRAINT; Schema: public; Owner: dekker_lab
--

ALTER TABLE ONLY "dryLab_seqencingfile"
    ADD CONSTRAINT "dr_sequencingFile_exp_id_e0ad46c3_fk_organization_experiment_id" FOREIGN KEY ("sequencingFile_exp_id") REFERENCES organization_experiment(id) DEFERRABLE INITIALLY DEFERRED;


--
-- Name: dryLa_analysis_type_id_2a82ed6e_fk_organization_jsonobjfield_id; Type: FK CONSTRAINT; Schema: public; Owner: dekker_lab
--

ALTER TABLE ONLY "dryLab_analysis"
    ADD CONSTRAINT "dryLa_analysis_type_id_2a82ed6e_fk_organization_jsonobjfield_id" FOREIGN KEY (analysis_type_id) REFERENCES organization_jsonobjfield(id) DEFERRABLE INITIALLY DEFERRED;


--
-- Name: dryLa_sequencingFile_run_id_4a73108b_fk_dryLab_sequencingrun_id; Type: FK CONSTRAINT; Schema: public; Owner: dekker_lab
--

ALTER TABLE ONLY "dryLab_seqencingfile"
    ADD CONSTRAINT "dryLa_sequencingFile_run_id_4a73108b_fk_dryLab_sequencingrun_id" FOREIGN KEY ("sequencingFile_run_id") REFERENCES "dryLab_sequencingrun"(id) DEFERRABLE INITIALLY DEFERRED;


--
-- Name: dryLab_a_analysis_exp_id_167d8837_fk_organization_experiment_id; Type: FK CONSTRAINT; Schema: public; Owner: dekker_lab
--

ALTER TABLE ONLY "dryLab_analysis"
    ADD CONSTRAINT "dryLab_a_analysis_exp_id_167d8837_fk_organization_experiment_id" FOREIGN KEY (analysis_exp_id) REFERENCES organization_experiment(id) DEFERRABLE INITIALLY DEFERRED;


--
-- Name: dryLab_ana_seqencingfile_id_25f7ead1_fk_dryLab_seqencingfile_id; Type: FK CONSTRAINT; Schema: public; Owner: dekker_lab
--

ALTER TABLE ONLY "dryLab_analysis_analysis_file"
    ADD CONSTRAINT "dryLab_ana_seqencingfile_id_25f7ead1_fk_dryLab_seqencingfile_id" FOREIGN KEY (seqencingfile_id) REFERENCES "dryLab_seqencingfile"(id) DEFERRABLE INITIALLY DEFERRED;


--
-- Name: dryLab_analysis_anal_analysis_id_69e68d51_fk_dryLab_analysis_id; Type: FK CONSTRAINT; Schema: public; Owner: dekker_lab
--

ALTER TABLE ONLY "dryLab_analysis_analysis_file"
    ADD CONSTRAINT "dryLab_analysis_anal_analysis_id_69e68d51_fk_dryLab_analysis_id" FOREIGN KEY (analysis_id) REFERENCES "dryLab_analysis"(id) DEFERRABLE INITIALLY DEFERRED;


--
-- Name: dryLab_fil_seqencingfile_id_f5707c96_fk_dryLab_seqencingfile_id; Type: FK CONSTRAINT; Schema: public; Owner: dekker_lab
--

ALTER TABLE ONLY "dryLab_fileset_fileSet_file"
    ADD CONSTRAINT "dryLab_fil_seqencingfile_id_f5707c96_fk_dryLab_seqencingfile_id" FOREIGN KEY (seqencingfile_id) REFERENCES "dryLab_seqencingfile"(id) DEFERRABLE INITIALLY DEFERRED;


--
-- Name: dryLab_files_fileset_type_id_36fb1eff_fk_organization_choice_id; Type: FK CONSTRAINT; Schema: public; Owner: dekker_lab
--

ALTER TABLE ONLY "dryLab_fileset"
    ADD CONSTRAINT "dryLab_files_fileset_type_id_36fb1eff_fk_organization_choice_id" FOREIGN KEY (fileset_type_id) REFERENCES organization_choice(id) DEFERRABLE INITIALLY DEFERRED;


--
-- Name: dryLab_fileset_fileSet_fileset_id_06f44b7c_fk_dryLab_fileset_id; Type: FK CONSTRAINT; Schema: public; Owner: dekker_lab
--

ALTER TABLE ONLY "dryLab_fileset_fileSet_file"
    ADD CONSTRAINT "dryLab_fileset_fileSet_fileset_id_06f44b7c_fk_dryLab_fileset_id" FOREIGN KEY (fileset_id) REFERENCES "dryLab_fileset"(id) DEFERRABLE INITIALLY DEFERRED;


--
-- Name: dryLab_fileset_project_id_a6587463_fk_organization_project_id; Type: FK CONSTRAINT; Schema: public; Owner: dekker_lab
--

ALTER TABLE ONLY "dryLab_fileset"
    ADD CONSTRAINT "dryLab_fileset_project_id_a6587463_fk_organization_project_id" FOREIGN KEY (project_id) REFERENCES organization_project(id) DEFERRABLE INITIALLY DEFERRED;


--
-- Name: dryLab_imageobje_project_id_17d1cc79_fk_organization_project_id; Type: FK CONSTRAINT; Schema: public; Owner: dekker_lab
--

ALTER TABLE ONLY "dryLab_imageobjects"
    ADD CONSTRAINT "dryLab_imageobje_project_id_17d1cc79_fk_organization_project_id" FOREIGN KEY (project_id) REFERENCES organization_project(id) DEFERRABLE INITIALLY DEFERRED;


--
-- Name: dryLab_images_image_analysis_id_fdbb9eaa_fk_dryLab_analysis_id; Type: FK CONSTRAINT; Schema: public; Owner: dekker_lab
--

ALTER TABLE ONLY "dryLab_images"
    ADD CONSTRAINT "dryLab_images_image_analysis_id_fdbb9eaa_fk_dryLab_analysis_id" FOREIGN KEY (image_analysis_id) REFERENCES "dryLab_analysis"(id) DEFERRABLE INITIALLY DEFERRED;


--
-- Name: dryLab_seq_experiment_id_10732a7d_fk_organization_experiment_id; Type: FK CONSTRAINT; Schema: public; Owner: dekker_lab
--

ALTER TABLE ONLY "dryLab_sequencingrun_run_Experiment"
    ADD CONSTRAINT "dryLab_seq_experiment_id_10732a7d_fk_organization_experiment_id" FOREIGN KEY (experiment_id) REFERENCES organization_experiment(id) DEFERRABLE INITIALLY DEFERRED;


--
-- Name: dryLab_seq_sequencingrun_id_0a3e645f_fk_dryLab_sequencingrun_id; Type: FK CONSTRAINT; Schema: public; Owner: dekker_lab
--

ALTER TABLE ONLY "dryLab_sequencingrun_run_Experiment"
    ADD CONSTRAINT "dryLab_seq_sequencingrun_id_0a3e645f_fk_dryLab_sequencingrun_id" FOREIGN KEY (sequencingrun_id) REFERENCES "dryLab_sequencingrun"(id) DEFERRABLE INITIALLY DEFERRED;


--
-- Name: dryLab_seqencing_project_id_24194491_fk_organization_project_id; Type: FK CONSTRAINT; Schema: public; Owner: dekker_lab
--

ALTER TABLE ONLY "dryLab_seqencingfile"
    ADD CONSTRAINT "dryLab_seqencing_project_id_24194491_fk_organization_project_id" FOREIGN KEY (project_id) REFERENCES organization_project(id) DEFERRABLE INITIALLY DEFERRED;


--
-- Name: dryLab_sequencin_project_id_efa87906_fk_organization_project_id; Type: FK CONSTRAINT; Schema: public; Owner: dekker_lab
--

ALTER TABLE ONLY "dryLab_sequencingrun"
    ADD CONSTRAINT "dryLab_sequencin_project_id_efa87906_fk_organization_project_id" FOREIGN KEY (project_id) REFERENCES organization_project(id) DEFERRABLE INITIALLY DEFERRED;


--
-- Name: dry_run_sequencing_center_id_6fa757f9_fk_organization_choice_id; Type: FK CONSTRAINT; Schema: public; Owner: dekker_lab
--

ALTER TABLE ONLY "dryLab_sequencingrun"
    ADD CONSTRAINT dry_run_sequencing_center_id_6fa757f9_fk_organization_choice_id FOREIGN KEY (run_sequencing_center_id) REFERENCES organization_choice(id) DEFERRABLE INITIALLY DEFERRED;


--
-- Name: f2dcad364125f71fb88f69af4ad6176b; Type: FK CONSTRAINT; Schema: public; Owner: dekker_lab
--

ALTER TABLE ONLY "wetLab_treatmentrnai"
    ADD CONSTRAINT f2dcad364125f71fb88f69af4ad6176b FOREIGN KEY ("treatmentRnai_rnai_constructs_id") REFERENCES "wetLab_construct"(id) DEFERRABLE INITIALLY DEFERRED;


--
-- Name: orga_experimentset_id_434e2223_fk_organization_experimentset_id; Type: FK CONSTRAINT; Schema: public; Owner: dekker_lab
--

ALTER TABLE ONLY "organization_experimentset_experimentSet_exp"
    ADD CONSTRAINT orga_experimentset_id_434e2223_fk_organization_experimentset_id FOREIGN KEY (experimentset_id) REFERENCES organization_experimentset(id) DEFERRABLE INITIALLY DEFERRED;


--
-- Name: organi_experimentSet_type_id_33827643_fk_organization_choice_id; Type: FK CONSTRAINT; Schema: public; Owner: dekker_lab
--

ALTER TABLE ONLY organization_experimentset
    ADD CONSTRAINT "organi_experimentSet_type_id_33827643_fk_organization_choice_id" FOREIGN KEY ("experimentSet_type_id") REFERENCES organization_choice(id) DEFERRABLE INITIALLY DEFERRED;


--
-- Name: organiz_experiment_biosample_id_b0e1dec8_fk_wetLab_biosample_id; Type: FK CONSTRAINT; Schema: public; Owner: dekker_lab
--

ALTER TABLE ONLY organization_experiment
    ADD CONSTRAINT "organiz_experiment_biosample_id_b0e1dec8_fk_wetLab_biosample_id" FOREIGN KEY (experiment_biosample_id) REFERENCES "wetLab_biosample"(id) DEFERRABLE INITIALLY DEFERRED;


--
-- Name: organizat_experiment_protocol_id_bc85fec5_fk_wetLab_protocol_id; Type: FK CONSTRAINT; Schema: public; Owner: dekker_lab
--

ALTER TABLE ONLY organization_experiment
    ADD CONSTRAINT "organizat_experiment_protocol_id_bc85fec5_fk_wetLab_protocol_id" FOREIGN KEY (experiment_protocol_id) REFERENCES "wetLab_protocol"(id) DEFERRABLE INITIALLY DEFERRED;


--
-- Name: organizat_references_id_7f299209_fk_organization_publication_id; Type: FK CONSTRAINT; Schema: public; Owner: dekker_lab
--

ALTER TABLE ONLY organization_experiment
    ADD CONSTRAINT organizat_references_id_7f299209_fk_organization_publication_id FOREIGN KEY (references_id) REFERENCES organization_publication(id) DEFERRABLE INITIALLY DEFERRED;


--
-- Name: organizati_experiment_id_0129ca4b_fk_organization_experiment_id; Type: FK CONSTRAINT; Schema: public; Owner: dekker_lab
--

ALTER TABLE ONLY "organization_experiment_experiment_imageObjects"
    ADD CONSTRAINT organizati_experiment_id_0129ca4b_fk_organization_experiment_id FOREIGN KEY (experiment_id) REFERENCES organization_experiment(id) DEFERRABLE INITIALLY DEFERRED;


--
-- Name: organizati_experiment_id_37ec6f1a_fk_organization_experiment_id; Type: FK CONSTRAINT; Schema: public; Owner: dekker_lab
--

ALTER TABLE ONLY "organization_experimentset_experimentSet_exp"
    ADD CONSTRAINT organizati_experiment_id_37ec6f1a_fk_organization_experiment_id FOREIGN KEY (experiment_id) REFERENCES organization_experiment(id) DEFERRABLE INITIALLY DEFERRED;


--
-- Name: organizati_experiment_id_6c4f6459_fk_organization_experiment_id; Type: FK CONSTRAINT; Schema: public; Owner: dekker_lab
--

ALTER TABLE ONLY organization_award_award_exp
    ADD CONSTRAINT organizati_experiment_id_6c4f6459_fk_organization_experiment_id FOREIGN KEY (experiment_id) REFERENCES organization_experiment(id) DEFERRABLE INITIALLY DEFERRED;


--
-- Name: organizati_experiment_id_a08827b0_fk_organization_experiment_id; Type: FK CONSTRAINT; Schema: public; Owner: dekker_lab
--

ALTER TABLE ONLY organization_tag_tag_exp
    ADD CONSTRAINT organizati_experiment_id_a08827b0_fk_organization_experiment_id FOREIGN KEY (experiment_id) REFERENCES organization_experiment(id) DEFERRABLE INITIALLY DEFERRED;


--
-- Name: organization__experiment_enzyme_id_532e44d5_fk_wetLab_enzyme_id; Type: FK CONSTRAINT; Schema: public; Owner: dekker_lab
--

ALTER TABLE ONLY organization_experiment
    ADD CONSTRAINT "organization__experiment_enzyme_id_532e44d5_fk_wetLab_enzyme_id" FOREIGN KEY (experiment_enzyme_id) REFERENCES "wetLab_enzyme"(id) DEFERRABLE INITIALLY DEFERRED;


--
-- Name: organization_awa_project_id_bb349048_fk_organization_project_id; Type: FK CONSTRAINT; Schema: public; Owner: dekker_lab
--

ALTER TABLE ONLY organization_award_award_project
    ADD CONSTRAINT organization_awa_project_id_bb349048_fk_organization_project_id FOREIGN KEY (project_id) REFERENCES organization_project(id) DEFERRABLE INITIALLY DEFERRED;


--
-- Name: organization_award_a_award_id_477ed007_fk_organization_award_id; Type: FK CONSTRAINT; Schema: public; Owner: dekker_lab
--

ALTER TABLE ONLY organization_award_award_exp
    ADD CONSTRAINT organization_award_a_award_id_477ed007_fk_organization_award_id FOREIGN KEY (award_id) REFERENCES organization_award(id) DEFERRABLE INITIALLY DEFERRED;


--
-- Name: organization_award_a_award_id_724ee4b7_fk_organization_award_id; Type: FK CONSTRAINT; Schema: public; Owner: dekker_lab
--

ALTER TABLE ONLY organization_award_award_project
    ADD CONSTRAINT organization_award_a_award_id_724ee4b7_fk_organization_award_id FOREIGN KEY (award_id) REFERENCES organization_award(id) DEFERRABLE INITIALLY DEFERRED;


--
-- Name: organization_exp_project_id_2bcb6077_fk_organization_project_id; Type: FK CONSTRAINT; Schema: public; Owner: dekker_lab
--

ALTER TABLE ONLY organization_experiment
    ADD CONSTRAINT organization_exp_project_id_2bcb6077_fk_organization_project_id FOREIGN KEY (project_id) REFERENCES organization_project(id) DEFERRABLE INITIALLY DEFERRED;


--
-- Name: organization_exp_project_id_744a3675_fk_organization_project_id; Type: FK CONSTRAINT; Schema: public; Owner: dekker_lab
--

ALTER TABLE ONLY organization_experimentset
    ADD CONSTRAINT organization_exp_project_id_744a3675_fk_organization_project_id FOREIGN KEY (project_id) REFERENCES organization_project(id) DEFERRABLE INITIALLY DEFERRED;


--
-- Name: organization_experi_documents_id_fe168713_fk_wetLab_document_id; Type: FK CONSTRAINT; Schema: public; Owner: dekker_lab
--

ALTER TABLE ONLY organization_experiment
    ADD CONSTRAINT "organization_experi_documents_id_fe168713_fk_wetLab_document_id" FOREIGN KEY (documents_id) REFERENCES "wetLab_document"(id) DEFERRABLE INITIALLY DEFERRED;


--
-- Name: organization_imageobjects_id_ff20cad1_fk_dryLab_imageobjects_id; Type: FK CONSTRAINT; Schema: public; Owner: dekker_lab
--

ALTER TABLE ONLY "organization_experiment_experiment_imageObjects"
    ADD CONSTRAINT "organization_imageobjects_id_ff20cad1_fk_dryLab_imageobjects_id" FOREIGN KEY (imageobjects_id) REFERENCES "dryLab_imageobjects"(id) DEFERRABLE INITIALLY DEFERRED;


--
-- Name: organization_pro_project_id_7b7e9931_fk_organization_project_id; Type: FK CONSTRAINT; Schema: public; Owner: dekker_lab
--

ALTER TABLE ONLY organization_project_project_contributor
    ADD CONSTRAINT organization_pro_project_id_7b7e9931_fk_organization_project_id FOREIGN KEY (project_id) REFERENCES organization_project(id) DEFERRABLE INITIALLY DEFERRED;


--
-- Name: organization_project_project_c_user_id_c1e7ad30_fk_auth_user_id; Type: FK CONSTRAINT; Schema: public; Owner: dekker_lab
--

ALTER TABLE ONLY organization_project_project_contributor
    ADD CONSTRAINT organization_project_project_c_user_id_c1e7ad30_fk_auth_user_id FOREIGN KEY (user_id) REFERENCES auth_user(id) DEFERRABLE INITIALLY DEFERRED;


--
-- Name: organization_project_project_owner_id_b89ac7ac_fk_auth_user_id; Type: FK CONSTRAINT; Schema: public; Owner: dekker_lab
--

ALTER TABLE ONLY organization_project
    ADD CONSTRAINT organization_project_project_owner_id_b89ac7ac_fk_auth_user_id FOREIGN KEY (project_owner_id) REFERENCES auth_user(id) DEFERRABLE INITIALLY DEFERRED;


--
-- Name: organization_tag_project_id_0b59715e_fk_organization_project_id; Type: FK CONSTRAINT; Schema: public; Owner: dekker_lab
--

ALTER TABLE ONLY organization_tag
    ADD CONSTRAINT organization_tag_project_id_0b59715e_fk_organization_project_id FOREIGN KEY (project_id) REFERENCES organization_project(id) DEFERRABLE INITIALLY DEFERRED;


--
-- Name: organization_tag_tag_exp_tag_id_74aa5398_fk_organization_tag_id; Type: FK CONSTRAINT; Schema: public; Owner: dekker_lab
--

ALTER TABLE ONLY organization_tag_tag_exp
    ADD CONSTRAINT organization_tag_tag_exp_tag_id_74aa5398_fk_organization_tag_id FOREIGN KEY (tag_id) REFERENCES organization_tag(id) DEFERRABLE INITIALLY DEFERRED;


--
-- Name: organization_tag_tag_user_id_7b646a8d_fk_auth_user_id; Type: FK CONSTRAINT; Schema: public; Owner: dekker_lab
--

ALTER TABLE ONLY organization_tag
    ADD CONSTRAINT organization_tag_tag_user_id_7b646a8d_fk_auth_user_id FOREIGN KEY (tag_user_id) REFERENCES auth_user(id) DEFERRABLE INITIALLY DEFERRED;


--
-- Name: w_treatmentRnai_rnai_type_id_19b39955_fk_organization_choice_id; Type: FK CONSTRAINT; Schema: public; Owner: dekker_lab
--

ALTER TABLE ONLY "wetLab_treatmentrnai"
    ADD CONSTRAINT "w_treatmentRnai_rnai_type_id_19b39955_fk_organization_choice_id" FOREIGN KEY ("treatmentRnai_rnai_type_id") REFERENCES organization_choice(id) DEFERRABLE INITIALLY DEFERRED;


--
-- Name: we_biosample_modification_id_9999d651_fk_wetLab_modification_id; Type: FK CONSTRAINT; Schema: public; Owner: dekker_lab
--

ALTER TABLE ONLY "wetLab_biosample"
    ADD CONSTRAINT "we_biosample_modification_id_9999d651_fk_wetLab_modification_id" FOREIGN KEY (biosample_modification_id) REFERENCES "wetLab_modification"(id) DEFERRABLE INITIALLY DEFERRED;


--
-- Name: we_treatmentchemical_id_3f0a2c13_fk_wetLab_treatmentchemical_id; Type: FK CONSTRAINT; Schema: public; Owner: dekker_lab
--

ALTER TABLE ONLY "wetLab_treatmentchemical_biosample"
    ADD CONSTRAINT "we_treatmentchemical_id_3f0a2c13_fk_wetLab_treatmentchemical_id" FOREIGN KEY (treatmentchemical_id) REFERENCES "wetLab_treatmentchemical"(id) DEFERRABLE INITIALLY DEFERRED;


--
-- Name: wetL_biosample_type_id_f7e06166_fk_organization_jsonobjfield_id; Type: FK CONSTRAINT; Schema: public; Owner: dekker_lab
--

ALTER TABLE ONLY "wetLab_biosample"
    ADD CONSTRAINT "wetL_biosample_type_id_f7e06166_fk_organization_jsonobjfield_id" FOREIGN KEY (biosample_type_id) REFERENCES organization_jsonobjfield(id) DEFERRABLE INITIALLY DEFERRED;


--
-- Name: wetL_modification_constructs_id_78349140_fk_wetLab_construct_id; Type: FK CONSTRAINT; Schema: public; Owner: dekker_lab
--

ALTER TABLE ONLY "wetLab_modification"
    ADD CONSTRAINT "wetL_modification_constructs_id_78349140_fk_wetLab_construct_id" FOREIGN KEY (modification_constructs_id) REFERENCES "wetLab_construct"(id) DEFERRABLE INITIALLY DEFERRED;


--
-- Name: wetLa_biosample_treatment_id_e8a368b8_fk_organization_choice_id; Type: FK CONSTRAINT; Schema: public; Owner: dekker_lab
--

ALTER TABLE ONLY "wetLab_biosample"
    ADD CONSTRAINT "wetLa_biosample_treatment_id_e8a368b8_fk_organization_choice_id" FOREIGN KEY (biosample_treatment_id) REFERENCES organization_choice(id) DEFERRABLE INITIALLY DEFERRED;


--
-- Name: wetLa_biosource_SOP_cell_line_id_e6de0794_fk_wetLab_protocol_id; Type: FK CONSTRAINT; Schema: public; Owner: dekker_lab
--

ALTER TABLE ONLY "wetLab_biosource"
    ADD CONSTRAINT "wetLa_biosource_SOP_cell_line_id_e6de0794_fk_wetLab_protocol_id" FOREIGN KEY ("biosource_SOP_cell_line_id") REFERENCES "wetLab_protocol"(id) DEFERRABLE INITIALLY DEFERRED;


--
-- Name: wetLa_protocol_type_id_5a69cce7_fk_organization_jsonobjfield_id; Type: FK CONSTRAINT; Schema: public; Owner: dekker_lab
--

ALTER TABLE ONLY "wetLab_protocol"
    ADD CONSTRAINT "wetLa_protocol_type_id_5a69cce7_fk_organization_jsonobjfield_id" FOREIGN KEY (protocol_type_id) REFERENCES organization_jsonobjfield(id) DEFERRABLE INITIALLY DEFERRED;


--
-- Name: wetLa_treatmentRnai_rnai_vendor_id_4ec8892d_fk_wetLab_vendor_id; Type: FK CONSTRAINT; Schema: public; Owner: dekker_lab
--

ALTER TABLE ONLY "wetLab_treatmentrnai"
    ADD CONSTRAINT "wetLa_treatmentRnai_rnai_vendor_id_4ec8892d_fk_wetLab_vendor_id" FOREIGN KEY ("treatmentRnai_rnai_vendor_id") REFERENCES "wetLab_vendor"(id) DEFERRABLE INITIALLY DEFERRED;


--
-- Name: wetLab__modification_type_id_30848c9d_fk_organization_choice_id; Type: FK CONSTRAINT; Schema: public; Owner: dekker_lab
--

ALTER TABLE ONLY "wetLab_modification"
    ADD CONSTRAINT "wetLab__modification_type_id_30848c9d_fk_organization_choice_id" FOREIGN KEY (modification_type_id) REFERENCES organization_choice(id) DEFERRABLE INITIALLY DEFERRED;


--
-- Name: wetLab_b_biosample_biosource_id_82ea3a64_fk_wetLab_biosource_id; Type: FK CONSTRAINT; Schema: public; Owner: dekker_lab
--

ALTER TABLE ONLY "wetLab_biosample"
    ADD CONSTRAINT "wetLab_b_biosample_biosource_id_82ea3a64_fk_wetLab_biosource_id" FOREIGN KEY (biosample_biosource_id) REFERENCES "wetLab_biosource"(id) DEFERRABLE INITIALLY DEFERRED;


--
-- Name: wetLab_ba_barcode_exp_id_7e4be9cf_fk_organization_experiment_id; Type: FK CONSTRAINT; Schema: public; Owner: dekker_lab
--

ALTER TABLE ONLY "wetLab_barcode"
    ADD CONSTRAINT "wetLab_ba_barcode_exp_id_7e4be9cf_fk_organization_experiment_id" FOREIGN KEY (barcode_exp_id) REFERENCES organization_experiment(id) DEFERRABLE INITIALLY DEFERRED;


--
-- Name: wetLab_bar_barcode_name_1_id_d9fef59b_fk_organization_choice_id; Type: FK CONSTRAINT; Schema: public; Owner: dekker_lab
--

ALTER TABLE ONLY "wetLab_barcode"
    ADD CONSTRAINT "wetLab_bar_barcode_name_1_id_d9fef59b_fk_organization_choice_id" FOREIGN KEY (barcode_name_1_id) REFERENCES organization_choice(id) DEFERRABLE INITIALLY DEFERRED;


--
-- Name: wetLab_bar_barcode_name_2_id_fc6edf06_fk_organization_choice_id; Type: FK CONSTRAINT; Schema: public; Owner: dekker_lab
--

ALTER TABLE ONLY "wetLab_barcode"
    ADD CONSTRAINT "wetLab_bar_barcode_name_2_id_fc6edf06_fk_organization_choice_id" FOREIGN KEY (barcode_name_2_id) REFERENCES organization_choice(id) DEFERRABLE INITIALLY DEFERRED;


--
-- Name: wetLab_barco_barcode_run_id_9b7ff2d0_fk_dryLab_sequencingrun_id; Type: FK CONSTRAINT; Schema: public; Owner: dekker_lab
--

ALTER TABLE ONLY "wetLab_barcode"
    ADD CONSTRAINT "wetLab_barco_barcode_run_id_9b7ff2d0_fk_dryLab_sequencingrun_id" FOREIGN KEY (barcode_run_id) REFERENCES "dryLab_sequencingrun"(id) DEFERRABLE INITIALLY DEFERRED;


--
-- Name: wetLab_bi_references_id_703e4a56_fk_organization_publication_id; Type: FK CONSTRAINT; Schema: public; Owner: dekker_lab
--

ALTER TABLE ONLY "wetLab_biosample"
    ADD CONSTRAINT "wetLab_bi_references_id_703e4a56_fk_organization_publication_id" FOREIGN KEY (references_id) REFERENCES organization_publication(id) DEFERRABLE INITIALLY DEFERRED;


--
-- Name: wetLab_bi_references_id_7c47cdb4_fk_organization_publication_id; Type: FK CONSTRAINT; Schema: public; Owner: dekker_lab
--

ALTER TABLE ONLY "wetLab_biosource"
    ADD CONSTRAINT "wetLab_bi_references_id_7c47cdb4_fk_organization_publication_id" FOREIGN KEY (references_id) REFERENCES organization_publication(id) DEFERRABLE INITIALLY DEFERRED;


--
-- Name: wetLab_bio_biosample_protocol_id_ca5fe5a1_fk_wetLab_protocol_id; Type: FK CONSTRAINT; Schema: public; Owner: dekker_lab
--

ALTER TABLE ONLY "wetLab_biosample"
    ADD CONSTRAINT "wetLab_bio_biosample_protocol_id_ca5fe5a1_fk_wetLab_protocol_id" FOREIGN KEY (biosample_protocol_id) REFERENCES "wetLab_protocol"(id) DEFERRABLE INITIALLY DEFERRED;


--
-- Name: wetLab_bio_biosource_type_id_d26559e3_fk_organization_choice_id; Type: FK CONSTRAINT; Schema: public; Owner: dekker_lab
--

ALTER TABLE ONLY "wetLab_biosource"
    ADD CONSTRAINT "wetLab_bio_biosource_type_id_d26559e3_fk_organization_choice_id" FOREIGN KEY (biosource_type_id) REFERENCES organization_choice(id) DEFERRABLE INITIALLY DEFERRED;


--
-- Name: wetLab_biosa_imageobjects_id_4f9b1453_fk_dryLab_imageobjects_id; Type: FK CONSTRAINT; Schema: public; Owner: dekker_lab
--

ALTER TABLE ONLY "wetLab_biosample_biosample_imageObjects"
    ADD CONSTRAINT "wetLab_biosa_imageobjects_id_4f9b1453_fk_dryLab_imageobjects_id" FOREIGN KEY (imageobjects_id) REFERENCES "dryLab_imageobjects"(id) DEFERRABLE INITIALLY DEFERRED;


--
-- Name: wetLab_biosample_b_biosample_id_e3fc3328_fk_wetLab_biosample_id; Type: FK CONSTRAINT; Schema: public; Owner: dekker_lab
--

ALTER TABLE ONLY "wetLab_biosample_biosample_imageObjects"
    ADD CONSTRAINT "wetLab_biosample_b_biosample_id_e3fc3328_fk_wetLab_biosample_id" FOREIGN KEY (biosample_id) REFERENCES "wetLab_biosample"(id) DEFERRABLE INITIALLY DEFERRED;


--
-- Name: wetLab_biosample_documents_id_e9d65948_fk_wetLab_document_id; Type: FK CONSTRAINT; Schema: public; Owner: dekker_lab
--

ALTER TABLE ONLY "wetLab_biosample"
    ADD CONSTRAINT "wetLab_biosample_documents_id_e9d65948_fk_wetLab_document_id" FOREIGN KEY (documents_id) REFERENCES "wetLab_document"(id) DEFERRABLE INITIALLY DEFERRED;


--
-- Name: wetLab_biosample_individual_id_3ab38a35_fk_wetLab_individual_id; Type: FK CONSTRAINT; Schema: public; Owner: dekker_lab
--

ALTER TABLE ONLY "wetLab_biosample"
    ADD CONSTRAINT "wetLab_biosample_individual_id_3ab38a35_fk_wetLab_individual_id" FOREIGN KEY (biosample_individual_id) REFERENCES "wetLab_individual"(id) DEFERRABLE INITIALLY DEFERRED;


--
-- Name: wetLab_biosample_userOwner_id_57ad95fa_fk_auth_user_id; Type: FK CONSTRAINT; Schema: public; Owner: dekker_lab
--

ALTER TABLE ONLY "wetLab_biosample"
    ADD CONSTRAINT "wetLab_biosample_userOwner_id_57ad95fa_fk_auth_user_id" FOREIGN KEY ("userOwner_id") REFERENCES auth_user(id) DEFERRABLE INITIALLY DEFERRED;


--
-- Name: wetLab_biosour_biosource_vendor_id_4a1ed00a_fk_wetLab_vendor_id; Type: FK CONSTRAINT; Schema: public; Owner: dekker_lab
--

ALTER TABLE ONLY "wetLab_biosource"
    ADD CONSTRAINT "wetLab_biosour_biosource_vendor_id_4a1ed00a_fk_wetLab_vendor_id" FOREIGN KEY (biosource_vendor_id) REFERENCES "wetLab_vendor"(id) DEFERRABLE INITIALLY DEFERRED;


--
-- Name: wetLab_biosource_documents_id_6b77e504_fk_wetLab_document_id; Type: FK CONSTRAINT; Schema: public; Owner: dekker_lab
--

ALTER TABLE ONLY "wetLab_biosource"
    ADD CONSTRAINT "wetLab_biosource_documents_id_6b77e504_fk_wetLab_document_id" FOREIGN KEY (documents_id) REFERENCES "wetLab_document"(id) DEFERRABLE INITIALLY DEFERRED;


--
-- Name: wetLab_biosource_individual_id_3ca7f7da_fk_wetLab_individual_id; Type: FK CONSTRAINT; Schema: public; Owner: dekker_lab
--

ALTER TABLE ONLY "wetLab_biosource"
    ADD CONSTRAINT "wetLab_biosource_individual_id_3ca7f7da_fk_wetLab_individual_id" FOREIGN KEY (biosource_individual_id) REFERENCES "wetLab_individual"(id) DEFERRABLE INITIALLY DEFERRED;


--
-- Name: wetLab_con_construct_type_id_91051673_fk_organization_choice_id; Type: FK CONSTRAINT; Schema: public; Owner: dekker_lab
--

ALTER TABLE ONLY "wetLab_construct"
    ADD CONSTRAINT "wetLab_con_construct_type_id_91051673_fk_organization_choice_id" FOREIGN KEY (construct_type_id) REFERENCES organization_choice(id) DEFERRABLE INITIALLY DEFERRED;


--
-- Name: wetLab_constru_construct_vendor_id_5eb47aff_fk_wetLab_vendor_id; Type: FK CONSTRAINT; Schema: public; Owner: dekker_lab
--

ALTER TABLE ONLY "wetLab_construct"
    ADD CONSTRAINT "wetLab_constru_construct_vendor_id_5eb47aff_fk_wetLab_vendor_id" FOREIGN KEY (construct_vendor_id) REFERENCES "wetLab_vendor"(id) DEFERRABLE INITIALLY DEFERRED;


--
-- Name: wetLab_construc_construct_map_id_5b924583_fk_wetLab_document_id; Type: FK CONSTRAINT; Schema: public; Owner: dekker_lab
--

ALTER TABLE ONLY "wetLab_construct"
    ADD CONSTRAINT "wetLab_construc_construct_map_id_5b924583_fk_wetLab_document_id" FOREIGN KEY (construct_map_id) REFERENCES "wetLab_document"(id) DEFERRABLE INITIALLY DEFERRED;


--
-- Name: wetLab_docu_document_type_id_a6c1f19c_fk_organization_choice_id; Type: FK CONSTRAINT; Schema: public; Owner: dekker_lab
--

ALTER TABLE ONLY "wetLab_document"
    ADD CONSTRAINT "wetLab_docu_document_type_id_a6c1f19c_fk_organization_choice_id" FOREIGN KEY (document_type_id) REFERENCES organization_choice(id) DEFERRABLE INITIALLY DEFERRED;


--
-- Name: wetLab_en_references_id_9a59a362_fk_organization_publication_id; Type: FK CONSTRAINT; Schema: public; Owner: dekker_lab
--

ALTER TABLE ONLY "wetLab_enzyme"
    ADD CONSTRAINT "wetLab_en_references_id_9a59a362_fk_organization_publication_id" FOREIGN KEY (references_id) REFERENCES organization_publication(id) DEFERRABLE INITIALLY DEFERRED;


--
-- Name: wetLab_enzyme_documents_id_5bccde6f_fk_wetLab_document_id; Type: FK CONSTRAINT; Schema: public; Owner: dekker_lab
--

ALTER TABLE ONLY "wetLab_enzyme"
    ADD CONSTRAINT "wetLab_enzyme_documents_id_5bccde6f_fk_wetLab_document_id" FOREIGN KEY (documents_id) REFERENCES "wetLab_document"(id) DEFERRABLE INITIALLY DEFERRED;


--
-- Name: wetLab_enzyme_enzyme_vendor_id_f3eed508_fk_wetLab_vendor_id; Type: FK CONSTRAINT; Schema: public; Owner: dekker_lab
--

ALTER TABLE ONLY "wetLab_enzyme"
    ADD CONSTRAINT "wetLab_enzyme_enzyme_vendor_id_f3eed508_fk_wetLab_vendor_id" FOREIGN KEY (enzyme_vendor_id) REFERENCES "wetLab_vendor"(id) DEFERRABLE INITIALLY DEFERRED;


--
-- Name: wetLab_in_references_id_ddae2447_fk_organization_publication_id; Type: FK CONSTRAINT; Schema: public; Owner: dekker_lab
--

ALTER TABLE ONLY "wetLab_individual"
    ADD CONSTRAINT "wetLab_in_references_id_ddae2447_fk_organization_publication_id" FOREIGN KEY (references_id) REFERENCES organization_publication(id) DEFERRABLE INITIALLY DEFERRED;


--
-- Name: wetLab_indivi_individual_vendor_id_f2042631_fk_wetLab_vendor_id; Type: FK CONSTRAINT; Schema: public; Owner: dekker_lab
--

ALTER TABLE ONLY "wetLab_individual"
    ADD CONSTRAINT "wetLab_indivi_individual_vendor_id_f2042631_fk_wetLab_vendor_id" FOREIGN KEY (individual_vendor_id) REFERENCES "wetLab_vendor"(id) DEFERRABLE INITIALLY DEFERRED;


--
-- Name: wetLab_individual_documents_id_b54c25a2_fk_wetLab_document_id; Type: FK CONSTRAINT; Schema: public; Owner: dekker_lab
--

ALTER TABLE ONLY "wetLab_individual"
    ADD CONSTRAINT "wetLab_individual_documents_id_b54c25a2_fk_wetLab_document_id" FOREIGN KEY (documents_id) REFERENCES "wetLab_document"(id) DEFERRABLE INITIALLY DEFERRED;


--
-- Name: wetLab_individual_userOwner_id_110ef1f8_fk_auth_user_id; Type: FK CONSTRAINT; Schema: public; Owner: dekker_lab
--

ALTER TABLE ONLY "wetLab_individual"
    ADD CONSTRAINT "wetLab_individual_userOwner_id_110ef1f8_fk_auth_user_id" FOREIGN KEY ("userOwner_id") REFERENCES auth_user(id) DEFERRABLE INITIALLY DEFERRED;


--
-- Name: wetLab_mo_references_id_0a8f371b_fk_organization_publication_id; Type: FK CONSTRAINT; Schema: public; Owner: dekker_lab
--

ALTER TABLE ONLY "wetLab_modification"
    ADD CONSTRAINT "wetLab_mo_references_id_0a8f371b_fk_organization_publication_id" FOREIGN KEY (references_id) REFERENCES organization_publication(id) DEFERRABLE INITIALLY DEFERRED;


--
-- Name: wetLab_modi_modification_target_id_461504b4_fk_wetLab_target_id; Type: FK CONSTRAINT; Schema: public; Owner: dekker_lab
--

ALTER TABLE ONLY "wetLab_modification"
    ADD CONSTRAINT "wetLab_modi_modification_target_id_461504b4_fk_wetLab_target_id" FOREIGN KEY (modification_target_id) REFERENCES "wetLab_target"(id) DEFERRABLE INITIALLY DEFERRED;


--
-- Name: wetLab_modi_modification_vendor_id_81e41062_fk_wetLab_vendor_id; Type: FK CONSTRAINT; Schema: public; Owner: dekker_lab
--

ALTER TABLE ONLY "wetLab_modification"
    ADD CONSTRAINT "wetLab_modi_modification_vendor_id_81e41062_fk_wetLab_vendor_id" FOREIGN KEY (modification_vendor_id) REFERENCES "wetLab_vendor"(id) DEFERRABLE INITIALLY DEFERRED;


--
-- Name: wetLab_modification_documents_id_031fb2ab_fk_wetLab_document_id; Type: FK CONSTRAINT; Schema: public; Owner: dekker_lab
--

ALTER TABLE ONLY "wetLab_modification"
    ADD CONSTRAINT "wetLab_modification_documents_id_031fb2ab_fk_wetLab_document_id" FOREIGN KEY (documents_id) REFERENCES "wetLab_document"(id) DEFERRABLE INITIALLY DEFERRED;


--
-- Name: wetLab_modification_userOwner_id_79361801_fk_auth_user_id; Type: FK CONSTRAINT; Schema: public; Owner: dekker_lab
--

ALTER TABLE ONLY "wetLab_modification"
    ADD CONSTRAINT "wetLab_modification_userOwner_id_79361801_fk_auth_user_id" FOREIGN KEY ("userOwner_id") REFERENCES auth_user(id) DEFERRABLE INITIALLY DEFERRED;


--
-- Name: wetLab_ot_references_id_de3f131c_fk_organization_publication_id; Type: FK CONSTRAINT; Schema: public; Owner: dekker_lab
--

ALTER TABLE ONLY "wetLab_other"
    ADD CONSTRAINT "wetLab_ot_references_id_de3f131c_fk_organization_publication_id" FOREIGN KEY (references_id) REFERENCES organization_publication(id) DEFERRABLE INITIALLY DEFERRED;


--
-- Name: wetLab_other_biosample_other_id_fbfe1d08_fk_wetLab_other_id; Type: FK CONSTRAINT; Schema: public; Owner: dekker_lab
--

ALTER TABLE ONLY "wetLab_other_biosample"
    ADD CONSTRAINT "wetLab_other_biosample_other_id_fbfe1d08_fk_wetLab_other_id" FOREIGN KEY (other_id) REFERENCES "wetLab_other"(id) DEFERRABLE INITIALLY DEFERRED;


--
-- Name: wetLab_others_bios_biosample_id_c73d8d49_fk_wetLab_biosample_id; Type: FK CONSTRAINT; Schema: public; Owner: dekker_lab
--

ALTER TABLE ONLY "wetLab_other_biosample"
    ADD CONSTRAINT "wetLab_others_bios_biosample_id_c73d8d49_fk_wetLab_biosample_id" FOREIGN KEY (biosample_id) REFERENCES "wetLab_biosample"(id) DEFERRABLE INITIALLY DEFERRED;


--
-- Name: wetLab_others_documents_id_224097b8_fk_wetLab_document_id; Type: FK CONSTRAINT; Schema: public; Owner: dekker_lab
--

ALTER TABLE ONLY "wetLab_other"
    ADD CONSTRAINT "wetLab_others_documents_id_224097b8_fk_wetLab_document_id" FOREIGN KEY (documents_id) REFERENCES "wetLab_document"(id) DEFERRABLE INITIALLY DEFERRED;


--
-- Name: wetLab_prot_protocol_document_id_7ae3fd58_fk_wetLab_document_id; Type: FK CONSTRAINT; Schema: public; Owner: dekker_lab
--

ALTER TABLE ONLY "wetLab_protocol"
    ADD CONSTRAINT "wetLab_prot_protocol_document_id_7ae3fd58_fk_wetLab_document_id" FOREIGN KEY (protocol_document_id) REFERENCES "wetLab_document"(id) DEFERRABLE INITIALLY DEFERRED;


--
-- Name: wetLab_protocol_protocol_enzyme_id_4f43eed5_fk_wetLab_enzyme_id; Type: FK CONSTRAINT; Schema: public; Owner: dekker_lab
--

ALTER TABLE ONLY "wetLab_protocol"
    ADD CONSTRAINT "wetLab_protocol_protocol_enzyme_id_4f43eed5_fk_wetLab_enzyme_id" FOREIGN KEY (protocol_enzyme_id) REFERENCES "wetLab_enzyme"(id) DEFERRABLE INITIALLY DEFERRED;


--
-- Name: wetLab_protocol_userOwner_id_6757ad30_fk_auth_user_id; Type: FK CONSTRAINT; Schema: public; Owner: dekker_lab
--

ALTER TABLE ONLY "wetLab_protocol"
    ADD CONSTRAINT "wetLab_protocol_userOwner_id_6757ad30_fk_auth_user_id" FOREIGN KEY ("userOwner_id") REFERENCES auth_user(id) DEFERRABLE INITIALLY DEFERRED;


--
-- Name: wetLab_tr_references_id_939f24c4_fk_organization_publication_id; Type: FK CONSTRAINT; Schema: public; Owner: dekker_lab
--

ALTER TABLE ONLY "wetLab_treatmentrnai"
    ADD CONSTRAINT "wetLab_tr_references_id_939f24c4_fk_organization_publication_id" FOREIGN KEY (references_id) REFERENCES organization_publication(id) DEFERRABLE INITIALLY DEFERRED;


--
-- Name: wetLab_tr_references_id_f8814838_fk_organization_publication_id; Type: FK CONSTRAINT; Schema: public; Owner: dekker_lab
--

ALTER TABLE ONLY "wetLab_treatmentchemical"
    ADD CONSTRAINT "wetLab_tr_references_id_f8814838_fk_organization_publication_id" FOREIGN KEY (references_id) REFERENCES organization_publication(id) DEFERRABLE INITIALLY DEFERRED;


--
-- Name: wetLab_tre_treatmentRnai_target_id_aeba71e9_fk_wetLab_target_id; Type: FK CONSTRAINT; Schema: public; Owner: dekker_lab
--

ALTER TABLE ONLY "wetLab_treatmentrnai"
    ADD CONSTRAINT "wetLab_tre_treatmentRnai_target_id_aeba71e9_fk_wetLab_target_id" FOREIGN KEY ("treatmentRnai_target_id") REFERENCES "wetLab_target"(id) DEFERRABLE INITIALLY DEFERRED;


--
-- Name: wetLab_tre_treatmentrnai_id_c8a5daa4_fk_wetLab_treatmentrnai_id; Type: FK CONSTRAINT; Schema: public; Owner: dekker_lab
--

ALTER TABLE ONLY "wetLab_treatmentrnai_biosample"
    ADD CONSTRAINT "wetLab_tre_treatmentrnai_id_c8a5daa4_fk_wetLab_treatmentrnai_id" FOREIGN KEY (treatmentrnai_id) REFERENCES "wetLab_treatmentrnai"(id) DEFERRABLE INITIALLY DEFERRED;


--
-- Name: wetLab_treatmentch_biosample_id_cc1f1207_fk_wetLab_biosample_id; Type: FK CONSTRAINT; Schema: public; Owner: dekker_lab
--

ALTER TABLE ONLY "wetLab_treatmentchemical_biosample"
    ADD CONSTRAINT "wetLab_treatmentch_biosample_id_cc1f1207_fk_wetLab_biosample_id" FOREIGN KEY (biosample_id) REFERENCES "wetLab_biosample"(id) DEFERRABLE INITIALLY DEFERRED;


--
-- Name: wetLab_treatmentche_documents_id_fd8968d4_fk_wetLab_document_id; Type: FK CONSTRAINT; Schema: public; Owner: dekker_lab
--

ALTER TABLE ONLY "wetLab_treatmentchemical"
    ADD CONSTRAINT "wetLab_treatmentche_documents_id_fd8968d4_fk_wetLab_document_id" FOREIGN KEY (documents_id) REFERENCES "wetLab_document"(id) DEFERRABLE INITIALLY DEFERRED;


--
-- Name: wetLab_treatmentrn_biosample_id_ed16f70a_fk_wetLab_biosample_id; Type: FK CONSTRAINT; Schema: public; Owner: dekker_lab
--

ALTER TABLE ONLY "wetLab_treatmentrnai_biosample"
    ADD CONSTRAINT "wetLab_treatmentrn_biosample_id_ed16f70a_fk_wetLab_biosample_id" FOREIGN KEY (biosample_id) REFERENCES "wetLab_biosample"(id) DEFERRABLE INITIALLY DEFERRED;


--
-- Name: wetLab_treatmentrna_documents_id_949737d6_fk_wetLab_document_id; Type: FK CONSTRAINT; Schema: public; Owner: dekker_lab
--

ALTER TABLE ONLY "wetLab_treatmentrnai"
    ADD CONSTRAINT "wetLab_treatmentrna_documents_id_949737d6_fk_wetLab_document_id" FOREIGN KEY (documents_id) REFERENCES "wetLab_document"(id) DEFERRABLE INITIALLY DEFERRED;


--
-- Name: wet_individual_type_id_71610160_fk_organization_jsonobjfield_id; Type: FK CONSTRAINT; Schema: public; Owner: dekker_lab
--

ALTER TABLE ONLY "wetLab_individual"
    ADD CONSTRAINT wet_individual_type_id_71610160_fk_organization_jsonobjfield_id FOREIGN KEY (individual_type_id) REFERENCES organization_jsonobjfield(id) DEFERRABLE INITIALLY DEFERRED;


--
-- Name: public; Type: ACL; Schema: -; Owner: nanda
--

REVOKE ALL ON SCHEMA public FROM PUBLIC;
REVOKE ALL ON SCHEMA public FROM nanda;
GRANT ALL ON SCHEMA public TO nanda;
GRANT ALL ON SCHEMA public TO PUBLIC;


--
-- PostgreSQL database dump complete
--

