--
-- PostgreSQL database dump
--

-- Dumped from database version 9.5.4
-- Dumped by pg_dump version 9.5.4

SET statement_timeout = 0;
SET lock_timeout = 0;
SET client_encoding = 'UTF8';
SET standard_conforming_strings = on;
SET check_function_bodies = false;
SET client_min_messages = warning;
SET row_security = off;

--
-- Name: plpgsql; Type: EXTENSION; Schema: -; Owner: 
--

CREATE EXTENSION IF NOT EXISTS plpgsql WITH SCHEMA pg_catalog;


--
-- Name: EXTENSION plpgsql; Type: COMMENT; Schema: -; Owner: 
--

COMMENT ON EXTENSION plpgsql IS 'PL/pgSQL procedural language';


SET search_path = public, pg_catalog;

SET default_tablespace = '';

SET default_with_oids = false;

--
-- Name: auth_group; Type: TABLE; Schema: public; Owner: dekker_lab
--

CREATE TABLE auth_group (
    id integer NOT NULL,
    name character varying(80) NOT NULL
);


ALTER TABLE auth_group OWNER TO dekker_lab;

--
-- Name: auth_group_id_seq; Type: SEQUENCE; Schema: public; Owner: dekker_lab
--

CREATE SEQUENCE auth_group_id_seq
    START WITH 1
    INCREMENT BY 1
    NO MINVALUE
    NO MAXVALUE
    CACHE 1;


ALTER TABLE auth_group_id_seq OWNER TO dekker_lab;

--
-- Name: auth_group_id_seq; Type: SEQUENCE OWNED BY; Schema: public; Owner: dekker_lab
--

ALTER SEQUENCE auth_group_id_seq OWNED BY auth_group.id;


--
-- Name: auth_group_permissions; Type: TABLE; Schema: public; Owner: dekker_lab
--

CREATE TABLE auth_group_permissions (
    id integer NOT NULL,
    group_id integer NOT NULL,
    permission_id integer NOT NULL
);


ALTER TABLE auth_group_permissions OWNER TO dekker_lab;

--
-- Name: auth_group_permissions_id_seq; Type: SEQUENCE; Schema: public; Owner: dekker_lab
--

CREATE SEQUENCE auth_group_permissions_id_seq
    START WITH 1
    INCREMENT BY 1
    NO MINVALUE
    NO MAXVALUE
    CACHE 1;


ALTER TABLE auth_group_permissions_id_seq OWNER TO dekker_lab;

--
-- Name: auth_group_permissions_id_seq; Type: SEQUENCE OWNED BY; Schema: public; Owner: dekker_lab
--

ALTER SEQUENCE auth_group_permissions_id_seq OWNED BY auth_group_permissions.id;


--
-- Name: auth_permission; Type: TABLE; Schema: public; Owner: dekker_lab
--

CREATE TABLE auth_permission (
    id integer NOT NULL,
    name character varying(255) NOT NULL,
    content_type_id integer NOT NULL,
    codename character varying(100) NOT NULL
);


ALTER TABLE auth_permission OWNER TO dekker_lab;

--
-- Name: auth_permission_id_seq; Type: SEQUENCE; Schema: public; Owner: dekker_lab
--

CREATE SEQUENCE auth_permission_id_seq
    START WITH 1
    INCREMENT BY 1
    NO MINVALUE
    NO MAXVALUE
    CACHE 1;


ALTER TABLE auth_permission_id_seq OWNER TO dekker_lab;

--
-- Name: auth_permission_id_seq; Type: SEQUENCE OWNED BY; Schema: public; Owner: dekker_lab
--

ALTER SEQUENCE auth_permission_id_seq OWNED BY auth_permission.id;


--
-- Name: auth_user; Type: TABLE; Schema: public; Owner: dekker_lab
--

CREATE TABLE auth_user (
    id integer NOT NULL,
    password character varying(128) NOT NULL,
    last_login timestamp with time zone,
    is_superuser boolean NOT NULL,
    username character varying(30) NOT NULL,
    first_name character varying(30) NOT NULL,
    last_name character varying(30) NOT NULL,
    email character varying(254) NOT NULL,
    is_staff boolean NOT NULL,
    is_active boolean NOT NULL,
    date_joined timestamp with time zone NOT NULL
);


ALTER TABLE auth_user OWNER TO dekker_lab;

--
-- Name: auth_user_groups; Type: TABLE; Schema: public; Owner: dekker_lab
--

CREATE TABLE auth_user_groups (
    id integer NOT NULL,
    user_id integer NOT NULL,
    group_id integer NOT NULL
);


ALTER TABLE auth_user_groups OWNER TO dekker_lab;

--
-- Name: auth_user_groups_id_seq; Type: SEQUENCE; Schema: public; Owner: dekker_lab
--

CREATE SEQUENCE auth_user_groups_id_seq
    START WITH 1
    INCREMENT BY 1
    NO MINVALUE
    NO MAXVALUE
    CACHE 1;


ALTER TABLE auth_user_groups_id_seq OWNER TO dekker_lab;

--
-- Name: auth_user_groups_id_seq; Type: SEQUENCE OWNED BY; Schema: public; Owner: dekker_lab
--

ALTER SEQUENCE auth_user_groups_id_seq OWNED BY auth_user_groups.id;


--
-- Name: auth_user_id_seq; Type: SEQUENCE; Schema: public; Owner: dekker_lab
--

CREATE SEQUENCE auth_user_id_seq
    START WITH 1
    INCREMENT BY 1
    NO MINVALUE
    NO MAXVALUE
    CACHE 1;


ALTER TABLE auth_user_id_seq OWNER TO dekker_lab;

--
-- Name: auth_user_id_seq; Type: SEQUENCE OWNED BY; Schema: public; Owner: dekker_lab
--

ALTER SEQUENCE auth_user_id_seq OWNED BY auth_user.id;


--
-- Name: auth_user_user_permissions; Type: TABLE; Schema: public; Owner: dekker_lab
--

CREATE TABLE auth_user_user_permissions (
    id integer NOT NULL,
    user_id integer NOT NULL,
    permission_id integer NOT NULL
);


ALTER TABLE auth_user_user_permissions OWNER TO dekker_lab;

--
-- Name: auth_user_user_permissions_id_seq; Type: SEQUENCE; Schema: public; Owner: dekker_lab
--

CREATE SEQUENCE auth_user_user_permissions_id_seq
    START WITH 1
    INCREMENT BY 1
    NO MINVALUE
    NO MAXVALUE
    CACHE 1;


ALTER TABLE auth_user_user_permissions_id_seq OWNER TO dekker_lab;

--
-- Name: auth_user_user_permissions_id_seq; Type: SEQUENCE OWNED BY; Schema: public; Owner: dekker_lab
--

ALTER SEQUENCE auth_user_user_permissions_id_seq OWNED BY auth_user_user_permissions.id;


--
-- Name: django_admin_log; Type: TABLE; Schema: public; Owner: dekker_lab
--

CREATE TABLE django_admin_log (
    id integer NOT NULL,
    action_time timestamp with time zone NOT NULL,
    object_id text,
    object_repr character varying(200) NOT NULL,
    action_flag smallint NOT NULL,
    change_message text NOT NULL,
    content_type_id integer,
    user_id integer NOT NULL,
    CONSTRAINT django_admin_log_action_flag_check CHECK ((action_flag >= 0))
);


ALTER TABLE django_admin_log OWNER TO dekker_lab;

--
-- Name: django_admin_log_id_seq; Type: SEQUENCE; Schema: public; Owner: dekker_lab
--

CREATE SEQUENCE django_admin_log_id_seq
    START WITH 1
    INCREMENT BY 1
    NO MINVALUE
    NO MAXVALUE
    CACHE 1;


ALTER TABLE django_admin_log_id_seq OWNER TO dekker_lab;

--
-- Name: django_admin_log_id_seq; Type: SEQUENCE OWNED BY; Schema: public; Owner: dekker_lab
--

ALTER SEQUENCE django_admin_log_id_seq OWNED BY django_admin_log.id;


--
-- Name: django_content_type; Type: TABLE; Schema: public; Owner: dekker_lab
--

CREATE TABLE django_content_type (
    id integer NOT NULL,
    app_label character varying(100) NOT NULL,
    model character varying(100) NOT NULL
);


ALTER TABLE django_content_type OWNER TO dekker_lab;

--
-- Name: django_content_type_id_seq; Type: SEQUENCE; Schema: public; Owner: dekker_lab
--

CREATE SEQUENCE django_content_type_id_seq
    START WITH 1
    INCREMENT BY 1
    NO MINVALUE
    NO MAXVALUE
    CACHE 1;


ALTER TABLE django_content_type_id_seq OWNER TO dekker_lab;

--
-- Name: django_content_type_id_seq; Type: SEQUENCE OWNED BY; Schema: public; Owner: dekker_lab
--

ALTER SEQUENCE django_content_type_id_seq OWNED BY django_content_type.id;


--
-- Name: django_migrations; Type: TABLE; Schema: public; Owner: dekker_lab
--

CREATE TABLE django_migrations (
    id integer NOT NULL,
    app character varying(255) NOT NULL,
    name character varying(255) NOT NULL,
    applied timestamp with time zone NOT NULL
);


ALTER TABLE django_migrations OWNER TO dekker_lab;

--
-- Name: django_migrations_id_seq; Type: SEQUENCE; Schema: public; Owner: dekker_lab
--

CREATE SEQUENCE django_migrations_id_seq
    START WITH 1
    INCREMENT BY 1
    NO MINVALUE
    NO MAXVALUE
    CACHE 1;


ALTER TABLE django_migrations_id_seq OWNER TO dekker_lab;

--
-- Name: django_migrations_id_seq; Type: SEQUENCE OWNED BY; Schema: public; Owner: dekker_lab
--

ALTER SEQUENCE django_migrations_id_seq OWNED BY django_migrations.id;


--
-- Name: django_session; Type: TABLE; Schema: public; Owner: dekker_lab
--

CREATE TABLE django_session (
    session_key character varying(40) NOT NULL,
    session_data text NOT NULL,
    expire_date timestamp with time zone NOT NULL
);


ALTER TABLE django_session OWNER TO dekker_lab;

--
-- Name: dryLab_analysis; Type: TABLE; Schema: public; Owner: dekker_lab
--

CREATE TABLE "dryLab_analysis" (
    id integer NOT NULL,
    analysis_fields jsonb,
    analysis_type_id integer NOT NULL,
    analysis_exp_id integer NOT NULL,
    analysis_name character varying(50) NOT NULL,
    analysis_import character varying(100),
    "analysis_hiGlass" character varying(100)
);


ALTER TABLE "dryLab_analysis" OWNER TO dekker_lab;

--
-- Name: dryLab_analysis_analysis_file; Type: TABLE; Schema: public; Owner: dekker_lab
--

CREATE TABLE "dryLab_analysis_analysis_file" (
    id integer NOT NULL,
    analysis_id integer NOT NULL,
    seqencingfile_id integer NOT NULL
);


ALTER TABLE "dryLab_analysis_analysis_file" OWNER TO dekker_lab;

--
-- Name: dryLab_analysis_analysis_file_id_seq; Type: SEQUENCE; Schema: public; Owner: dekker_lab
--

CREATE SEQUENCE "dryLab_analysis_analysis_file_id_seq"
    START WITH 1
    INCREMENT BY 1
    NO MINVALUE
    NO MAXVALUE
    CACHE 1;


ALTER TABLE "dryLab_analysis_analysis_file_id_seq" OWNER TO dekker_lab;

--
-- Name: dryLab_analysis_analysis_file_id_seq; Type: SEQUENCE OWNED BY; Schema: public; Owner: dekker_lab
--

ALTER SEQUENCE "dryLab_analysis_analysis_file_id_seq" OWNED BY "dryLab_analysis_analysis_file".id;


--
-- Name: dryLab_analysis_id_seq; Type: SEQUENCE; Schema: public; Owner: dekker_lab
--

CREATE SEQUENCE "dryLab_analysis_id_seq"
    START WITH 1
    INCREMENT BY 1
    NO MINVALUE
    NO MAXVALUE
    CACHE 1;


ALTER TABLE "dryLab_analysis_id_seq" OWNER TO dekker_lab;

--
-- Name: dryLab_analysis_id_seq; Type: SEQUENCE OWNED BY; Schema: public; Owner: dekker_lab
--

ALTER SEQUENCE "dryLab_analysis_id_seq" OWNED BY "dryLab_analysis".id;


--
-- Name: dryLab_fileset; Type: TABLE; Schema: public; Owner: dekker_lab
--

CREATE TABLE "dryLab_fileset" (
    id integer NOT NULL,
    fileset_description character varying(200),
    fileset_type_id integer NOT NULL,
    "fileSet_name" character varying(50) NOT NULL,
    project_id integer NOT NULL
);


ALTER TABLE "dryLab_fileset" OWNER TO dekker_lab;

--
-- Name: dryLab_fileset_fileSet_file; Type: TABLE; Schema: public; Owner: dekker_lab
--

CREATE TABLE "dryLab_fileset_fileSet_file" (
    id integer NOT NULL,
    fileset_id integer NOT NULL,
    seqencingfile_id integer NOT NULL
);


ALTER TABLE "dryLab_fileset_fileSet_file" OWNER TO dekker_lab;

--
-- Name: dryLab_fileset_fileSet_file_id_seq; Type: SEQUENCE; Schema: public; Owner: dekker_lab
--

CREATE SEQUENCE "dryLab_fileset_fileSet_file_id_seq"
    START WITH 1
    INCREMENT BY 1
    NO MINVALUE
    NO MAXVALUE
    CACHE 1;


ALTER TABLE "dryLab_fileset_fileSet_file_id_seq" OWNER TO dekker_lab;

--
-- Name: dryLab_fileset_fileSet_file_id_seq; Type: SEQUENCE OWNED BY; Schema: public; Owner: dekker_lab
--

ALTER SEQUENCE "dryLab_fileset_fileSet_file_id_seq" OWNED BY "dryLab_fileset_fileSet_file".id;


--
-- Name: dryLab_fileset_id_seq; Type: SEQUENCE; Schema: public; Owner: dekker_lab
--

CREATE SEQUENCE "dryLab_fileset_id_seq"
    START WITH 1
    INCREMENT BY 1
    NO MINVALUE
    NO MAXVALUE
    CACHE 1;


ALTER TABLE "dryLab_fileset_id_seq" OWNER TO dekker_lab;

--
-- Name: dryLab_fileset_id_seq; Type: SEQUENCE OWNED BY; Schema: public; Owner: dekker_lab
--

ALTER SEQUENCE "dryLab_fileset_id_seq" OWNED BY "dryLab_fileset".id;


--
-- Name: dryLab_imageobjects; Type: TABLE; Schema: public; Owner: dekker_lab
--

CREATE TABLE "dryLab_imageobjects" (
    id integer NOT NULL,
    "imageObjects_images" character varying(200) NOT NULL,
    project_id integer NOT NULL,
    "imageObjects_name" character varying(50) NOT NULL,
    dcic_alias character varying(500) NOT NULL,
    "imageObjects_type_id" integer NOT NULL,
    description character varying(200)
);


ALTER TABLE "dryLab_imageobjects" OWNER TO dekker_lab;

--
-- Name: dryLab_imageobjects_id_seq; Type: SEQUENCE; Schema: public; Owner: dekker_lab
--

CREATE SEQUENCE "dryLab_imageobjects_id_seq"
    START WITH 1
    INCREMENT BY 1
    NO MINVALUE
    NO MAXVALUE
    CACHE 1;


ALTER TABLE "dryLab_imageobjects_id_seq" OWNER TO dekker_lab;

--
-- Name: dryLab_imageobjects_id_seq; Type: SEQUENCE OWNED BY; Schema: public; Owner: dekker_lab
--

ALTER SEQUENCE "dryLab_imageobjects_id_seq" OWNED BY "dryLab_imageobjects".id;


--
-- Name: dryLab_images; Type: TABLE; Schema: public; Owner: dekker_lab
--

CREATE TABLE "dryLab_images" (
    id integer NOT NULL,
    image_path character varying(500) NOT NULL,
    image_analysis_id integer NOT NULL
);


ALTER TABLE "dryLab_images" OWNER TO dekker_lab;

--
-- Name: dryLab_images_id_seq; Type: SEQUENCE; Schema: public; Owner: dekker_lab
--

CREATE SEQUENCE "dryLab_images_id_seq"
    START WITH 1
    INCREMENT BY 1
    NO MINVALUE
    NO MAXVALUE
    CACHE 1;


ALTER TABLE "dryLab_images_id_seq" OWNER TO dekker_lab;

--
-- Name: dryLab_images_id_seq; Type: SEQUENCE OWNED BY; Schema: public; Owner: dekker_lab
--

ALTER SEQUENCE "dryLab_images_id_seq" OWNED BY "dryLab_images".id;


--
-- Name: dryLab_seqencingfile; Type: TABLE; Schema: public; Owner: dekker_lab
--

CREATE TABLE "dryLab_seqencingfile" (
    id integer NOT NULL,
    "sequencingFile_mainPath" character varying(500) NOT NULL,
    "sequencingFile_backupPath" character varying(500) NOT NULL,
    "sequencingFile_sha256sum" character varying(64) NOT NULL,
    "sequencingFile_md5sum" character varying(32) NOT NULL,
    "sequencingFile_name" character varying(255) NOT NULL,
    "sequencingFile_run_id" integer NOT NULL,
    "sequencingFile_exp_id" integer NOT NULL,
    project_id integer NOT NULL,
    dbxrefs character varying(500),
    file_classification_id integer,
    file_format_id integer,
    file_format_specifications_id integer,
    paired_end character varying(1),
    read_length integer,
    barcode_in_read character varying(1),
    flowcell_details_chunk character varying(500),
    flowcell_details_lane character varying(200),
    file_barcode_id integer,
    dcic_alias character varying(500) NOT NULL
);


ALTER TABLE "dryLab_seqencingfile" OWNER TO dekker_lab;

--
-- Name: dryLab_seqencingfile_id_seq; Type: SEQUENCE; Schema: public; Owner: dekker_lab
--

CREATE SEQUENCE "dryLab_seqencingfile_id_seq"
    START WITH 1
    INCREMENT BY 1
    NO MINVALUE
    NO MAXVALUE
    CACHE 1;


ALTER TABLE "dryLab_seqencingfile_id_seq" OWNER TO dekker_lab;

--
-- Name: dryLab_seqencingfile_id_seq; Type: SEQUENCE OWNED BY; Schema: public; Owner: dekker_lab
--

ALTER SEQUENCE "dryLab_seqencingfile_id_seq" OWNED BY "dryLab_seqencingfile".id;


--
-- Name: dryLab_sequencingrun; Type: TABLE; Schema: public; Owner: dekker_lab
--

CREATE TABLE "dryLab_sequencingrun" (
    id integer NOT NULL,
    run_name character varying(100) NOT NULL,
    project_id integer NOT NULL,
    run_retrieval_date date,
    run_submission_date date NOT NULL,
    run_approved boolean NOT NULL,
    run_submitted boolean NOT NULL,
    run_sequencing_center_id integer,
    run_sequencing_instrument_id integer,
    run_sequencing_machine_id integer
);


ALTER TABLE "dryLab_sequencingrun" OWNER TO dekker_lab;

--
-- Name: dryLab_sequencingrun_id_seq; Type: SEQUENCE; Schema: public; Owner: dekker_lab
--

CREATE SEQUENCE "dryLab_sequencingrun_id_seq"
    START WITH 1
    INCREMENT BY 1
    NO MINVALUE
    NO MAXVALUE
    CACHE 1;


ALTER TABLE "dryLab_sequencingrun_id_seq" OWNER TO dekker_lab;

--
-- Name: dryLab_sequencingrun_id_seq; Type: SEQUENCE OWNED BY; Schema: public; Owner: dekker_lab
--

ALTER SEQUENCE "dryLab_sequencingrun_id_seq" OWNED BY "dryLab_sequencingrun".id;


--
-- Name: dryLab_sequencingrun_run_Experiment; Type: TABLE; Schema: public; Owner: dekker_lab
--

CREATE TABLE "dryLab_sequencingrun_run_Experiment" (
    id integer NOT NULL,
    sequencingrun_id integer NOT NULL,
    experiment_id integer NOT NULL
);


ALTER TABLE "dryLab_sequencingrun_run_Experiment" OWNER TO dekker_lab;

--
-- Name: dryLab_sequencingrun_run_Experiment_id_seq; Type: SEQUENCE; Schema: public; Owner: dekker_lab
--

CREATE SEQUENCE "dryLab_sequencingrun_run_Experiment_id_seq"
    START WITH 1
    INCREMENT BY 1
    NO MINVALUE
    NO MAXVALUE
    CACHE 1;


ALTER TABLE "dryLab_sequencingrun_run_Experiment_id_seq" OWNER TO dekker_lab;

--
-- Name: dryLab_sequencingrun_run_Experiment_id_seq; Type: SEQUENCE OWNED BY; Schema: public; Owner: dekker_lab
--

ALTER SEQUENCE "dryLab_sequencingrun_run_Experiment_id_seq" OWNED BY "dryLab_sequencingrun_run_Experiment".id;


--
-- Name: organization_award; Type: TABLE; Schema: public; Owner: dekker_lab
--

CREATE TABLE organization_award (
    id integer NOT NULL,
    award_name character varying(50) NOT NULL
);


ALTER TABLE organization_award OWNER TO dekker_lab;

--
-- Name: organization_award_award_exp; Type: TABLE; Schema: public; Owner: dekker_lab
--

CREATE TABLE organization_award_award_exp (
    id integer NOT NULL,
    award_id integer NOT NULL,
    experiment_id integer NOT NULL
);


ALTER TABLE organization_award_award_exp OWNER TO dekker_lab;

--
-- Name: organization_award_award_exp_id_seq; Type: SEQUENCE; Schema: public; Owner: dekker_lab
--

CREATE SEQUENCE organization_award_award_exp_id_seq
    START WITH 1
    INCREMENT BY 1
    NO MINVALUE
    NO MAXVALUE
    CACHE 1;


ALTER TABLE organization_award_award_exp_id_seq OWNER TO dekker_lab;

--
-- Name: organization_award_award_exp_id_seq; Type: SEQUENCE OWNED BY; Schema: public; Owner: dekker_lab
--

ALTER SEQUENCE organization_award_award_exp_id_seq OWNED BY organization_award_award_exp.id;


--
-- Name: organization_award_award_project; Type: TABLE; Schema: public; Owner: dekker_lab
--

CREATE TABLE organization_award_award_project (
    id integer NOT NULL,
    award_id integer NOT NULL,
    project_id integer NOT NULL
);


ALTER TABLE organization_award_award_project OWNER TO dekker_lab;

--
-- Name: organization_award_award_project_id_seq; Type: SEQUENCE; Schema: public; Owner: dekker_lab
--

CREATE SEQUENCE organization_award_award_project_id_seq
    START WITH 1
    INCREMENT BY 1
    NO MINVALUE
    NO MAXVALUE
    CACHE 1;


ALTER TABLE organization_award_award_project_id_seq OWNER TO dekker_lab;

--
-- Name: organization_award_award_project_id_seq; Type: SEQUENCE OWNED BY; Schema: public; Owner: dekker_lab
--

ALTER SEQUENCE organization_award_award_project_id_seq OWNED BY organization_award_award_project.id;


--
-- Name: organization_award_id_seq; Type: SEQUENCE; Schema: public; Owner: dekker_lab
--

CREATE SEQUENCE organization_award_id_seq
    START WITH 1
    INCREMENT BY 1
    NO MINVALUE
    NO MAXVALUE
    CACHE 1;


ALTER TABLE organization_award_id_seq OWNER TO dekker_lab;

--
-- Name: organization_award_id_seq; Type: SEQUENCE OWNED BY; Schema: public; Owner: dekker_lab
--

ALTER SEQUENCE organization_award_id_seq OWNED BY organization_award.id;


--
-- Name: organization_choice; Type: TABLE; Schema: public; Owner: dekker_lab
--

CREATE TABLE organization_choice (
    id integer NOT NULL,
    choice_name character varying(50) NOT NULL,
    choice_type character varying(50) NOT NULL,
    choice_description character varying(200)
);


ALTER TABLE organization_choice OWNER TO dekker_lab;

--
-- Name: organization_choice_id_seq; Type: SEQUENCE; Schema: public; Owner: dekker_lab
--

CREATE SEQUENCE organization_choice_id_seq
    START WITH 1
    INCREMENT BY 1
    NO MINVALUE
    NO MAXVALUE
    CACHE 1;


ALTER TABLE organization_choice_id_seq OWNER TO dekker_lab;

--
-- Name: organization_choice_id_seq; Type: SEQUENCE OWNED BY; Schema: public; Owner: dekker_lab
--

ALTER SEQUENCE organization_choice_id_seq OWNED BY organization_choice.id;


--
-- Name: organization_experiment; Type: TABLE; Schema: public; Owner: dekker_lab
--

CREATE TABLE organization_experiment (
    id integer NOT NULL,
    experiment_name character varying(100) NOT NULL,
    experiment_biosample_id integer NOT NULL,
    project_id integer NOT NULL,
    protocol_id integer NOT NULL,
    experiment_description character varying(200),
    experiment_enzyme_id integer NOT NULL,
    dbxrefs character varying(100),
    document_id integer,
    references_id integer,
    url character varying(200),
    experiment_fields jsonb,
    type_id integer NOT NULL,
    variation text,
    biosample_quantity double precision NOT NULL,
    biosample_quantity_units character varying(5) NOT NULL,
    dcic_alias character varying(500) NOT NULL
);


ALTER TABLE organization_experiment OWNER TO dekker_lab;

--
-- Name: organization_experiment_imageObjects; Type: TABLE; Schema: public; Owner: dekker_lab
--

CREATE TABLE "organization_experiment_imageObjects" (
    id integer NOT NULL,
    experiment_id integer NOT NULL,
    imageobjects_id integer NOT NULL
);


ALTER TABLE "organization_experiment_imageObjects" OWNER TO dekker_lab;

--
-- Name: organization_experiment_experiment_imageObjects_id_seq; Type: SEQUENCE; Schema: public; Owner: dekker_lab
--

CREATE SEQUENCE "organization_experiment_experiment_imageObjects_id_seq"
    START WITH 1
    INCREMENT BY 1
    NO MINVALUE
    NO MAXVALUE
    CACHE 1;


ALTER TABLE "organization_experiment_experiment_imageObjects_id_seq" OWNER TO dekker_lab;

--
-- Name: organization_experiment_experiment_imageObjects_id_seq; Type: SEQUENCE OWNED BY; Schema: public; Owner: dekker_lab
--

ALTER SEQUENCE "organization_experiment_experiment_imageObjects_id_seq" OWNED BY "organization_experiment_imageObjects".id;


--
-- Name: organization_experiment_id_seq; Type: SEQUENCE; Schema: public; Owner: dekker_lab
--

CREATE SEQUENCE organization_experiment_id_seq
    START WITH 1
    INCREMENT BY 1
    NO MINVALUE
    NO MAXVALUE
    CACHE 1;


ALTER TABLE organization_experiment_id_seq OWNER TO dekker_lab;

--
-- Name: organization_experiment_id_seq; Type: SEQUENCE OWNED BY; Schema: public; Owner: dekker_lab
--

ALTER SEQUENCE organization_experiment_id_seq OWNED BY organization_experiment.id;


--
-- Name: organization_experimentset; Type: TABLE; Schema: public; Owner: dekker_lab
--

CREATE TABLE organization_experimentset (
    id integer NOT NULL,
    "experimentSet_type_id" integer NOT NULL,
    "experimentSet_name" character varying(100) NOT NULL,
    project_id integer NOT NULL,
    description character varying(200) NOT NULL,
    document_id integer,
    dcic_alias character varying(500) NOT NULL
);


ALTER TABLE organization_experimentset OWNER TO dekker_lab;

--
-- Name: organization_experimentset_experimentSet_exp; Type: TABLE; Schema: public; Owner: dekker_lab
--

CREATE TABLE "organization_experimentset_experimentSet_exp" (
    id integer NOT NULL,
    experimentset_id integer NOT NULL,
    experiment_id integer NOT NULL
);


ALTER TABLE "organization_experimentset_experimentSet_exp" OWNER TO dekker_lab;

--
-- Name: organization_experimentset_experimentSet_exp_id_seq; Type: SEQUENCE; Schema: public; Owner: dekker_lab
--

CREATE SEQUENCE "organization_experimentset_experimentSet_exp_id_seq"
    START WITH 1
    INCREMENT BY 1
    NO MINVALUE
    NO MAXVALUE
    CACHE 1;


ALTER TABLE "organization_experimentset_experimentSet_exp_id_seq" OWNER TO dekker_lab;

--
-- Name: organization_experimentset_experimentSet_exp_id_seq; Type: SEQUENCE OWNED BY; Schema: public; Owner: dekker_lab
--

ALTER SEQUENCE "organization_experimentset_experimentSet_exp_id_seq" OWNED BY "organization_experimentset_experimentSet_exp".id;


--
-- Name: organization_experimentset_id_seq; Type: SEQUENCE; Schema: public; Owner: dekker_lab
--

CREATE SEQUENCE organization_experimentset_id_seq
    START WITH 1
    INCREMENT BY 1
    NO MINVALUE
    NO MAXVALUE
    CACHE 1;


ALTER TABLE organization_experimentset_id_seq OWNER TO dekker_lab;

--
-- Name: organization_experimentset_id_seq; Type: SEQUENCE OWNED BY; Schema: public; Owner: dekker_lab
--

ALTER SEQUENCE organization_experimentset_id_seq OWNED BY organization_experimentset.id;


--
-- Name: organization_jsonobjfield; Type: TABLE; Schema: public; Owner: dekker_lab
--

CREATE TABLE organization_jsonobjfield (
    id integer NOT NULL,
    field_name character varying(50) NOT NULL,
    field_type character varying(50) NOT NULL,
    field_set jsonb,
    "jsonField_description" character varying(200)
);


ALTER TABLE organization_jsonobjfield OWNER TO dekker_lab;

--
-- Name: organization_jsonobjfield_id_seq; Type: SEQUENCE; Schema: public; Owner: dekker_lab
--

CREATE SEQUENCE organization_jsonobjfield_id_seq
    START WITH 1
    INCREMENT BY 1
    NO MINVALUE
    NO MAXVALUE
    CACHE 1;


ALTER TABLE organization_jsonobjfield_id_seq OWNER TO dekker_lab;

--
-- Name: organization_jsonobjfield_id_seq; Type: SEQUENCE OWNED BY; Schema: public; Owner: dekker_lab
--

ALTER SEQUENCE organization_jsonobjfield_id_seq OWNED BY organization_jsonobjfield.id;


--
-- Name: organization_project; Type: TABLE; Schema: public; Owner: dekker_lab
--

CREATE TABLE organization_project (
    id integer NOT NULL,
    project_name character varying(200) NOT NULL,
    project_notes text,
    project_active boolean NOT NULL,
    project_owner_id integer NOT NULL,
    dcic_alias character varying(500) NOT NULL
);


ALTER TABLE organization_project OWNER TO dekker_lab;

--
-- Name: organization_project_id_seq; Type: SEQUENCE; Schema: public; Owner: dekker_lab
--

CREATE SEQUENCE organization_project_id_seq
    START WITH 1
    INCREMENT BY 1
    NO MINVALUE
    NO MAXVALUE
    CACHE 1;


ALTER TABLE organization_project_id_seq OWNER TO dekker_lab;

--
-- Name: organization_project_id_seq; Type: SEQUENCE OWNED BY; Schema: public; Owner: dekker_lab
--

ALTER SEQUENCE organization_project_id_seq OWNED BY organization_project.id;


--
-- Name: organization_project_project_contributor; Type: TABLE; Schema: public; Owner: dekker_lab
--

CREATE TABLE organization_project_project_contributor (
    id integer NOT NULL,
    project_id integer NOT NULL,
    user_id integer NOT NULL
);


ALTER TABLE organization_project_project_contributor OWNER TO dekker_lab;

--
-- Name: organization_project_project_contributor_id_seq; Type: SEQUENCE; Schema: public; Owner: dekker_lab
--

CREATE SEQUENCE organization_project_project_contributor_id_seq
    START WITH 1
    INCREMENT BY 1
    NO MINVALUE
    NO MAXVALUE
    CACHE 1;


ALTER TABLE organization_project_project_contributor_id_seq OWNER TO dekker_lab;

--
-- Name: organization_project_project_contributor_id_seq; Type: SEQUENCE OWNED BY; Schema: public; Owner: dekker_lab
--

ALTER SEQUENCE organization_project_project_contributor_id_seq OWNED BY organization_project_project_contributor.id;


--
-- Name: organization_publication; Type: TABLE; Schema: public; Owner: dekker_lab
--

CREATE TABLE organization_publication (
    id integer NOT NULL,
    publication_categories_id integer,
    publication_title character varying(200) NOT NULL,
    exp_sets_prod_in_pub_id integer,
    exp_sets_used_in_pub_id integer,
    publication_id character varying(200) NOT NULL,
    publication_published_by_id integer,
    attachment character varying(100) NOT NULL,
    dcic_alias character varying(500) NOT NULL,
    name character varying(100) NOT NULL
);


ALTER TABLE organization_publication OWNER TO dekker_lab;

--
-- Name: organization_publication_id_seq; Type: SEQUENCE; Schema: public; Owner: dekker_lab
--

CREATE SEQUENCE organization_publication_id_seq
    START WITH 1
    INCREMENT BY 1
    NO MINVALUE
    NO MAXVALUE
    CACHE 1;


ALTER TABLE organization_publication_id_seq OWNER TO dekker_lab;

--
-- Name: organization_publication_id_seq; Type: SEQUENCE OWNED BY; Schema: public; Owner: dekker_lab
--

ALTER SEQUENCE organization_publication_id_seq OWNED BY organization_publication.id;


--
-- Name: organization_tag; Type: TABLE; Schema: public; Owner: dekker_lab
--

CREATE TABLE organization_tag (
    id integer NOT NULL,
    tag_name character varying(100) NOT NULL,
    tag_user_id integer NOT NULL,
    project_id integer NOT NULL
);


ALTER TABLE organization_tag OWNER TO dekker_lab;

--
-- Name: organization_tag_id_seq; Type: SEQUENCE; Schema: public; Owner: dekker_lab
--

CREATE SEQUENCE organization_tag_id_seq
    START WITH 1
    INCREMENT BY 1
    NO MINVALUE
    NO MAXVALUE
    CACHE 1;


ALTER TABLE organization_tag_id_seq OWNER TO dekker_lab;

--
-- Name: organization_tag_id_seq; Type: SEQUENCE OWNED BY; Schema: public; Owner: dekker_lab
--

ALTER SEQUENCE organization_tag_id_seq OWNED BY organization_tag.id;


--
-- Name: organization_tag_tag_exp; Type: TABLE; Schema: public; Owner: dekker_lab
--

CREATE TABLE organization_tag_tag_exp (
    id integer NOT NULL,
    tag_id integer NOT NULL,
    experiment_id integer NOT NULL
);


ALTER TABLE organization_tag_tag_exp OWNER TO dekker_lab;

--
-- Name: organization_tag_tag_exp_id_seq; Type: SEQUENCE; Schema: public; Owner: dekker_lab
--

CREATE SEQUENCE organization_tag_tag_exp_id_seq
    START WITH 1
    INCREMENT BY 1
    NO MINVALUE
    NO MAXVALUE
    CACHE 1;


ALTER TABLE organization_tag_tag_exp_id_seq OWNER TO dekker_lab;

--
-- Name: organization_tag_tag_exp_id_seq; Type: SEQUENCE OWNED BY; Schema: public; Owner: dekker_lab
--

ALTER SEQUENCE organization_tag_tag_exp_id_seq OWNED BY organization_tag_tag_exp.id;


--
-- Name: wetLab_barcode; Type: TABLE; Schema: public; Owner: dekker_lab
--

CREATE TABLE "wetLab_barcode" (
    id integer NOT NULL,
    barcode_name character varying(50) NOT NULL,
    barcode_position character varying(200),
    barcode_index_id integer NOT NULL
);


ALTER TABLE "wetLab_barcode" OWNER TO dekker_lab;

--
-- Name: wetLab_barcode_id_seq; Type: SEQUENCE; Schema: public; Owner: dekker_lab
--

CREATE SEQUENCE "wetLab_barcode_id_seq"
    START WITH 1
    INCREMENT BY 1
    NO MINVALUE
    NO MAXVALUE
    CACHE 1;


ALTER TABLE "wetLab_barcode_id_seq" OWNER TO dekker_lab;

--
-- Name: wetLab_barcode_id_seq; Type: SEQUENCE OWNED BY; Schema: public; Owner: dekker_lab
--

ALTER SEQUENCE "wetLab_barcode_id_seq" OWNED BY "wetLab_barcode".id;


--
-- Name: wetLab_biosample; Type: TABLE; Schema: public; Owner: dekker_lab
--

CREATE TABLE "wetLab_biosample" (
    id integer NOT NULL,
    biosample_fields jsonb,
    biosample_biosource_id integer NOT NULL,
    biosample_individual_id integer NOT NULL,
    protocol_id integer,
    biosample_type_id integer NOT NULL,
    biosample_name character varying(50) NOT NULL,
    "userOwner_id" integer NOT NULL,
    dbxrefs character varying(100),
    document_id integer,
    references_id integer,
    url character varying(200),
    biosample_description character varying(200),
    dcic_alias character varying(500) NOT NULL
);


ALTER TABLE "wetLab_biosample" OWNER TO dekker_lab;

--
-- Name: wetLab_biosample_biosample_OtherTreatment; Type: TABLE; Schema: public; Owner: dekker_lab
--

CREATE TABLE "wetLab_biosample_biosample_OtherTreatment" (
    id integer NOT NULL,
    biosample_id integer NOT NULL,
    othertreatment_id integer NOT NULL
);


ALTER TABLE "wetLab_biosample_biosample_OtherTreatment" OWNER TO dekker_lab;

--
-- Name: wetLab_biosample_biosample_OtherTreatment_id_seq; Type: SEQUENCE; Schema: public; Owner: dekker_lab
--

CREATE SEQUENCE "wetLab_biosample_biosample_OtherTreatment_id_seq"
    START WITH 1
    INCREMENT BY 1
    NO MINVALUE
    NO MAXVALUE
    CACHE 1;


ALTER TABLE "wetLab_biosample_biosample_OtherTreatment_id_seq" OWNER TO dekker_lab;

--
-- Name: wetLab_biosample_biosample_OtherTreatment_id_seq; Type: SEQUENCE OWNED BY; Schema: public; Owner: dekker_lab
--

ALTER SEQUENCE "wetLab_biosample_biosample_OtherTreatment_id_seq" OWNED BY "wetLab_biosample_biosample_OtherTreatment".id;


--
-- Name: wetLab_biosample_biosample_TreatmentChemical; Type: TABLE; Schema: public; Owner: dekker_lab
--

CREATE TABLE "wetLab_biosample_biosample_TreatmentChemical" (
    id integer NOT NULL,
    biosample_id integer NOT NULL,
    treatmentchemical_id integer NOT NULL
);


ALTER TABLE "wetLab_biosample_biosample_TreatmentChemical" OWNER TO dekker_lab;

--
-- Name: wetLab_biosample_biosample_TreatmentChemical_id_seq; Type: SEQUENCE; Schema: public; Owner: dekker_lab
--

CREATE SEQUENCE "wetLab_biosample_biosample_TreatmentChemical_id_seq"
    START WITH 1
    INCREMENT BY 1
    NO MINVALUE
    NO MAXVALUE
    CACHE 1;


ALTER TABLE "wetLab_biosample_biosample_TreatmentChemical_id_seq" OWNER TO dekker_lab;

--
-- Name: wetLab_biosample_biosample_TreatmentChemical_id_seq; Type: SEQUENCE OWNED BY; Schema: public; Owner: dekker_lab
--

ALTER SEQUENCE "wetLab_biosample_biosample_TreatmentChemical_id_seq" OWNED BY "wetLab_biosample_biosample_TreatmentChemical".id;


--
-- Name: wetLab_biosample_biosample_TreatmentRnai; Type: TABLE; Schema: public; Owner: dekker_lab
--

CREATE TABLE "wetLab_biosample_biosample_TreatmentRnai" (
    id integer NOT NULL,
    biosample_id integer NOT NULL,
    treatmentrnai_id integer NOT NULL
);


ALTER TABLE "wetLab_biosample_biosample_TreatmentRnai" OWNER TO dekker_lab;

--
-- Name: wetLab_biosample_biosample_TreatmentRnai_id_seq; Type: SEQUENCE; Schema: public; Owner: dekker_lab
--

CREATE SEQUENCE "wetLab_biosample_biosample_TreatmentRnai_id_seq"
    START WITH 1
    INCREMENT BY 1
    NO MINVALUE
    NO MAXVALUE
    CACHE 1;


ALTER TABLE "wetLab_biosample_biosample_TreatmentRnai_id_seq" OWNER TO dekker_lab;

--
-- Name: wetLab_biosample_biosample_TreatmentRnai_id_seq; Type: SEQUENCE OWNED BY; Schema: public; Owner: dekker_lab
--

ALTER SEQUENCE "wetLab_biosample_biosample_TreatmentRnai_id_seq" OWNED BY "wetLab_biosample_biosample_TreatmentRnai".id;


--
-- Name: wetLab_biosample_imageObjects; Type: TABLE; Schema: public; Owner: dekker_lab
--

CREATE TABLE "wetLab_biosample_imageObjects" (
    id integer NOT NULL,
    biosample_id integer NOT NULL,
    imageobjects_id integer NOT NULL
);


ALTER TABLE "wetLab_biosample_imageObjects" OWNER TO dekker_lab;

--
-- Name: wetLab_biosample_biosample_imageObjects_id_seq; Type: SEQUENCE; Schema: public; Owner: dekker_lab
--

CREATE SEQUENCE "wetLab_biosample_biosample_imageObjects_id_seq"
    START WITH 1
    INCREMENT BY 1
    NO MINVALUE
    NO MAXVALUE
    CACHE 1;


ALTER TABLE "wetLab_biosample_biosample_imageObjects_id_seq" OWNER TO dekker_lab;

--
-- Name: wetLab_biosample_biosample_imageObjects_id_seq; Type: SEQUENCE OWNED BY; Schema: public; Owner: dekker_lab
--

ALTER SEQUENCE "wetLab_biosample_biosample_imageObjects_id_seq" OWNED BY "wetLab_biosample_imageObjects".id;


--
-- Name: wetLab_biosample_id_seq; Type: SEQUENCE; Schema: public; Owner: dekker_lab
--

CREATE SEQUENCE "wetLab_biosample_id_seq"
    START WITH 1
    INCREMENT BY 1
    NO MINVALUE
    NO MAXVALUE
    CACHE 1;


ALTER TABLE "wetLab_biosample_id_seq" OWNER TO dekker_lab;

--
-- Name: wetLab_biosample_id_seq; Type: SEQUENCE OWNED BY; Schema: public; Owner: dekker_lab
--

ALTER SEQUENCE "wetLab_biosample_id_seq" OWNED BY "wetLab_biosample".id;


--
-- Name: wetLab_biosample_modifications; Type: TABLE; Schema: public; Owner: dekker_lab
--

CREATE TABLE "wetLab_biosample_modifications" (
    id integer NOT NULL,
    biosample_id integer NOT NULL,
    modification_id integer NOT NULL
);


ALTER TABLE "wetLab_biosample_modifications" OWNER TO dekker_lab;

--
-- Name: wetLab_biosample_modifications_id_seq; Type: SEQUENCE; Schema: public; Owner: dekker_lab
--

CREATE SEQUENCE "wetLab_biosample_modifications_id_seq"
    START WITH 1
    INCREMENT BY 1
    NO MINVALUE
    NO MAXVALUE
    CACHE 1;


ALTER TABLE "wetLab_biosample_modifications_id_seq" OWNER TO dekker_lab;

--
-- Name: wetLab_biosample_modifications_id_seq; Type: SEQUENCE OWNED BY; Schema: public; Owner: dekker_lab
--

ALTER SEQUENCE "wetLab_biosample_modifications_id_seq" OWNED BY "wetLab_biosample_modifications".id;


--
-- Name: wetLab_biosource; Type: TABLE; Schema: public; Owner: dekker_lab
--

CREATE TABLE "wetLab_biosource" (
    id integer NOT NULL,
    biosource_tissue character varying(100),
    biosource_individual_id integer NOT NULL,
    biosource_type_id integer NOT NULL,
    biosource_vendor_id integer,
    biosource_description character varying(200),
    biosource_name character varying(50) NOT NULL,
    biosource_cell_line character varying(200),
    biosource_cell_line_tier_id integer,
    dbxrefs character varying(100),
    document_id integer,
    references_id integer,
    url character varying(200),
    protocol_id integer,
    cell_line_termid character varying(100),
    dcic_alias character varying(500) NOT NULL
);


ALTER TABLE "wetLab_biosource" OWNER TO dekker_lab;

--
-- Name: wetLab_biosource_id_seq; Type: SEQUENCE; Schema: public; Owner: dekker_lab
--

CREATE SEQUENCE "wetLab_biosource_id_seq"
    START WITH 1
    INCREMENT BY 1
    NO MINVALUE
    NO MAXVALUE
    CACHE 1;


ALTER TABLE "wetLab_biosource_id_seq" OWNER TO dekker_lab;

--
-- Name: wetLab_biosource_id_seq; Type: SEQUENCE OWNED BY; Schema: public; Owner: dekker_lab
--

ALTER SEQUENCE "wetLab_biosource_id_seq" OWNED BY "wetLab_biosource".id;


--
-- Name: wetLab_biosource_modifications; Type: TABLE; Schema: public; Owner: dekker_lab
--

CREATE TABLE "wetLab_biosource_modifications" (
    id integer NOT NULL,
    biosource_id integer NOT NULL,
    modification_id integer NOT NULL
);


ALTER TABLE "wetLab_biosource_modifications" OWNER TO dekker_lab;

--
-- Name: wetLab_biosource_modifications_id_seq; Type: SEQUENCE; Schema: public; Owner: dekker_lab
--

CREATE SEQUENCE "wetLab_biosource_modifications_id_seq"
    START WITH 1
    INCREMENT BY 1
    NO MINVALUE
    NO MAXVALUE
    CACHE 1;


ALTER TABLE "wetLab_biosource_modifications_id_seq" OWNER TO dekker_lab;

--
-- Name: wetLab_biosource_modifications_id_seq; Type: SEQUENCE OWNED BY; Schema: public; Owner: dekker_lab
--

ALTER SEQUENCE "wetLab_biosource_modifications_id_seq" OWNED BY "wetLab_biosource_modifications".id;


--
-- Name: wetLab_construct; Type: TABLE; Schema: public; Owner: dekker_lab
--

CREATE TABLE "wetLab_construct" (
    id integer NOT NULL,
    construct_name character varying(50) NOT NULL,
    construct_description character varying(200),
    "construct_designed_to_Target" character varying(200),
    construct_insert_sequence character varying(200),
    construct_tag character varying(200),
    construct_vector_backbone character varying(200),
    construct_type_id integer,
    construct_vendor_id integer,
    document_id integer,
    references_id integer,
    url character varying(200),
    dcic_alias character varying(500) NOT NULL
);


ALTER TABLE "wetLab_construct" OWNER TO dekker_lab;

--
-- Name: wetLab_construct_id_seq; Type: SEQUENCE; Schema: public; Owner: dekker_lab
--

CREATE SEQUENCE "wetLab_construct_id_seq"
    START WITH 1
    INCREMENT BY 1
    NO MINVALUE
    NO MAXVALUE
    CACHE 1;


ALTER TABLE "wetLab_construct_id_seq" OWNER TO dekker_lab;

--
-- Name: wetLab_construct_id_seq; Type: SEQUENCE OWNED BY; Schema: public; Owner: dekker_lab
--

ALTER SEQUENCE "wetLab_construct_id_seq" OWNED BY "wetLab_construct".id;


--
-- Name: wetLab_document; Type: TABLE; Schema: public; Owner: dekker_lab
--

CREATE TABLE "wetLab_document" (
    id integer NOT NULL,
    description character varying(200) NOT NULL,
    attachment character varying(100) NOT NULL,
    type_id integer NOT NULL,
    references_id integer,
    url character varying(200),
    dcic_alias character varying(500) NOT NULL,
    name character varying(50) NOT NULL
);


ALTER TABLE "wetLab_document" OWNER TO dekker_lab;

--
-- Name: wetLab_document_id_seq; Type: SEQUENCE; Schema: public; Owner: dekker_lab
--

CREATE SEQUENCE "wetLab_document_id_seq"
    START WITH 1
    INCREMENT BY 1
    NO MINVALUE
    NO MAXVALUE
    CACHE 1;


ALTER TABLE "wetLab_document_id_seq" OWNER TO dekker_lab;

--
-- Name: wetLab_document_id_seq; Type: SEQUENCE OWNED BY; Schema: public; Owner: dekker_lab
--

ALTER SEQUENCE "wetLab_document_id_seq" OWNED BY "wetLab_document".id;


--
-- Name: wetLab_enzyme; Type: TABLE; Schema: public; Owner: dekker_lab
--

CREATE TABLE "wetLab_enzyme" (
    id integer NOT NULL,
    enzyme_name character varying(50) NOT NULL,
    "enzyme_recogSeq" character varying(20),
    "enzyme_siteLen" integer,
    "enzyme_cutPos" integer,
    enzyme_vendor_id integer NOT NULL,
    dbxrefs character varying(100),
    document_id integer,
    enzyme_catalog_number character varying(200),
    enzyme_description character varying(200),
    references_id integer,
    url character varying(200),
    dcic_alias character varying(500) NOT NULL
);


ALTER TABLE "wetLab_enzyme" OWNER TO dekker_lab;

--
-- Name: wetLab_enzyme_id_seq; Type: SEQUENCE; Schema: public; Owner: dekker_lab
--

CREATE SEQUENCE "wetLab_enzyme_id_seq"
    START WITH 1
    INCREMENT BY 1
    NO MINVALUE
    NO MAXVALUE
    CACHE 1;


ALTER TABLE "wetLab_enzyme_id_seq" OWNER TO dekker_lab;

--
-- Name: wetLab_enzyme_id_seq; Type: SEQUENCE OWNED BY; Schema: public; Owner: dekker_lab
--

ALTER SEQUENCE "wetLab_enzyme_id_seq" OWNED BY "wetLab_enzyme".id;


--
-- Name: wetLab_genomicregions; Type: TABLE; Schema: public; Owner: dekker_lab
--

CREATE TABLE "wetLab_genomicregions" (
    id integer NOT NULL,
    "genomicRegions_start_coordinate" integer,
    "genomicRegions_end_coordinate" integer,
    "genomicRegions_location_description" character varying(200),
    "genomicRegions_start_location" character varying(200),
    "genomicRegions_end_location" character varying(200),
    "genomicRegions_chromosome_id" integer,
    "genomicRegions_genome_assembly_id" integer NOT NULL,
    dcic_alias character varying(500) NOT NULL,
    name character varying(50) NOT NULL
);


ALTER TABLE "wetLab_genomicregions" OWNER TO dekker_lab;

--
-- Name: wetLab_genomicregions_id_seq; Type: SEQUENCE; Schema: public; Owner: dekker_lab
--

CREATE SEQUENCE "wetLab_genomicregions_id_seq"
    START WITH 1
    INCREMENT BY 1
    NO MINVALUE
    NO MAXVALUE
    CACHE 1;


ALTER TABLE "wetLab_genomicregions_id_seq" OWNER TO dekker_lab;

--
-- Name: wetLab_genomicregions_id_seq; Type: SEQUENCE OWNED BY; Schema: public; Owner: dekker_lab
--

ALTER SEQUENCE "wetLab_genomicregions_id_seq" OWNED BY "wetLab_genomicregions".id;


--
-- Name: wetLab_individual; Type: TABLE; Schema: public; Owner: dekker_lab
--

CREATE TABLE "wetLab_individual" (
    id integer NOT NULL,
    individual_fields jsonb,
    individual_type_id integer NOT NULL,
    individual_name character varying(50) NOT NULL,
    individual_vendor_id integer,
    dbxrefs character varying(100),
    document_id integer,
    references_id integer,
    url character varying(200),
    "userOwner_id" integer NOT NULL,
    dcic_alias character varying(500) NOT NULL
);


ALTER TABLE "wetLab_individual" OWNER TO dekker_lab;

--
-- Name: wetLab_individual_id_seq; Type: SEQUENCE; Schema: public; Owner: dekker_lab
--

CREATE SEQUENCE "wetLab_individual_id_seq"
    START WITH 1
    INCREMENT BY 1
    NO MINVALUE
    NO MAXVALUE
    CACHE 1;


ALTER TABLE "wetLab_individual_id_seq" OWNER TO dekker_lab;

--
-- Name: wetLab_individual_id_seq; Type: SEQUENCE OWNED BY; Schema: public; Owner: dekker_lab
--

ALTER SEQUENCE "wetLab_individual_id_seq" OWNED BY "wetLab_individual".id;


--
-- Name: wetLab_modification; Type: TABLE; Schema: public; Owner: dekker_lab
--

CREATE TABLE "wetLab_modification" (
    id integer NOT NULL,
    modification_type_id integer NOT NULL,
    modification_description character varying(200) NOT NULL,
    modification_name character varying(50) NOT NULL,
    "userOwner_id" integer NOT NULL,
    dbxrefs character varying(100),
    document_id integer,
    "modification_gRNA" character varying(200),
    modification_vendor_id integer,
    references_id integer,
    url character varying(200),
    constructs_id integer,
    "modification_genomicRegions_id" integer,
    target_id integer,
    dcic_alias character varying(500) NOT NULL
);


ALTER TABLE "wetLab_modification" OWNER TO dekker_lab;

--
-- Name: wetLab_modification_id_seq; Type: SEQUENCE; Schema: public; Owner: dekker_lab
--

CREATE SEQUENCE "wetLab_modification_id_seq"
    START WITH 1
    INCREMENT BY 1
    NO MINVALUE
    NO MAXVALUE
    CACHE 1;


ALTER TABLE "wetLab_modification_id_seq" OWNER TO dekker_lab;

--
-- Name: wetLab_modification_id_seq; Type: SEQUENCE OWNED BY; Schema: public; Owner: dekker_lab
--

ALTER SEQUENCE "wetLab_modification_id_seq" OWNED BY "wetLab_modification".id;


--
-- Name: wetLab_othertreatment; Type: TABLE; Schema: public; Owner: dekker_lab
--

CREATE TABLE "wetLab_othertreatment" (
    id integer NOT NULL,
    url character varying(200),
    dbxrefs character varying(100),
    name character varying(50) NOT NULL,
    description text NOT NULL,
    document_id integer,
    references_id integer,
    "userOwner_id" integer NOT NULL
);


ALTER TABLE "wetLab_othertreatment" OWNER TO dekker_lab;

--
-- Name: wetLab_othertreatment_id_seq; Type: SEQUENCE; Schema: public; Owner: dekker_lab
--

CREATE SEQUENCE "wetLab_othertreatment_id_seq"
    START WITH 1
    INCREMENT BY 1
    NO MINVALUE
    NO MAXVALUE
    CACHE 1;


ALTER TABLE "wetLab_othertreatment_id_seq" OWNER TO dekker_lab;

--
-- Name: wetLab_othertreatment_id_seq; Type: SEQUENCE OWNED BY; Schema: public; Owner: dekker_lab
--

ALTER SEQUENCE "wetLab_othertreatment_id_seq" OWNED BY "wetLab_othertreatment".id;


--
-- Name: wetLab_protocol; Type: TABLE; Schema: public; Owner: dekker_lab
--

CREATE TABLE "wetLab_protocol" (
    id integer NOT NULL,
    description character varying(200),
    name character varying(50) NOT NULL,
    "userOwner_id" integer NOT NULL,
    enzyme_id integer,
    dcic_alias character varying(500) NOT NULL,
    attachment character varying(100)
);


ALTER TABLE "wetLab_protocol" OWNER TO dekker_lab;

--
-- Name: wetLab_protocol_id_seq; Type: SEQUENCE; Schema: public; Owner: dekker_lab
--

CREATE SEQUENCE "wetLab_protocol_id_seq"
    START WITH 1
    INCREMENT BY 1
    NO MINVALUE
    NO MAXVALUE
    CACHE 1;


ALTER TABLE "wetLab_protocol_id_seq" OWNER TO dekker_lab;

--
-- Name: wetLab_protocol_id_seq; Type: SEQUENCE OWNED BY; Schema: public; Owner: dekker_lab
--

ALTER SEQUENCE "wetLab_protocol_id_seq" OWNED BY "wetLab_protocol".id;


--
-- Name: wetLab_target; Type: TABLE; Schema: public; Owner: dekker_lab
--

CREATE TABLE "wetLab_target" (
    id integer NOT NULL,
    targeted_genes character varying(200),
    dbxrefs character varying(100),
    document_id integer,
    references_id integer,
    targeted_region_id integer,
    url character varying(200),
    target_description character varying(200),
    dcic_alias character varying(500) NOT NULL,
    name character varying(50) NOT NULL
);


ALTER TABLE "wetLab_target" OWNER TO dekker_lab;

--
-- Name: wetLab_target_id_seq; Type: SEQUENCE; Schema: public; Owner: dekker_lab
--

CREATE SEQUENCE "wetLab_target_id_seq"
    START WITH 1
    INCREMENT BY 1
    NO MINVALUE
    NO MAXVALUE
    CACHE 1;


ALTER TABLE "wetLab_target_id_seq" OWNER TO dekker_lab;

--
-- Name: wetLab_target_id_seq; Type: SEQUENCE OWNED BY; Schema: public; Owner: dekker_lab
--

ALTER SEQUENCE "wetLab_target_id_seq" OWNED BY "wetLab_target".id;


--
-- Name: wetLab_treatmentchemical; Type: TABLE; Schema: public; Owner: dekker_lab
--

CREATE TABLE "wetLab_treatmentchemical" (
    id integer NOT NULL,
    url character varying(200),
    dbxrefs character varying(100),
    "treatmentChemical_name" character varying(50) NOT NULL,
    "treatmentChemical_chemical" character varying(50) NOT NULL,
    "treatmentChemical_concentration" double precision NOT NULL,
    "treatmentChemical_duration" double precision NOT NULL,
    "treatmentChemical_temperature" double precision NOT NULL,
    "treatmentChemical_description" character varying(200),
    document_id integer,
    references_id integer,
    "treatmentChemical_concentration_units_id" integer,
    "treatmentChemical_duration_units_id" integer,
    "userOwner_id" integer NOT NULL,
    dcic_alias character varying(500) NOT NULL
);


ALTER TABLE "wetLab_treatmentchemical" OWNER TO dekker_lab;

--
-- Name: wetLab_treatmentchemical_id_seq; Type: SEQUENCE; Schema: public; Owner: dekker_lab
--

CREATE SEQUENCE "wetLab_treatmentchemical_id_seq"
    START WITH 1
    INCREMENT BY 1
    NO MINVALUE
    NO MAXVALUE
    CACHE 1;


ALTER TABLE "wetLab_treatmentchemical_id_seq" OWNER TO dekker_lab;

--
-- Name: wetLab_treatmentchemical_id_seq; Type: SEQUENCE OWNED BY; Schema: public; Owner: dekker_lab
--

ALTER SEQUENCE "wetLab_treatmentchemical_id_seq" OWNED BY "wetLab_treatmentchemical".id;


--
-- Name: wetLab_treatmentrnai; Type: TABLE; Schema: public; Owner: dekker_lab
--

CREATE TABLE "wetLab_treatmentrnai" (
    id integer NOT NULL,
    url character varying(200),
    dbxrefs character varying(100),
    "treatmentRnai_name" character varying(50) NOT NULL,
    "treatmentRnai_nucleotide_seq" character varying(50),
    "treatmentRnai_description" character varying(200),
    document_id integer,
    references_id integer,
    "treatmentRnai_type_id" integer NOT NULL,
    "treatmentRnai_vendor_id" integer,
    "userOwner_id" integer NOT NULL,
    constructs_id integer,
    dcic_alias character varying(500) NOT NULL,
    "treatmentRnai_target_id" integer
);


ALTER TABLE "wetLab_treatmentrnai" OWNER TO dekker_lab;

--
-- Name: wetLab_treatmentrnai_id_seq; Type: SEQUENCE; Schema: public; Owner: dekker_lab
--

CREATE SEQUENCE "wetLab_treatmentrnai_id_seq"
    START WITH 1
    INCREMENT BY 1
    NO MINVALUE
    NO MAXVALUE
    CACHE 1;


ALTER TABLE "wetLab_treatmentrnai_id_seq" OWNER TO dekker_lab;

--
-- Name: wetLab_treatmentrnai_id_seq; Type: SEQUENCE OWNED BY; Schema: public; Owner: dekker_lab
--

ALTER SEQUENCE "wetLab_treatmentrnai_id_seq" OWNED BY "wetLab_treatmentrnai".id;


--
-- Name: wetLab_vendor; Type: TABLE; Schema: public; Owner: dekker_lab
--

CREATE TABLE "wetLab_vendor" (
    id integer NOT NULL,
    vendor_title character varying(100) NOT NULL,
    vendor_description character varying(100) NOT NULL,
    vendor_url character varying(200) NOT NULL,
    dcic_alias character varying(500) NOT NULL
);


ALTER TABLE "wetLab_vendor" OWNER TO dekker_lab;

--
-- Name: wetLab_vendor_id_seq; Type: SEQUENCE; Schema: public; Owner: dekker_lab
--

CREATE SEQUENCE "wetLab_vendor_id_seq"
    START WITH 1
    INCREMENT BY 1
    NO MINVALUE
    NO MAXVALUE
    CACHE 1;


ALTER TABLE "wetLab_vendor_id_seq" OWNER TO dekker_lab;

--
-- Name: wetLab_vendor_id_seq; Type: SEQUENCE OWNED BY; Schema: public; Owner: dekker_lab
--

ALTER SEQUENCE "wetLab_vendor_id_seq" OWNED BY "wetLab_vendor".id;


--
-- Name: id; Type: DEFAULT; Schema: public; Owner: dekker_lab
--

ALTER TABLE ONLY auth_group ALTER COLUMN id SET DEFAULT nextval('auth_group_id_seq'::regclass);


--
-- Name: id; Type: DEFAULT; Schema: public; Owner: dekker_lab
--

ALTER TABLE ONLY auth_group_permissions ALTER COLUMN id SET DEFAULT nextval('auth_group_permissions_id_seq'::regclass);


--
-- Name: id; Type: DEFAULT; Schema: public; Owner: dekker_lab
--

ALTER TABLE ONLY auth_permission ALTER COLUMN id SET DEFAULT nextval('auth_permission_id_seq'::regclass);


--
-- Name: id; Type: DEFAULT; Schema: public; Owner: dekker_lab
--

ALTER TABLE ONLY auth_user ALTER COLUMN id SET DEFAULT nextval('auth_user_id_seq'::regclass);


--
-- Name: id; Type: DEFAULT; Schema: public; Owner: dekker_lab
--

ALTER TABLE ONLY auth_user_groups ALTER COLUMN id SET DEFAULT nextval('auth_user_groups_id_seq'::regclass);


--
-- Name: id; Type: DEFAULT; Schema: public; Owner: dekker_lab
--

ALTER TABLE ONLY auth_user_user_permissions ALTER COLUMN id SET DEFAULT nextval('auth_user_user_permissions_id_seq'::regclass);


--
-- Name: id; Type: DEFAULT; Schema: public; Owner: dekker_lab
--

ALTER TABLE ONLY django_admin_log ALTER COLUMN id SET DEFAULT nextval('django_admin_log_id_seq'::regclass);


--
-- Name: id; Type: DEFAULT; Schema: public; Owner: dekker_lab
--

ALTER TABLE ONLY django_content_type ALTER COLUMN id SET DEFAULT nextval('django_content_type_id_seq'::regclass);


--
-- Name: id; Type: DEFAULT; Schema: public; Owner: dekker_lab
--

ALTER TABLE ONLY django_migrations ALTER COLUMN id SET DEFAULT nextval('django_migrations_id_seq'::regclass);


--
-- Name: id; Type: DEFAULT; Schema: public; Owner: dekker_lab
--

ALTER TABLE ONLY "dryLab_analysis" ALTER COLUMN id SET DEFAULT nextval('"dryLab_analysis_id_seq"'::regclass);


--
-- Name: id; Type: DEFAULT; Schema: public; Owner: dekker_lab
--

ALTER TABLE ONLY "dryLab_analysis_analysis_file" ALTER COLUMN id SET DEFAULT nextval('"dryLab_analysis_analysis_file_id_seq"'::regclass);


--
-- Name: id; Type: DEFAULT; Schema: public; Owner: dekker_lab
--

ALTER TABLE ONLY "dryLab_fileset" ALTER COLUMN id SET DEFAULT nextval('"dryLab_fileset_id_seq"'::regclass);


--
-- Name: id; Type: DEFAULT; Schema: public; Owner: dekker_lab
--

ALTER TABLE ONLY "dryLab_fileset_fileSet_file" ALTER COLUMN id SET DEFAULT nextval('"dryLab_fileset_fileSet_file_id_seq"'::regclass);


--
-- Name: id; Type: DEFAULT; Schema: public; Owner: dekker_lab
--

ALTER TABLE ONLY "dryLab_imageobjects" ALTER COLUMN id SET DEFAULT nextval('"dryLab_imageobjects_id_seq"'::regclass);


--
-- Name: id; Type: DEFAULT; Schema: public; Owner: dekker_lab
--

ALTER TABLE ONLY "dryLab_images" ALTER COLUMN id SET DEFAULT nextval('"dryLab_images_id_seq"'::regclass);


--
-- Name: id; Type: DEFAULT; Schema: public; Owner: dekker_lab
--

ALTER TABLE ONLY "dryLab_seqencingfile" ALTER COLUMN id SET DEFAULT nextval('"dryLab_seqencingfile_id_seq"'::regclass);


--
-- Name: id; Type: DEFAULT; Schema: public; Owner: dekker_lab
--

ALTER TABLE ONLY "dryLab_sequencingrun" ALTER COLUMN id SET DEFAULT nextval('"dryLab_sequencingrun_id_seq"'::regclass);


--
-- Name: id; Type: DEFAULT; Schema: public; Owner: dekker_lab
--

ALTER TABLE ONLY "dryLab_sequencingrun_run_Experiment" ALTER COLUMN id SET DEFAULT nextval('"dryLab_sequencingrun_run_Experiment_id_seq"'::regclass);


--
-- Name: id; Type: DEFAULT; Schema: public; Owner: dekker_lab
--

ALTER TABLE ONLY organization_award ALTER COLUMN id SET DEFAULT nextval('organization_award_id_seq'::regclass);


--
-- Name: id; Type: DEFAULT; Schema: public; Owner: dekker_lab
--

ALTER TABLE ONLY organization_award_award_exp ALTER COLUMN id SET DEFAULT nextval('organization_award_award_exp_id_seq'::regclass);


--
-- Name: id; Type: DEFAULT; Schema: public; Owner: dekker_lab
--

ALTER TABLE ONLY organization_award_award_project ALTER COLUMN id SET DEFAULT nextval('organization_award_award_project_id_seq'::regclass);


--
-- Name: id; Type: DEFAULT; Schema: public; Owner: dekker_lab
--

ALTER TABLE ONLY organization_choice ALTER COLUMN id SET DEFAULT nextval('organization_choice_id_seq'::regclass);


--
-- Name: id; Type: DEFAULT; Schema: public; Owner: dekker_lab
--

ALTER TABLE ONLY organization_experiment ALTER COLUMN id SET DEFAULT nextval('organization_experiment_id_seq'::regclass);


--
-- Name: id; Type: DEFAULT; Schema: public; Owner: dekker_lab
--

ALTER TABLE ONLY "organization_experiment_imageObjects" ALTER COLUMN id SET DEFAULT nextval('"organization_experiment_experiment_imageObjects_id_seq"'::regclass);


--
-- Name: id; Type: DEFAULT; Schema: public; Owner: dekker_lab
--

ALTER TABLE ONLY organization_experimentset ALTER COLUMN id SET DEFAULT nextval('organization_experimentset_id_seq'::regclass);


--
-- Name: id; Type: DEFAULT; Schema: public; Owner: dekker_lab
--

ALTER TABLE ONLY "organization_experimentset_experimentSet_exp" ALTER COLUMN id SET DEFAULT nextval('"organization_experimentset_experimentSet_exp_id_seq"'::regclass);


--
-- Name: id; Type: DEFAULT; Schema: public; Owner: dekker_lab
--

ALTER TABLE ONLY organization_jsonobjfield ALTER COLUMN id SET DEFAULT nextval('organization_jsonobjfield_id_seq'::regclass);


--
-- Name: id; Type: DEFAULT; Schema: public; Owner: dekker_lab
--

ALTER TABLE ONLY organization_project ALTER COLUMN id SET DEFAULT nextval('organization_project_id_seq'::regclass);


--
-- Name: id; Type: DEFAULT; Schema: public; Owner: dekker_lab
--

ALTER TABLE ONLY organization_project_project_contributor ALTER COLUMN id SET DEFAULT nextval('organization_project_project_contributor_id_seq'::regclass);


--
-- Name: id; Type: DEFAULT; Schema: public; Owner: dekker_lab
--

ALTER TABLE ONLY organization_publication ALTER COLUMN id SET DEFAULT nextval('organization_publication_id_seq'::regclass);


--
-- Name: id; Type: DEFAULT; Schema: public; Owner: dekker_lab
--

ALTER TABLE ONLY organization_tag ALTER COLUMN id SET DEFAULT nextval('organization_tag_id_seq'::regclass);


--
-- Name: id; Type: DEFAULT; Schema: public; Owner: dekker_lab
--

ALTER TABLE ONLY organization_tag_tag_exp ALTER COLUMN id SET DEFAULT nextval('organization_tag_tag_exp_id_seq'::regclass);


--
-- Name: id; Type: DEFAULT; Schema: public; Owner: dekker_lab
--

ALTER TABLE ONLY "wetLab_barcode" ALTER COLUMN id SET DEFAULT nextval('"wetLab_barcode_id_seq"'::regclass);


--
-- Name: id; Type: DEFAULT; Schema: public; Owner: dekker_lab
--

ALTER TABLE ONLY "wetLab_biosample" ALTER COLUMN id SET DEFAULT nextval('"wetLab_biosample_id_seq"'::regclass);


--
-- Name: id; Type: DEFAULT; Schema: public; Owner: dekker_lab
--

ALTER TABLE ONLY "wetLab_biosample_biosample_OtherTreatment" ALTER COLUMN id SET DEFAULT nextval('"wetLab_biosample_biosample_OtherTreatment_id_seq"'::regclass);


--
-- Name: id; Type: DEFAULT; Schema: public; Owner: dekker_lab
--

ALTER TABLE ONLY "wetLab_biosample_biosample_TreatmentChemical" ALTER COLUMN id SET DEFAULT nextval('"wetLab_biosample_biosample_TreatmentChemical_id_seq"'::regclass);


--
-- Name: id; Type: DEFAULT; Schema: public; Owner: dekker_lab
--

ALTER TABLE ONLY "wetLab_biosample_biosample_TreatmentRnai" ALTER COLUMN id SET DEFAULT nextval('"wetLab_biosample_biosample_TreatmentRnai_id_seq"'::regclass);


--
-- Name: id; Type: DEFAULT; Schema: public; Owner: dekker_lab
--

ALTER TABLE ONLY "wetLab_biosample_imageObjects" ALTER COLUMN id SET DEFAULT nextval('"wetLab_biosample_biosample_imageObjects_id_seq"'::regclass);


--
-- Name: id; Type: DEFAULT; Schema: public; Owner: dekker_lab
--

ALTER TABLE ONLY "wetLab_biosample_modifications" ALTER COLUMN id SET DEFAULT nextval('"wetLab_biosample_modifications_id_seq"'::regclass);


--
-- Name: id; Type: DEFAULT; Schema: public; Owner: dekker_lab
--

ALTER TABLE ONLY "wetLab_biosource" ALTER COLUMN id SET DEFAULT nextval('"wetLab_biosource_id_seq"'::regclass);


--
-- Name: id; Type: DEFAULT; Schema: public; Owner: dekker_lab
--

ALTER TABLE ONLY "wetLab_biosource_modifications" ALTER COLUMN id SET DEFAULT nextval('"wetLab_biosource_modifications_id_seq"'::regclass);


--
-- Name: id; Type: DEFAULT; Schema: public; Owner: dekker_lab
--

ALTER TABLE ONLY "wetLab_construct" ALTER COLUMN id SET DEFAULT nextval('"wetLab_construct_id_seq"'::regclass);


--
-- Name: id; Type: DEFAULT; Schema: public; Owner: dekker_lab
--

ALTER TABLE ONLY "wetLab_document" ALTER COLUMN id SET DEFAULT nextval('"wetLab_document_id_seq"'::regclass);


--
-- Name: id; Type: DEFAULT; Schema: public; Owner: dekker_lab
--

ALTER TABLE ONLY "wetLab_enzyme" ALTER COLUMN id SET DEFAULT nextval('"wetLab_enzyme_id_seq"'::regclass);


--
-- Name: id; Type: DEFAULT; Schema: public; Owner: dekker_lab
--

ALTER TABLE ONLY "wetLab_genomicregions" ALTER COLUMN id SET DEFAULT nextval('"wetLab_genomicregions_id_seq"'::regclass);


--
-- Name: id; Type: DEFAULT; Schema: public; Owner: dekker_lab
--

ALTER TABLE ONLY "wetLab_individual" ALTER COLUMN id SET DEFAULT nextval('"wetLab_individual_id_seq"'::regclass);


--
-- Name: id; Type: DEFAULT; Schema: public; Owner: dekker_lab
--

ALTER TABLE ONLY "wetLab_modification" ALTER COLUMN id SET DEFAULT nextval('"wetLab_modification_id_seq"'::regclass);


--
-- Name: id; Type: DEFAULT; Schema: public; Owner: dekker_lab
--

ALTER TABLE ONLY "wetLab_othertreatment" ALTER COLUMN id SET DEFAULT nextval('"wetLab_othertreatment_id_seq"'::regclass);


--
-- Name: id; Type: DEFAULT; Schema: public; Owner: dekker_lab
--

ALTER TABLE ONLY "wetLab_protocol" ALTER COLUMN id SET DEFAULT nextval('"wetLab_protocol_id_seq"'::regclass);


--
-- Name: id; Type: DEFAULT; Schema: public; Owner: dekker_lab
--

ALTER TABLE ONLY "wetLab_target" ALTER COLUMN id SET DEFAULT nextval('"wetLab_target_id_seq"'::regclass);


--
-- Name: id; Type: DEFAULT; Schema: public; Owner: dekker_lab
--

ALTER TABLE ONLY "wetLab_treatmentchemical" ALTER COLUMN id SET DEFAULT nextval('"wetLab_treatmentchemical_id_seq"'::regclass);


--
-- Name: id; Type: DEFAULT; Schema: public; Owner: dekker_lab
--

ALTER TABLE ONLY "wetLab_treatmentrnai" ALTER COLUMN id SET DEFAULT nextval('"wetLab_treatmentrnai_id_seq"'::regclass);


--
-- Name: id; Type: DEFAULT; Schema: public; Owner: dekker_lab
--

ALTER TABLE ONLY "wetLab_vendor" ALTER COLUMN id SET DEFAULT nextval('"wetLab_vendor_id_seq"'::regclass);


--
-- Data for Name: auth_group; Type: TABLE DATA; Schema: public; Owner: dekker_lab
--

COPY auth_group (id, name) FROM stdin;
1	Member
2	Collaborator
3	Admin
4	Principal Investigator
\.


--
-- Name: auth_group_id_seq; Type: SEQUENCE SET; Schema: public; Owner: dekker_lab
--

SELECT pg_catalog.setval('auth_group_id_seq', 4, true);


--
-- Data for Name: auth_group_permissions; Type: TABLE DATA; Schema: public; Owner: dekker_lab
--

COPY auth_group_permissions (id, group_id, permission_id) FROM stdin;
1	1	13
2	1	14
3	1	15
4	1	16
5	1	17
6	1	18
7	1	19
8	1	20
9	1	21
10	1	22
11	1	23
12	1	24
13	1	25
14	1	26
15	1	27
16	1	28
17	1	29
18	1	30
19	1	31
20	1	32
21	1	33
22	1	34
23	1	35
24	1	36
25	1	37
26	1	38
27	1	39
28	1	40
29	1	41
30	1	42
31	1	43
32	1	44
33	1	45
34	1	46
35	1	47
36	1	48
37	1	49
38	1	50
39	1	51
40	1	52
41	1	53
42	1	54
43	1	55
44	1	56
45	1	57
46	1	58
47	1	59
48	1	60
49	1	61
50	1	62
51	1	63
52	1	64
53	1	65
54	1	66
55	1	67
56	1	68
57	1	69
58	1	70
59	1	71
60	1	72
61	1	73
62	1	74
63	1	75
64	1	76
65	1	77
66	1	78
67	1	79
68	1	80
69	1	81
70	1	82
71	1	83
72	1	84
73	1	85
74	1	86
75	1	87
76	1	88
77	1	89
78	1	90
79	1	91
80	1	92
81	1	93
82	1	94
83	1	95
84	1	96
85	1	97
86	1	98
87	1	99
88	1	100
89	1	101
90	1	102
91	1	103
92	1	104
93	1	105
94	2	16
95	2	17
96	2	18
97	2	19
98	2	20
99	2	21
100	2	22
101	2	23
102	2	24
103	2	25
104	2	26
105	2	27
106	2	28
107	2	29
108	2	30
109	2	31
110	2	32
111	2	33
112	2	34
113	2	35
114	2	36
115	2	37
116	2	38
117	2	39
118	2	40
119	2	41
120	2	42
121	2	43
122	2	44
123	2	45
124	2	46
125	2	47
126	2	48
127	2	49
128	2	50
129	2	51
130	2	52
131	2	53
132	2	54
133	2	55
134	2	56
135	2	57
136	2	58
137	2	59
138	2	60
139	2	61
140	2	62
141	2	63
142	2	64
143	2	65
144	2	66
145	2	67
146	2	68
147	2	69
148	2	70
149	2	71
150	2	72
151	2	73
152	2	74
153	2	75
154	2	76
155	2	77
156	2	78
157	2	79
158	2	80
159	2	81
160	2	82
161	2	83
162	2	84
163	2	85
164	2	86
165	2	87
166	2	88
167	2	89
168	2	90
169	2	91
170	2	92
171	2	93
172	2	94
173	2	95
174	2	96
175	2	97
176	2	98
177	2	99
178	2	100
179	2	101
180	2	102
181	2	103
182	2	104
183	2	105
184	3	1
185	3	2
186	3	3
187	3	4
188	3	5
189	3	6
190	3	7
191	3	8
192	3	9
193	3	10
194	3	11
195	3	12
196	3	13
197	3	14
198	3	15
199	3	16
200	3	17
201	3	18
202	3	19
203	3	20
204	3	21
205	3	22
206	3	23
207	3	24
208	3	25
209	3	26
210	3	27
211	3	28
212	3	29
213	3	30
214	3	31
215	3	32
216	3	33
217	3	34
218	3	35
219	3	36
220	3	37
221	3	38
222	3	39
223	3	40
224	3	41
225	3	42
226	3	43
227	3	44
228	3	45
229	3	46
230	3	47
231	3	48
232	3	49
233	3	50
234	3	51
235	3	52
236	3	53
237	3	54
238	3	55
239	3	56
240	3	57
241	3	58
242	3	59
243	3	60
244	3	61
245	3	62
246	3	63
247	3	64
248	3	65
249	3	66
250	3	67
251	3	68
252	3	69
253	3	70
254	3	71
255	3	72
256	3	73
257	3	74
258	3	75
259	3	76
260	3	77
261	3	78
262	3	79
263	3	80
264	3	81
265	3	82
266	3	83
267	3	84
268	3	85
269	3	86
270	3	87
271	3	88
272	3	89
273	3	90
274	3	91
275	3	92
276	3	93
277	3	94
278	3	95
279	3	96
280	3	97
281	3	98
282	3	99
283	3	100
284	3	101
285	3	102
286	3	103
287	3	104
288	3	105
289	4	1
290	4	2
291	4	3
292	4	4
293	4	5
294	4	6
295	4	7
296	4	8
297	4	9
298	4	10
299	4	11
300	4	12
301	4	13
302	4	14
303	4	15
304	4	16
305	4	17
306	4	18
307	4	19
308	4	20
309	4	21
310	4	22
311	4	23
312	4	24
313	4	25
314	4	26
315	4	27
316	4	28
317	4	29
318	4	30
319	4	31
320	4	32
321	4	33
322	4	34
323	4	35
324	4	36
325	4	37
326	4	38
327	4	39
328	4	40
329	4	41
330	4	42
331	4	43
332	4	44
333	4	45
334	4	46
335	4	47
336	4	48
337	4	49
338	4	50
339	4	51
340	4	52
341	4	53
342	4	54
343	4	55
344	4	56
345	4	57
346	4	58
347	4	59
348	4	60
349	4	61
350	4	62
351	4	63
352	4	64
353	4	65
354	4	66
355	4	67
356	4	68
357	4	69
358	4	70
359	4	71
360	4	72
361	4	73
362	4	74
363	4	75
364	4	76
365	4	77
366	4	78
367	4	79
368	4	80
369	4	81
370	4	82
371	4	83
372	4	84
373	4	85
374	4	86
375	4	87
376	4	88
377	4	89
378	4	90
379	4	91
380	4	92
381	4	93
382	4	94
383	4	95
384	4	96
385	4	97
386	4	98
387	4	99
388	4	100
389	4	101
390	4	102
391	4	103
392	4	104
393	4	105
\.


--
-- Name: auth_group_permissions_id_seq; Type: SEQUENCE SET; Schema: public; Owner: dekker_lab
--

SELECT pg_catalog.setval('auth_group_permissions_id_seq', 393, true);


--
-- Data for Name: auth_permission; Type: TABLE DATA; Schema: public; Owner: dekker_lab
--

COPY auth_permission (id, name, content_type_id, codename) FROM stdin;
1	Can add log entry	1	add_logentry
2	Can change log entry	1	change_logentry
3	Can delete log entry	1	delete_logentry
4	Can add permission	2	add_permission
5	Can change permission	2	change_permission
6	Can delete permission	2	delete_permission
7	Can add group	3	add_group
8	Can change group	3	change_group
9	Can delete group	3	delete_group
10	Can add user	4	add_user
11	Can change user	4	change_user
12	Can delete user	4	delete_user
13	Can add content type	5	add_contenttype
14	Can change content type	5	change_contenttype
15	Can delete content type	5	delete_contenttype
16	Can add session	6	add_session
17	Can change session	6	change_session
18	Can delete session	6	delete_session
19	Can add json obj field	7	add_jsonobjfield
20	Can change json obj field	7	change_jsonobjfield
21	Can delete json obj field	7	delete_jsonobjfield
22	Can add choice	8	add_choice
23	Can change choice	8	change_choice
24	Can delete choice	8	delete_choice
25	Can add project	9	add_project
26	Can change project	9	change_project
27	Can delete project	9	delete_project
28	Can add experiment	10	add_experiment
29	Can change experiment	10	change_experiment
30	Can delete experiment	10	delete_experiment
31	Can add experiment set	11	add_experimentset
32	Can change experiment set	11	change_experimentset
33	Can delete experiment set	11	delete_experimentset
34	Can add publication	12	add_publication
35	Can change publication	12	change_publication
36	Can delete publication	12	delete_publication
37	Can add award	13	add_award
38	Can change award	13	change_award
39	Can delete award	13	delete_award
40	Can add tag	14	add_tag
41	Can change tag	14	change_tag
42	Can delete tag	14	delete_tag
43	Can add sequencing run	15	add_sequencingrun
44	Can change sequencing run	15	change_sequencingrun
45	Can delete sequencing run	15	delete_sequencingrun
46	Can add seqencing file	16	add_seqencingfile
47	Can change seqencing file	16	change_seqencingfile
48	Can delete seqencing file	16	delete_seqencingfile
49	Can add file set	17	add_fileset
50	Can change file set	17	change_fileset
51	Can delete file set	17	delete_fileset
52	Can add analysis	18	add_analysis
53	Can change analysis	18	change_analysis
54	Can delete analysis	18	delete_analysis
55	Can add images	19	add_images
56	Can change images	19	change_images
57	Can delete images	19	delete_images
58	Can add image objects	20	add_imageobjects
59	Can change image objects	20	change_imageobjects
60	Can delete image objects	20	delete_imageobjects
61	Can add document	21	add_document
62	Can change document	21	change_document
63	Can delete document	21	delete_document
64	Can add vendor	22	add_vendor
65	Can change vendor	22	change_vendor
66	Can delete vendor	22	delete_vendor
67	Can add construct	23	add_construct
68	Can change construct	23	change_construct
69	Can delete construct	23	delete_construct
70	Can add genomic regions	24	add_genomicregions
71	Can change genomic regions	24	change_genomicregions
72	Can delete genomic regions	24	delete_genomicregions
73	Can add target	25	add_target
74	Can change target	25	change_target
75	Can delete target	25	delete_target
76	Can add modification	26	add_modification
77	Can change modification	26	change_modification
78	Can delete modification	26	delete_modification
79	Can add individual	27	add_individual
80	Can change individual	27	change_individual
81	Can delete individual	27	delete_individual
82	Can add enzyme	28	add_enzyme
83	Can change enzyme	28	change_enzyme
84	Can delete enzyme	28	delete_enzyme
85	Can add protocol	29	add_protocol
86	Can change protocol	29	change_protocol
87	Can delete protocol	29	delete_protocol
88	Can add biosource	30	add_biosource
89	Can change biosource	30	change_biosource
90	Can delete biosource	30	delete_biosource
91	Can add treatment rnai	31	add_treatmentrnai
92	Can change treatment rnai	31	change_treatmentrnai
93	Can delete treatment rnai	31	delete_treatmentrnai
94	Can add treatment chemical	32	add_treatmentchemical
95	Can change treatment chemical	32	change_treatmentchemical
96	Can delete treatment chemical	32	delete_treatmentchemical
97	Can add other treatment	33	add_othertreatment
98	Can change other treatment	33	change_othertreatment
99	Can delete other treatment	33	delete_othertreatment
100	Can add biosample	34	add_biosample
101	Can change biosample	34	change_biosample
102	Can delete biosample	34	delete_biosample
103	Can add barcode	35	add_barcode
104	Can change barcode	35	change_barcode
105	Can delete barcode	35	delete_barcode
\.


--
-- Name: auth_permission_id_seq; Type: SEQUENCE SET; Schema: public; Owner: dekker_lab
--

SELECT pg_catalog.setval('auth_permission_id_seq', 105, true);


--
-- Data for Name: auth_user; Type: TABLE DATA; Schema: public; Owner: dekker_lab
--

COPY auth_user (id, password, last_login, is_superuser, username, first_name, last_name, email, is_staff, is_active, date_joined) FROM stdin;
1	pbkdf2_sha256$24000$1VbMhZ3D4RHA$DKhlG233NtW1FE5DcsWI0ybclwFJMpxp2KazWUzHko4=	2017-04-18 10:59:38.515351-04	t	admin			nand@gmail.com	t	t	2017-02-07 15:45:09-05
\.


--
-- Data for Name: auth_user_groups; Type: TABLE DATA; Schema: public; Owner: dekker_lab
--

COPY auth_user_groups (id, user_id, group_id) FROM stdin;
1	1	3
\.


--
-- Name: auth_user_groups_id_seq; Type: SEQUENCE SET; Schema: public; Owner: dekker_lab
--

SELECT pg_catalog.setval('auth_user_groups_id_seq', 1, true);


--
-- Name: auth_user_id_seq; Type: SEQUENCE SET; Schema: public; Owner: dekker_lab
--

SELECT pg_catalog.setval('auth_user_id_seq', 1, true);


--
-- Data for Name: auth_user_user_permissions; Type: TABLE DATA; Schema: public; Owner: dekker_lab
--

COPY auth_user_user_permissions (id, user_id, permission_id) FROM stdin;
\.


--
-- Name: auth_user_user_permissions_id_seq; Type: SEQUENCE SET; Schema: public; Owner: dekker_lab
--

SELECT pg_catalog.setval('auth_user_user_permissions_id_seq', 1, false);


--
-- Data for Name: django_admin_log; Type: TABLE DATA; Schema: public; Owner: dekker_lab
--

COPY django_admin_log (id, action_time, object_id, object_repr, action_flag, change_message, content_type_id, user_id) FROM stdin;
1	2017-02-07 15:47:10.424193-05	1	Member	1	Added.	3	1
2	2017-02-07 15:47:42.922803-05	2	Collaborator	1	Added.	3	1
3	2017-02-07 15:48:03.245897-05	3	Admin	1	Added.	3	1
4	2017-02-07 15:48:16.633736-05	4	Principal Investigator	1	Added.	3	1
5	2017-02-07 15:48:29.530236-05	1	admin	2	Changed groups.	4	1
6	2017-02-07 15:53:19.002832-05	1	iPS reprogramming	1	Added.	8	1
7	2017-02-07 15:53:35.370746-05	2	cell isolation protocol	1	Added.	8	1
8	2017-02-07 15:54:00.279606-05	3	construct image	1	Added.	8	1
9	2017-02-07 15:54:11.283168-05	4	transfection protocol	1	Added.	8	1
10	2017-02-07 15:57:24.269094-05	5	growth protocol	1	Added.	8	1
11	2017-02-07 15:57:34.821861-05	6	extraction protocol	1	Added.	8	1
12	2017-02-07 15:57:46.397303-05	7	certificate of analysis	1	Added.	8	1
13	2017-02-07 15:57:57.917261-05	8	data QA	1	Added.	8	1
14	2017-02-07 15:58:09.664285-05	9	differentiation protocol	1	Added.	8	1
15	2017-02-07 15:58:23.646578-05	10	dedifferentiation protocol	1	Added.	8	1
16	2017-02-07 15:58:35.290498-05	11	data sheet	1	Added.	8	1
17	2017-02-07 15:58:47.352749-05	12	treatment protocol	1	Added.	8	1
18	2017-02-07 15:58:58.758803-05	13	general protocol	1	Added.	8	1
19	2017-02-07 15:59:08.974181-05	14	excision protocol	1	Added.	8	1
20	2017-02-07 15:59:26.35725-05	15	standards document	1	Added.	8	1
21	2017-02-07 15:59:39.237754-05	16	strain generation protocol	1	Added.	8	1
22	2017-02-07 15:59:50.275292-05	17	spike-in concentrations	1	Added.	8	1
23	2017-02-07 16:00:05.867398-05	18	pipeline protocol	1	Added.	8	1
24	2017-02-07 16:00:17.309504-05	19	file format specification	1	Added.	8	1
25	2017-02-07 16:00:31.33821-05	20	high resolution pathology slide image	1	Added.	8	1
26	2017-02-07 16:00:48.111051-05	21	other	1	Added.	8	1
27	2017-02-07 16:03:08.200477-05	22	crispr construct	1	Added.	8	1
28	2017-02-07 16:03:30.586406-05	23	rnai construct	1	Added.	8	1
29	2017-02-07 16:03:39.856642-05	24	tagging construct	1	Added.	8	1
30	2017-02-07 16:04:16.678887-05	25	Crispr	1	Added.	8	1
31	2017-02-07 16:04:27.256365-05	26	Stable Transfection	1	Added.	8	1
32	2017-02-07 16:04:45.051413-05	27	Other	1	Added.	8	1
33	2017-02-07 16:05:24.348514-05	28	immortalized cell line	1	Added.	8	1
34	2017-02-07 16:05:34.923893-05	29	primary cell	1	Added.	8	1
35	2017-02-07 16:05:44.713186-05	30	tissue	1	Added.	8	1
36	2017-02-07 16:05:56.05498-05	31	in vitro differentiated cells	1	Added.	8	1
37	2017-02-07 16:06:06.468198-05	32	induced pluripotent stem cell line	1	Added.	8	1
38	2017-02-07 16:06:16.078049-05	33	whole organisms	1	Added.	8	1
39	2017-02-07 16:06:27.329704-05	34	stem cell	1	Added.	8	1
40	2017-02-07 16:06:57.569477-05	35	Unclassified	1	Added.	8	1
41	2017-02-07 16:07:24.591372-05	36	Tier 2	1	Added.	8	1
42	2017-02-07 16:07:37.033577-05	37	Tire 1	1	Added.	8	1
43	2017-02-07 16:08:00.027669-05	38	1	1	Added.	8	1
44	2017-02-07 16:08:08.579499-05	39	2	1	Added.	8	1
45	2017-02-07 16:08:17.815462-05	40	3	1	Added.	8	1
46	2017-02-07 16:08:24.182375-05	41	4	1	Added.	8	1
47	2017-02-07 16:08:29.349138-05	42	5	1	Added.	8	1
48	2017-02-07 16:08:35.188057-05	43	6	1	Added.	8	1
49	2017-02-07 16:08:40.033547-05	44	7	1	Added.	8	1
50	2017-02-07 16:08:45.165713-05	45	8	1	Added.	8	1
51	2017-02-07 16:08:51.139341-05	46	8	1	Added.	8	1
52	2017-02-07 16:08:56.889654-05	47	9	1	Added.	8	1
53	2017-02-07 16:09:08.071736-05	48	10	1	Added.	8	1
54	2017-02-07 16:18:58.707953-05	49	11	1	Added.	8	1
55	2017-02-07 16:19:04.613288-05	50	12	1	Added.	8	1
56	2017-02-07 16:19:10.781155-05	51	13	1	Added.	8	1
57	2017-02-07 16:19:17.665455-05	52	14	1	Added.	8	1
58	2017-02-07 16:19:24.36028-05	53	15	1	Added.	8	1
59	2017-02-07 16:19:30.5703-05	54	16	1	Added.	8	1
60	2017-02-07 16:19:35.992664-05	55	17	1	Added.	8	1
61	2017-02-07 16:19:42.147427-05	56	18	1	Added.	8	1
62	2017-02-07 16:19:48.109464-05	57	19	1	Added.	8	1
63	2017-02-07 16:19:54.024112-05	58	20	1	Added.	8	1
64	2017-02-07 16:19:59.685219-05	59	21	1	Added.	8	1
65	2017-02-07 16:20:06.952896-05	60	22	1	Added.	8	1
66	2017-02-07 16:20:16.266861-05	61	X	1	Added.	8	1
67	2017-02-07 16:20:22.104561-05	62	Y	1	Added.	8	1
68	2017-02-07 16:20:33.524564-05	63	MGSCv37	1	Added.	8	1
69	2017-02-07 16:20:42.828945-05	64	GRCm38	1	Added.	8	1
70	2017-02-07 16:20:55.85633-05	65	GRCh37	1	Added.	8	1
71	2017-02-07 16:21:04.214662-05	66	GRCh38	1	Added.	8	1
72	2017-02-07 16:21:24.982463-05	67	siRNA	1	Added.	8	1
73	2017-02-07 16:21:34.602388-05	68	shRNA	1	Added.	8	1
74	2017-02-07 16:21:50.014382-05	69	U/mL	1	Added.	8	1
75	2017-02-07 16:22:01.818428-05	70	units	1	Added.	8	1
76	2017-02-07 16:22:13.595828-05	71	percent	1	Added.	8	1
77	2017-02-07 16:22:27.32165-05	72	M	1	Added.	8	1
78	2017-02-07 16:22:41.326805-05	73	ng/mL	1	Added.	8	1
79	2017-02-07 16:22:51.78035-05	74	mg/mL	1	Added.	8	1
80	2017-02-07 16:23:04.469515-05	75	mM	1	Added.	8	1
81	2017-02-07 16:23:20.57927-05	76	g/mL	1	Added.	8	1
82	2017-02-07 16:23:30.242977-05	77	M	1	Added.	8	1
83	2017-02-07 16:23:41.920925-05	78	nM	1	Added.	8	1
84	2017-02-07 16:23:52.461511-05	79	pM	1	Added.	8	1
85	2017-02-07 16:24:08.550751-05	80	day	1	Added.	8	1
86	2017-02-07 16:24:20.507901-05	81	hour	1	Added.	8	1
87	2017-02-07 16:24:42.110404-05	82	minute	1	Added.	8	1
88	2017-02-07 16:24:53.744948-05	83	second	1	Added.	8	1
89	2017-02-07 16:26:31.394765-05	84	biosample_treatment	1	Added.	8	1
90	2017-02-07 16:26:39.244913-05	85	biosample_treatment	1	Added.	8	1
91	2017-02-07 16:26:56.416096-05	86	biosample_treatment	1	Added.	8	1
92	2017-02-07 16:27:31.703236-05	87	Index 1-ATCACG	1	Added.	8	1
93	2017-02-07 16:27:43.776985-05	88	Index 2-CGATGT	1	Added.	8	1
94	2017-02-07 16:27:55.219937-05	89	Index 3-TTAGGC	1	Added.	8	1
95	2017-02-07 16:28:10.170295-05	90	Index 4-TGACCA	1	Added.	8	1
96	2017-02-07 16:28:23.997853-05	91	Index 5-ACAGTG	1	Added.	8	1
97	2017-02-07 16:28:36.023713-05	92	Index 6-GCCAAT	1	Added.	8	1
98	2017-02-07 16:28:47.870346-05	93	Index 7-CAGATC	1	Added.	8	1
99	2017-02-07 16:29:03.835577-05	94	Index 8-ACTTGA	1	Added.	8	1
100	2017-02-07 16:29:16.559744-05	95	Index 9-GATCAG	1	Added.	8	1
101	2017-02-07 16:29:32.623043-05	96	Index 10-TAGCTT	1	Added.	8	1
102	2017-02-07 16:29:50.861753-05	97	Index 11-GGCTAC	1	Added.	8	1
103	2017-02-07 16:30:01.943698-05	98	Index 12-CTTGTA	1	Added.	8	1
104	2017-02-07 16:30:27.006445-05	99	Illumina HiSeq 4000 (C-Monster)	1	Added.	8	1
105	2017-02-07 16:30:39.269407-05	100	Sanger Sequencing	1	Added.	8	1
106	2017-02-07 16:30:59.53433-05	101	UMass Deep Sequencing Core	1	Added.	8	1
107	2017-02-07 16:34:39.338882-05	102	publication	1	Added.	8	1
108	2017-02-07 16:34:49.486008-05	103	analysis set	1	Added.	8	1
109	2017-02-07 16:34:59.365002-05	104	technical repllicates	1	Added.	8	1
110	2017-02-07 16:35:12.010045-05	105	biological replicates	1	Added.	8	1
111	2017-02-07 16:35:23.24579-05	106	replicates	1	Added.	8	1
112	2017-02-07 16:35:32.145491-05	107	unspecified	1	Added.	8	1
113	2017-02-07 16:35:49.551336-05	108	publication_categories	1	Added.	8	1
114	2017-02-07 16:35:59.99474-05	108	publication_categories	3		8	1
115	2017-02-07 16:36:19.780209-05	109	production	1	Added.	8	1
116	2017-02-07 16:36:31.775828-05	110	genomic annotations	1	Added.	8	1
117	2017-02-07 16:36:41.278981-05	111	tutorial	1	Added.	8	1
118	2017-02-07 16:36:51.64613-05	112	model organism biology	1	Added.	8	1
119	2017-02-07 16:37:05.604005-05	113	pilot phase publication	1	Added.	8	1
120	2017-02-07 16:37:16.742211-05	114	key publication	1	Added.	8	1
121	2017-02-07 16:37:26.618696-05	115	data standard	1	Added.	8	1
122	2017-02-07 16:37:36.169329-05	116	technology development	1	Added.	8	1
123	2017-02-07 16:37:45.776181-05	117	integrative analysis	1	Added.	8	1
124	2017-02-07 16:37:55.271374-05	118	database	1	Added.	8	1
125	2017-02-07 16:38:05.781965-05	119	software tool	1	Added.	8	1
126	2017-02-07 16:38:16.637208-05	120	basic biology	1	Added.	8	1
127	2017-02-07 16:38:27.31312-05	121	human disease	1	Added.	8	1
128	2017-02-07 16:38:44.2332-05	122	External	1	Added.	8	1
129	2017-02-07 16:38:56.41854-05	123	4DN	1	Added.	8	1
130	2017-02-07 16:39:47.572503-05	1	5C Analysis	1	Added.	7	1
131	2017-02-07 16:40:09.274507-05	2	Hi-C Analysis	1	Added.	7	1
132	2017-02-07 16:40:40.167281-05	3	IndividualMouse	1	Added.	7	1
133	2017-02-07 16:41:02.11669-05	4	IndividualHuman	1	Added.	7	1
134	2017-02-07 16:41:24.605727-05	5	BiosampleCellCulture	1	Added.	7	1
135	2017-02-07 16:41:48.310991-05	6	Hi-C Exp Protocol	1	Added.	7	1
136	2017-02-07 16:42:12.542111-05	7	CaptureC Exp Protocol	1	Added.	7	1
137	2017-02-07 16:48:26.48604-05	1	Dekker Lab	1	Added.	22	1
138	2017-02-07 16:49:13.739314-05	2	ThermoFisher Scientific	1	Added.	22	1
139	2017-02-07 16:51:18.605405-05	3	New England Biolabs	1	Added.	22	1
140	2017-02-07 18:17:37.56239-05	1	DpnII	1	Added.	28	1
141	2017-02-07 18:18:38.828981-05	2	HindIII	1	Added.	28	1
142	2017-02-09 14:17:29.354337-05	6	Hi-C Exp Protocol	2	Changed field_set.	7	1
143	2017-02-09 16:36:26.003951-05	6	Hi-C Exp Protocol	2	Changed field_set.	7	1
144	2017-02-13 10:44:24.270432-05	99	Illumina HiSeq 4000	2	Changed choice_name and choice_type.	8	1
145	2017-02-13 10:44:40.307488-05	124	C-Monster	1	Added.	8	1
146	2017-02-13 10:45:23.472086-05	125	fasta	1	Added.	8	1
147	2017-02-13 10:45:39.123284-05	126	fastq	1	Added.	8	1
148	2017-02-14 12:32:03.928847-05	3	IndividualMouse	2	Changed field_set.	7	1
149	2017-02-14 12:33:24.633062-05	4	IndividualHuman	2	Changed field_set.	7	1
150	2017-02-14 12:34:43.754419-05	5	BiosampleCellCulture	2	Changed field_set.	7	1
151	2017-02-14 12:36:24.835519-05	7	CaptureC Exp Protocol	2	Changed field_set.	7	1
152	2017-02-14 15:34:07.026436-05	2	m2	2	Changed constructs and target.	26	1
153	2017-02-14 15:34:14.151967-05	2	m2	2	No fields changed.	26	1
154	2017-02-14 15:34:25.906723-05	1	m1	2	Changed constructs and target.	26	1
155	2017-02-14 15:34:40.647626-05	3	mod1	2	Changed constructs and target.	26	1
156	2017-02-14 15:38:00.47584-05	2	m2	2	Changed modification_gRNA.	26	1
157	2017-02-14 15:38:14.858283-05	1	m1	2	Changed modification_vendor and modification_gRNA.	26	1
158	2017-02-14 16:24:20.604738-05	1	89	3		35	1
159	2017-02-16 18:30:28.565222-05	127	ExperimentSetReplicate	1	Added.	8	1
160	2017-02-16 18:30:43.558849-05	128	ExperimentSet	1	Added.	8	1
161	2017-02-17 14:01:12.724771-05	128	ExperimentSet	3		8	1
162	2017-02-17 14:01:12.729048-05	127	ExperimentSetReplicate	3		8	1
163	2017-02-17 14:17:11.654375-05	6	Hi-C Exp Protocol	2	Changed field_set.	7	1
164	2017-02-17 14:24:59.467635-05	2	Exp111111	2	Changed experiment_fields.	10	1
165	2017-02-17 15:25:11.618714-05	104	technical replicates	2	Changed choice_name.	8	1
166	2017-02-21 14:46:43.589724-05	4	Benanti Lab	1	Added.	22	1
167	2017-02-21 14:52:30.537464-05	5	New England Biolabs	1	Added.	22	1
168	2017-02-21 14:54:13.651749-05	1	DpnII	2	Changed url, enzyme_cutPos, enzyme_vendor and enzyme_catalog_number.	28	1
169	2017-02-21 14:55:08.405855-05	2	HindIII	2	Changed url, enzyme_cutPos, enzyme_vendor and enzyme_catalog_number.	28	1
170	2017-02-21 14:57:12.698618-05	3	CviKI-1	1	Added.	28	1
171	2017-02-21 15:01:19.858253-05	6	clontech	1	Added.	22	1
172	2017-02-21 15:02:19.601815-05	4	MflI	1	Added.	28	1
173	2017-02-21 15:03:38.297225-05	5	NotI	1	Added.	28	1
174	2017-02-21 15:04:38.377299-05	6	PspXI	1	Added.	28	1
175	2017-02-21 15:06:06.407469-05	7	SgrAI	1	Added.	28	1
176	2017-02-21 15:07:07.811207-05	8	SgrDI	1	Added.	28	1
177	2017-02-21 15:07:55.42806-05	2	ThermoFisher Scientific	2	No fields changed.	22	1
178	2017-02-21 15:08:13.719913-05	2	ThermoFisher Scientific	2	No fields changed.	22	1
179	2017-02-21 15:31:26.201427-05	24	tagging construct	2	No fields changed.	8	1
180	2017-02-21 15:31:37.790915-05	129	tagging construct	1	Added.	8	1
181	2017-02-21 15:31:50.568609-05	130	retroviral construct	1	Added.	8	1
182	2017-02-21 15:52:57.490292-05	2	chem2	3		32	1
183	2017-02-21 15:52:57.494042-05	1	chem1	3		32	1
184	2017-02-21 15:54:39.045122-05	4	dfgdsg	3		26	1
185	2017-02-21 16:07:24.778086-05	4	GenomicRegions object	3		24	1
186	2017-02-21 17:35:04.087728-05	5	Aeee	3		26	1
187	2017-02-21 17:36:53.248009-05	6		3		25	1
188	2017-02-21 17:36:53.251669-05	5		3		25	1
189	2017-02-21 17:37:13.171469-05	5	GenomicRegions object	3		24	1
190	2017-02-21 17:37:31.013717-05	5		3		23	1
191	2017-02-21 17:37:31.017523-05	4		3		23	1
192	2017-02-21 17:44:32.982185-05	10		3		23	1
193	2017-02-21 17:44:32.986222-05	9		3		23	1
194	2017-02-21 17:44:32.988406-05	8		3		23	1
195	2017-02-21 17:44:32.989834-05	7		3		23	1
196	2017-02-21 17:44:32.991123-05	6		3		23	1
197	2017-02-21 17:44:50.236075-05	11		3		25	1
198	2017-02-21 17:44:50.239828-05	10		3		25	1
199	2017-02-21 17:44:50.241065-05	9	weddwe	3		25	1
200	2017-02-21 17:44:50.242193-05	8		3		25	1
201	2017-02-21 17:44:50.243126-05	7		3		25	1
202	2017-02-21 17:44:50.244302-05	3	ere	3		25	1
203	2017-02-21 17:45:06.198334-05	10	GenomicRegions object	3		24	1
204	2017-02-21 17:45:06.201911-05	9	GenomicRegions object	3		24	1
205	2017-02-21 17:45:06.203133-05	8	GenomicRegions object	3		24	1
206	2017-02-21 17:45:06.204092-05	7	GenomicRegions object	3		24	1
207	2017-02-21 17:45:06.204973-05	6	GenomicRegions object	3		24	1
208	2017-02-21 17:45:51.44761-05	11	wedwe	3		26	1
209	2017-02-21 18:27:05.586441-05	8	U54-HFF-beads-030116-L002_S1_L001_R2_001.fastq.gz	2	Changed sequencingFile_exp.	16	1
210	2017-02-21 18:27:12.010948-05	7	dekkerlab:U54-HFF-beads-030116-L002_S1_L001_R1_001.fastq.gz	2	Changed sequencingFile_exp.	16	1
211	2017-02-21 18:27:20.663959-05	6	U54-HFF-beads-030116-L001_S1_L001_R2_001.fastq.gz	2	Changed sequencingFile_exp.	16	1
212	2017-02-21 18:27:27.588728-05	5	U54-HFF-beads-030116-L001_S1_L001_R1_001.fastq.gz	2	Changed sequencingFile_exp.	16	1
213	2017-02-21 18:27:38.462073-05	7	U54-HFF-beads-030116-L002_S1_L001_R1_001.fastq.gz	2	Changed sequencingFile_name.	16	1
214	2017-02-22 10:49:14.308323-05	5	Pro_dilutionhic	1	Added.	21	1
215	2017-02-22 10:49:22.460725-05	4	Pro_dilutionhic	2	Changed document.	29	1
216	2017-02-22 10:49:47.306735-05	6	hTERT Protocol	1	Added.	21	1
217	2017-02-22 10:49:48.468293-05	3	hTERT	2	Changed document.	29	1
218	2017-03-25 20:51:16.638903-04	7	ATCC	1	Added.	22	1
219	2017-03-26 09:51:38.902763-04	99	Illumina HiSeq 4000	2	No fields changed.	8	1
220	2017-03-26 09:51:54.289681-04	131	HiSeq 2500	1	Added.	8	1
221	2017-03-26 09:52:16.819423-04	132	HiSeq 2000	1	Added.	8	1
222	2017-03-29 10:51:02.841253-04	7	Propagation of SK-N-DZ	2	Changed description.	21	1
223	2017-03-29 10:51:17.059868-04	9	Propagation of NCI-H460	2	Changed description.	21	1
224	2017-03-29 12:03:22.185695-04	1	imgbio	2	Changed imageObjects_alias.	20	1
225	2017-03-29 12:03:41.851877-04	23	ENCFF401FJO	2	Changed sequencingFile_alias.	16	1
226	2017-03-29 12:03:51.203576-04	22	ENCFF136ZMZ	2	Changed sequencingFile_alias.	16	1
227	2017-03-29 12:03:58.818293-04	21	ENCFF665JQY	2	Changed sequencingFile_alias.	16	1
228	2017-03-29 12:04:05.578832-04	20	ENCFF902YCE	2	Changed sequencingFile_alias.	16	1
229	2017-03-29 12:04:17.243277-04	19	ENCFF319AST	2	Changed sequencingFile_alias.	16	1
230	2017-03-29 12:04:32.12284-04	18	ENCFF478EAB	2	Changed sequencingFile_alias.	16	1
231	2017-03-29 12:04:51.67109-04	17	ENCFF582XKW	2	Changed sequencingFile_alias.	16	1
232	2017-03-29 12:05:03.582912-04	16	ENCFF805BPJ	2	Changed sequencingFile_alias.	16	1
233	2017-03-29 12:05:15.699345-04	14	ENCFF072JIP	2	Changed sequencingFile_alias.	16	1
234	2017-03-29 12:05:28.424687-04	13	ENCFF693VLG	2	Changed sequencingFile_alias.	16	1
235	2017-03-29 12:05:39.69767-04	12	ENCFF381PTB	2	Changed sequencingFile_alias.	16	1
236	2017-03-29 12:05:48.718822-04	11	ENCFF083VBL	2	Changed sequencingFile_alias.	16	1
237	2017-03-29 12:06:23.182465-04	10	U54-HFF-FA-20160722-DpnII_S15_L008_R2_001.fastq.gz	2	Changed sequencingFile_alias.	16	1
238	2017-03-29 12:06:34.712361-04	9	U54-HFF-FA-20160722-DpnII_S15_L008_R1_001.fastq.gz	2	Changed sequencingFile_alias.	16	1
239	2017-03-29 12:06:47.85008-04	8	U54-HFF-beads-030116-L002_S1_L001_R2_001.fastq.gz	2	Changed sequencingFile_alias.	16	1
240	2017-03-29 12:06:59.787269-04	7	U54-HFF-beads-030116-L002_S1_L001_R1_001.fastq.gz	2	Changed sequencingFile_alias.	16	1
241	2017-03-29 12:07:18.710266-04	6	U54-HFF-beads-030116-L001_S1_L001_R2_001.fastq.gz	2	Changed sequencingFile_alias.	16	1
242	2017-03-29 12:07:31.740693-04	5	U54-HFF-beads-030116-L001_S1_L001_R1_001.fastq.gz	2	Changed sequencingFile_alias.	16	1
243	2017-03-29 12:07:45.533609-04	4	File2	2	Changed sequencingFile_alias.	16	1
244	2017-03-29 12:07:57.034543-04	3	File1	2	Changed sequencingFile_alias.	16	1
245	2017-03-29 12:09:02.825536-04	6	NCI-H460-Rep	2	Changed experimentSet_alias.	11	1
246	2017-03-29 12:09:13.699346-04	5	A549-Rep	2	Changed experimentSet_alias.	11	1
247	2017-03-29 12:09:21.796228-04	4	SK-N-DZ-Rep	2	Changed experimentSet_alias.	11	1
248	2017-03-29 12:09:36.387918-04	3	repset1	2	Changed description and experimentSet_alias.	11	1
249	2017-03-29 12:09:41.768564-04	2	replicates	2	Changed experimentSet_alias.	11	1
250	2017-03-29 12:09:46.727798-04	1	set1	2	Changed experimentSet_alias.	11	1
251	2017-03-29 12:10:00.654672-04	18	exre	2	Changed experiment_alias.	10	1
252	2017-03-29 12:10:07.016066-04	17	ENCSR489OCU-ENCLB104ZTM	2	Changed experiment_alias.	10	1
253	2017-03-29 12:10:13.360751-04	16	ENCSR489OCU-ENCLB118KAE	2	Changed experiment_alias.	10	1
254	2017-03-29 12:10:19.266857-04	15	ENCSR444WCZ-ENCLB222WYT	2	Changed experiment_alias.	10	1
255	2017-03-29 12:10:26.187691-04	14	ENCSR444WCZ-ENCLB571HTP	2	Changed experiment_alias.	10	1
256	2017-03-29 12:10:35.637215-04	13	ENCSR105KFX-ENCLB952BSP	2	Changed experiment_alias.	10	1
257	2017-03-29 12:10:49.283107-04	12	ENCSR105KFX-ENCLB524GGK	2	Changed experiment_alias.	10	1
258	2017-03-29 12:10:56.573917-04	11	New exp	2	Changed experiment_alias.	10	1
259	2017-03-29 12:11:06.349497-04	5	exp2	2	Changed experiment_alias.	10	1
260	2017-03-29 12:11:13.473069-04	4	exp1	2	Changed experiment_alias.	10	1
261	2017-03-29 12:11:20.551429-04	3	NewExp	2	Changed experiment_alias.	10	1
262	2017-03-29 12:11:39.235657-04	3	Encode Project	2	Changed project_alias.	9	1
263	2017-03-29 12:11:44.961801-04	2	U54-HFF-FA	2	Changed project_alias.	9	1
264	2017-03-29 12:11:50.861178-04	1	First	2	Changed project_alias.	9	1
265	2017-03-29 12:12:45.893116-04	3	jtyjjytjtyjtyj	2	Changed publication_alias.	12	1
266	2017-03-29 12:12:54.521549-04	2	gtgt	2	Changed publication_alias.	12	1
267	2017-03-29 12:13:00.878118-04	1	Software tools for visualizing Hi-C data.	2	Changed publication_alias.	12	1
268	2017-03-29 12:13:07.7879-04	4	NewRefer	2	Changed publication_alias.	12	1
269	2017-03-29 12:13:24.244799-04	6	ENCDO337AAA	2	Changed biosample_alias.	34	1
270	2017-03-29 12:13:31.287472-04	5	ENCBS009OIC	2	Changed biosample_alias.	34	1
271	2017-03-29 12:13:37.93704-04	4	ENCBS520AAA	2	Changed biosample_alias.	34	1
272	2017-03-29 12:13:44.301995-04	3	HFF	2	Changed biosample_alias.	34	1
273	2017-03-29 12:13:51.255798-04	2	Sample1	2	Changed biosample_alias.	34	1
274	2017-03-29 12:13:58.640954-04	1	Sample1	2	Changed biosample_alias.	34	1
275	2017-03-29 12:14:13.225982-04	6	NCI-H460	2	Changed biosource_alias.	30	1
276	2017-03-29 12:14:18.918505-04	5	A549	2	Changed biosource_alias.	30	1
277	2017-03-29 12:14:25.332959-04	4	SK-N-DZ	2	Changed biosource_alias.	30	1
278	2017-03-29 12:14:30.923697-04	3	cl_HFF	2	Changed biosource_alias.	30	1
279	2017-03-29 12:14:36.991839-04	2	New Biosource	2	Changed biosource_alias.	30	1
280	2017-03-29 12:14:42.747387-04	1	bio1	2	Changed biosource_alias.	30	1
281	2017-03-29 12:14:52.064917-04	11	Construct-pLXSN-hTERT	2	Changed construct_alias.	23	1
282	2017-03-29 12:14:56.949195-04	3	Newc	2	Changed construct_alias.	23	1
283	2017-03-29 12:15:01.862031-04	2	vrvr	2	Changed construct_alias.	23	1
284	2017-03-29 12:15:06.384279-04	1	NameC	2	Changed construct_alias.	23	1
285	2017-03-29 12:15:15.528481-04	10	rrrtrtrt	2	Changed doc_alias.	21	1
286	2017-03-29 12:15:20.437882-04	9	Propagation of NCI-H460	2	Changed doc_alias.	21	1
287	2017-03-29 12:15:25.642563-04	8	Library protocol for ENCODE Hi-C experiments from the Dekker lab	2	Changed doc_alias.	21	1
288	2017-03-29 12:15:30.910262-04	7	Propagation of SK-N-DZ	2	Changed doc_alias.	21	1
289	2017-03-29 12:15:36.004025-04	6	hTERT Protocol	2	Changed doc_alias.	21	1
290	2017-03-29 12:15:42.091655-04	6	hTERT Protocol	2	No fields changed.	21	1
291	2017-03-29 12:15:47.142487-04	5	Pro_dilutionhic	2	Changed doc_alias.	21	1
292	2017-03-29 12:15:52.296635-04	4	jtlhjkh	2	Changed doc_alias.	21	1
293	2017-03-29 12:15:57.919076-04	3	whdkwudjh	2	Changed doc_alias.	21	1
294	2017-03-29 12:16:02.613474-04	2	SOP Protocol Doc	2	Changed doc_alias.	21	1
295	2017-03-29 12:16:08.114054-04	1	cell isolation	2	Changed doc_alias.	21	1
296	2017-03-29 12:17:06.132111-04	8	SgrDI	2	Changed enzyme_alias.	28	1
297	2017-03-29 12:17:11.800819-04	7	SgrAI	2	Changed enzyme_alias.	28	1
298	2017-03-29 12:17:16.551907-04	6	PspXI	2	Changed enzyme_alias.	28	1
299	2017-03-29 12:17:21.588865-04	5	NotI	2	Changed enzyme_alias.	28	1
300	2017-03-29 12:17:25.280904-04	5	NotI	2	No fields changed.	28	1
301	2017-03-29 12:17:30.962533-04	8	SgrDI	2	No fields changed.	28	1
302	2017-03-29 12:17:35.071669-04	6	PspXI	2	No fields changed.	28	1
303	2017-03-29 12:17:41.909055-04	4	MflI	2	Changed enzyme_alias.	28	1
304	2017-03-29 12:17:47.205872-04	3	CviKI-1	2	Changed enzyme_alias.	28	1
305	2017-03-29 12:17:50.828124-04	3	CviKI-1	2	No fields changed.	28	1
306	2017-03-29 12:18:01.695253-04	2	HindIII	2	Changed enzyme_alias.	28	1
307	2017-03-29 12:18:07.511778-04	1	DpnII	2	Changed enzyme_alias.	28	1
308	2017-03-29 12:18:34.917058-04	3	GenomicRegions object	2	Changed genomicRegions_alias.	24	1
309	2017-03-29 12:18:40.551934-04	2	GenomicRegions object	2	Changed genomicRegions_alias.	24	1
310	2017-03-29 12:18:45.918798-04	1	GenomicRegions object	2	Changed genomicRegions_alias.	24	1
311	2017-03-29 12:19:03.74212-04	6	NCI-H460	2	Changed individual_alias.	27	1
312	2017-03-29 12:19:09.189027-04	5	A549	2	Changed individual_alias.	27	1
313	2017-03-29 12:19:14.611057-04	4	Homo sapiens SK-N-DZ immortalized cell line	2	Changed individual_alias.	27	1
314	2017-03-29 12:19:19.919817-04	3	HFF	2	Changed individual_alias.	27	1
315	2017-03-29 12:19:25.301243-04	2	New Individual	2	Changed individual_alias.	27	1
316	2017-03-29 12:19:31.706057-04	1	HeLaS3human	2	Changed individual_alias.	27	1
317	2017-03-29 12:19:42.898751-04	12	pLXSN-hTERT	2	Changed modification_alias.	26	1
318	2017-03-29 12:19:50.587481-04	3	mod1	2	Changed modification_alias.	26	1
319	2017-03-29 12:19:56.174863-04	2	m2	2	Changed modification_alias.	26	1
320	2017-03-29 12:20:01.270659-04	1	m1	2	Changed modification_alias.	26	1
321	2017-03-29 12:20:15.223555-04	7	NCI-H460 cell protocol	2	Changed protocol_alias.	29	1
322	2017-03-29 12:20:19.500699-04	6	ENCODE Hi-C experiments	2	Changed protocol_alias.	29	1
323	2017-03-29 12:20:24.756145-04	5	Propagation of SK-N-DZ, Human Neuroblastoma Cells	2	Changed protocol_alias.	29	1
324	2017-03-29 12:20:30.244494-04	4	Pro_dilutionhic	2	Changed protocol_alias.	29	1
325	2017-03-29 12:20:34.926642-04	3	hTERT	2	Changed protocol_alias.	29	1
326	2017-03-29 12:20:40.550866-04	2	hic Protocol	2	Changed protocol_alias.	29	1
327	2017-03-29 12:20:44.038352-04	2	hic Protocol	2	No fields changed.	29	1
328	2017-03-29 12:20:48.886794-04	1	P1111	2	Changed protocol_alias.	29	1
329	2017-03-29 12:20:53.860139-04	5	Propagation of SK-N-DZ, Human Neuroblastoma Cells	2	No fields changed.	29	1
330	2017-03-29 12:21:03.772362-04	2	HLA	2	Changed target_alias.	25	1
331	2017-03-29 12:21:10.147695-04	1	HLA	2	Changed target_alias.	25	1
332	2017-03-29 12:21:21.222006-04	3	CHEBI:28262	2	Changed treatmentChemical_alias.	32	1
333	2017-03-29 12:21:32.621147-04	1	rnaish	2	Changed treatmentRnai_alias.	31	1
334	2017-03-29 12:21:41.945918-04	7	ATCC	2	Changed vendor_alias.	22	1
335	2017-03-29 12:21:46.661097-04	6	clontech	2	Changed vendor_alias.	22	1
336	2017-03-29 12:21:50.879971-04	5	New England Biolabs	2	Changed vendor_alias.	22	1
337	2017-03-29 12:22:37.499756-04	7	ATCC	2	Changed vendor_alias.	22	1
338	2017-03-29 12:23:43.492854-04	6	clontech	2	Changed vendor_alias.	22	1
339	2017-03-29 12:24:03.215542-04	5	New England Biolabs	2	Changed vendor_alias.	22	1
340	2017-03-29 12:24:19.162439-04	4	Benanti Lab	2	Changed vendor_alias.	22	1
341	2017-03-29 12:24:32.296621-04	3	New England Biolabs	2	Changed vendor_alias.	22	1
342	2017-03-29 12:25:37.749848-04	2	ThermoFisher Scientific	2	Changed vendor_alias.	22	1
343	2017-03-29 12:25:57.835661-04	1	Dekker Lab	2	Changed vendor_alias.	22	1
344	2017-03-29 12:26:58.149521-04	1	DpnII	2	Changed enzyme_vendor.	28	1
345	2017-03-29 12:27:12.285896-04	5	New England Biolabs	3		22	1
346	2017-03-29 13:15:02.993758-04	10	rrrtrtrt	2	Changed document_alias.	21	1
347	2017-03-29 13:15:10.821212-04	9	Propagation of NCI-H460	2	Changed document_alias.	21	1
348	2017-03-29 13:15:25.771765-04	8	Library protocol for ENCODE Hi-C experiments from the Dekker lab	2	Changed document_alias.	21	1
349	2017-03-29 13:15:37.542488-04	7	Propagation of SK-N-DZ	2	Changed document_alias.	21	1
350	2017-03-29 13:15:47.836356-04	6	hTERT Protocol	2	Changed document_alias.	21	1
351	2017-03-29 13:16:00.49462-04	5	Pro_dilutionhic	2	Changed document_alias.	21	1
352	2017-03-29 13:16:10.685663-04	4	jtlhjkh	2	Changed document_alias.	21	1
353	2017-03-29 13:16:22.014881-04	3	whdkwudjh	2	Changed document_alias.	21	1
354	2017-03-29 13:16:33.289115-04	2	SOP Protocol Doc	2	Changed document_alias.	21	1
355	2017-03-29 13:16:43.266643-04	1	cell isolation	2	Changed document_alias.	21	1
356	2017-03-29 13:31:01.791958-04	23	ENCFF401FJO	2	Changed dcic_alias.	16	1
357	2017-03-29 13:31:13.254071-04	22	ENCFF136ZMZ	2	Changed dcic_alias.	16	1
358	2017-03-29 13:58:28.255857-04	21	ENCFF665JQY	2	Changed dcic_alias.	16	1
359	2017-03-29 13:58:37.416362-04	20	ENCFF902YCE	2	Changed dcic_alias.	16	1
360	2017-03-29 13:58:47.336442-04	19	ENCFF319AST	2	Changed dcic_alias.	16	1
361	2017-03-29 13:58:58.114375-04	18	ENCFF478EAB	2	Changed dcic_alias.	16	1
362	2017-03-29 13:59:08.475788-04	17	ENCFF582XKW	2	Changed dcic_alias.	16	1
363	2017-03-29 13:59:30.898736-04	16	ENCFF805BPJ	2	Changed dcic_alias.	16	1
364	2017-03-29 13:59:40.976074-04	14	ENCFF072JIP	2	Changed dcic_alias.	16	1
365	2017-03-29 13:59:51.801749-04	13	ENCFF693VLG	2	Changed dcic_alias.	16	1
366	2017-03-29 14:00:03.32076-04	12	ENCFF381PTB	2	Changed dcic_alias.	16	1
367	2017-03-29 14:00:16.112476-04	11	ENCFF083VBL	2	Changed dcic_alias.	16	1
368	2017-03-29 14:00:25.809409-04	10	U54-HFF-FA-20160722-DpnII_S15_L008_R2_001.fastq.gz	2	Changed dcic_alias.	16	1
369	2017-03-29 14:00:37.712338-04	9	U54-HFF-FA-20160722-DpnII_S15_L008_R1_001.fastq.gz	2	Changed dcic_alias.	16	1
370	2017-03-29 14:00:48.088348-04	8	U54-HFF-beads-030116-L002_S1_L001_R2_001.fastq.gz	2	Changed dcic_alias.	16	1
371	2017-03-29 14:00:59.18888-04	7	U54-HFF-beads-030116-L002_S1_L001_R1_001.fastq.gz	2	Changed dcic_alias.	16	1
372	2017-03-29 14:01:08.459676-04	6	U54-HFF-beads-030116-L001_S1_L001_R2_001.fastq.gz	2	Changed dcic_alias.	16	1
373	2017-03-29 14:01:18.328931-04	5	U54-HFF-beads-030116-L001_S1_L001_R1_001.fastq.gz	2	Changed dcic_alias.	16	1
374	2017-03-29 14:01:39.389491-04	4	File2	2	Changed dcic_alias.	16	1
375	2017-03-29 14:01:48.233196-04	3	File1	2	Changed dcic_alias.	16	1
376	2017-03-29 14:02:49.463447-04	1	imgbio	2	No fields changed.	20	1
377	2017-03-29 14:04:49.353218-04	18	exre	2	Changed dcic_alias.	10	1
378	2017-03-29 14:04:57.719414-04	17	ENCSR489OCU-ENCLB104ZTM	2	Changed dcic_alias.	10	1
379	2017-03-29 14:05:07.112899-04	16	ENCSR489OCU-ENCLB118KAE	2	Changed dcic_alias.	10	1
380	2017-03-29 14:05:16.351873-04	15	ENCSR444WCZ-ENCLB222WYT	2	Changed dcic_alias.	10	1
381	2017-03-29 14:05:25.856087-04	14	ENCSR444WCZ-ENCLB571HTP	2	Changed dcic_alias.	10	1
382	2017-03-29 14:05:34.979314-04	13	ENCSR105KFX-ENCLB952BSP	2	Changed dcic_alias.	10	1
383	2017-03-29 14:05:44.656513-04	12	ENCSR105KFX-ENCLB524GGK	2	Changed dcic_alias.	10	1
384	2017-03-29 14:05:54.355542-04	11	New exp	2	Changed dcic_alias.	10	1
385	2017-03-29 14:06:04.152719-04	5	exp2	2	Changed dcic_alias.	10	1
386	2017-03-29 14:06:12.142047-04	5	exp2	2	No fields changed.	10	1
387	2017-03-29 14:06:17.217659-04	5	exp2	2	No fields changed.	10	1
388	2017-03-29 14:06:24.177704-04	4	exp1	2	Changed dcic_alias.	10	1
389	2017-03-29 14:06:28.238707-04	4	exp1	2	No fields changed.	10	1
390	2017-03-29 14:06:33.494284-04	3	NewExp	2	Changed dcic_alias.	10	1
391	2017-03-29 14:06:37.398237-04	11	New exp	2	No fields changed.	10	1
392	2017-03-29 14:06:50.402333-04	3	Encode Project	2	Changed dcic_alias.	9	1
393	2017-03-29 14:06:57.446167-04	2	U54-HFF-FA	2	Changed dcic_alias.	9	1
394	2017-03-29 14:07:04.114408-04	1	First	2	Changed dcic_alias.	9	1
395	2017-03-29 14:07:15.767712-04	4	NewRefer	2	Changed dcic_alias.	12	1
396	2017-03-29 14:07:20.993593-04	3	jtyjjytjtyjtyj	2	Changed dcic_alias.	12	1
397	2017-03-29 14:07:26.829516-04	2	gtgt	2	Changed dcic_alias.	12	1
398	2017-03-29 14:07:32.829224-04	1	Software tools for visualizing Hi-C data.	2	Changed dcic_alias.	12	1
399	2017-03-29 14:08:01.937849-04	6	NCI-H460-Rep	2	Changed dcic_alias.	11	1
400	2017-03-29 14:08:07.481277-04	5	A549-Rep	2	Changed dcic_alias.	11	1
401	2017-03-29 14:08:12.881425-04	4	SK-N-DZ-Rep	2	Changed dcic_alias.	11	1
402	2017-03-29 14:08:18.710093-04	3	repset1	2	Changed dcic_alias.	11	1
403	2017-03-29 14:08:24.213262-04	2	replicates	2	Changed dcic_alias.	11	1
404	2017-03-29 14:08:29.579066-04	1	set1	2	Changed dcic_alias.	11	1
405	2017-03-29 14:08:33.099483-04	2	replicates	2	No fields changed.	11	1
406	2017-03-29 14:11:37.942863-04	18	ENCFF478EAB	2	Changed dcic_alias.	16	1
407	2017-03-29 14:12:05.414567-04	13	ENCFF693VLG	2	Changed dcic_alias.	16	1
408	2017-03-29 14:28:10.31693-04	3	Encode Project	2	Changed dcic_alias.	9	1
409	2017-03-29 14:28:15.352991-04	2	U54-HFF-FA	2	Changed dcic_alias.	9	1
410	2017-03-29 14:28:21.02644-04	1	First	2	Changed dcic_alias.	9	1
411	2017-03-29 18:01:54.447052-04	133	raw file	1	Added.	8	1
412	2017-03-30 10:22:16.957246-04	23	ENCFF401FJO	2	Changed file_classification.	16	1
413	2017-03-30 10:22:22.153096-04	22	ENCFF136ZMZ	2	No fields changed.	16	1
414	2017-03-30 10:22:28.955663-04	21	ENCFF665JQY	2	Changed file_classification.	16	1
415	2017-03-30 10:22:35.695729-04	20	ENCFF902YCE	2	Changed file_classification.	16	1
416	2017-03-30 10:22:49.993589-04	19	ENCFF319AST	2	Changed file_classification.	16	1
417	2017-03-30 10:23:01.595349-04	18	ENCFF478EAB	2	Changed file_classification.	16	1
418	2017-03-30 10:23:11.620853-04	17	ENCFF582XKW	2	Changed file_classification.	16	1
419	2017-03-30 10:23:22.0342-04	16	ENCFF805BPJ	2	Changed file_classification.	16	1
420	2017-03-30 10:23:32.283566-04	14	ENCFF072JIP	2	Changed file_classification.	16	1
421	2017-03-30 10:23:43.033603-04	13	ENCFF693VLG	2	Changed file_classification.	16	1
422	2017-03-30 10:23:55.093129-04	12	ENCFF381PTB	2	Changed file_classification.	16	1
423	2017-03-30 10:24:05.52028-04	11	ENCFF083VBL	2	Changed file_classification.	16	1
424	2017-03-30 10:24:18.161407-04	10	U54-HFF-FA-20160722-DpnII_S15_L008_R2_001.fastq.gz	2	Changed file_classification.	16	1
425	2017-03-30 10:24:26.861388-04	9	U54-HFF-FA-20160722-DpnII_S15_L008_R1_001.fastq.gz	2	Changed file_classification.	16	1
426	2017-03-30 10:24:32.732178-04	8	U54-HFF-beads-030116-L002_S1_L001_R2_001.fastq.gz	2	Changed file_classification.	16	1
427	2017-03-30 10:24:40.381556-04	8	U54-HFF-beads-030116-L002_S1_L001_R2_001.fastq.gz	2	No fields changed.	16	1
428	2017-03-30 10:24:47.023114-04	7	U54-HFF-beads-030116-L002_S1_L001_R1_001.fastq.gz	2	Changed file_classification.	16	1
429	2017-03-30 10:24:53.548377-04	6	U54-HFF-beads-030116-L001_S1_L001_R2_001.fastq.gz	2	Changed file_classification.	16	1
430	2017-03-30 10:24:58.011879-04	6	U54-HFF-beads-030116-L001_S1_L001_R2_001.fastq.gz	2	No fields changed.	16	1
431	2017-03-30 10:25:04.665561-04	5	U54-HFF-beads-030116-L001_S1_L001_R1_001.fastq.gz	2	Changed file_classification.	16	1
432	2017-03-30 10:25:10.34627-04	4	File2	2	Changed file_classification.	16	1
433	2017-03-30 10:25:16.370625-04	3	File1	2	Changed file_classification.	16	1
434	2017-03-30 10:29:13.597456-04	1	First	3		9	1
435	2017-03-30 10:30:42.717144-04	23	ENCFF401FJO	2	No fields changed.	16	1
436	2017-03-30 10:31:52.194755-04	3	Encode Project	3		9	1
437	2017-03-30 10:32:35.294205-04	6	NCI-H460	3		27	1
438	2017-03-30 10:32:35.297435-04	5	A549	3		27	1
439	2017-03-30 10:32:35.298343-04	4	Homo sapiens SK-N-DZ immortalized cell line	3		27	1
440	2017-03-30 10:32:35.299273-04	2	New Individual	3		27	1
441	2017-03-30 10:34:35.59689-04	10	U54-HFF-FA-20160722-DpnII_S15_L008_R2_001.fastq.gz	2	Changed file_classification.	16	1
442	2017-03-30 10:34:43.169945-04	9	U54-HFF-FA-20160722-DpnII_S15_L008_R1_001.fastq.gz	2	Changed file_classification.	16	1
443	2017-03-30 10:34:49.770855-04	8	U54-HFF-beads-030116-L002_S1_L001_R2_001.fastq.gz	2	Changed file_classification.	16	1
444	2017-03-30 10:34:57.162922-04	7	U54-HFF-beads-030116-L002_S1_L001_R1_001.fastq.gz	2	Changed file_classification.	16	1
445	2017-03-30 10:35:03.228588-04	6	U54-HFF-beads-030116-L001_S1_L001_R2_001.fastq.gz	2	Changed file_classification.	16	1
446	2017-03-30 10:35:08.963591-04	5	U54-HFF-beads-030116-L001_S1_L001_R1_001.fastq.gz	2	Changed file_classification.	16	1
447	2017-03-30 11:25:06.045434-04	6	ENCODE Hi-C experiments	2	Changed dcic_alias.	29	1
448	2017-03-30 11:25:23.972758-04	7	NCI-H460 cell protocol	2	Changed dcic_alias.	29	1
449	2017-03-30 11:25:27.401918-04	6	ENCODE Hi-C experiments	2	No fields changed.	29	1
450	2017-03-30 11:25:47.983836-04	5	Propagation of SK-N-DZ	2	Changed name and dcic_alias.	29	1
451	2017-03-30 11:26:06.929264-04	4	Pro_dilutionhic	2	Changed dcic_alias.	29	1
452	2017-03-30 11:26:20.163602-04	2	hic Protocol	2	Changed dcic_alias.	29	1
453	2017-03-30 14:34:27.849575-04	3	hTERT	2	Changed dcic_alias.	29	1
454	2017-03-30 14:34:32.303982-04	2	hic Protocol	2	No fields changed.	29	1
455	2017-03-30 14:34:45.851853-04	1	P1111	2	Changed dcic_alias.	29	1
456	2017-03-30 14:35:04.605545-04	10	rrrtrtrt	3		21	1
457	2017-03-30 14:35:24.604908-04	9	Propagation of NCI-H460	2	Changed dcic_alias.	21	1
458	2017-03-30 14:35:46.698177-04	8	Library protocol for ENCODE Hi-C experiments from the Dekker lab	2	Changed dcic_alias.	21	1
459	2017-03-30 14:36:00.164254-04	7	Propagation of SK-N-DZ	2	Changed dcic_alias.	21	1
460	2017-03-30 14:36:36.310464-04	6	hTERT Protocol	2	Changed dcic_alias.	21	1
461	2017-03-30 14:36:47.159192-04	5	Pro_dilutionhic	2	Changed dcic_alias.	21	1
462	2017-03-30 14:36:52.295819-04	4	jtlhjkh	3		21	1
463	2017-03-30 14:36:56.760433-04	3	whdkwudjh	3		21	1
464	2017-03-30 14:37:31.30343-04	2	SOP Protocol Doc	2	Changed dcic_alias.	21	1
465	2017-03-30 14:38:10.452673-04	1	cell isolation	2	Changed dcic_alias.	21	1
466	2017-03-30 14:39:46.841732-04	12	pLXSN-hTERT	2	Changed dcic_alias.	26	1
467	2017-03-30 14:39:54.695712-04	3	mod1	3		26	1
468	2017-03-30 14:40:04.742488-04	2	m2	3		26	1
469	2017-03-30 14:40:11.882854-04	1	m1	3		26	1
470	2017-03-30 14:40:22.26488-04	1	otherttrt	3		33	1
471	2017-04-03 14:37:59.952679-04	15	C1	3		23	1
472	2017-04-03 14:37:59.95797-04	13	wedwed	3		23	1
473	2017-04-03 14:37:59.959019-04	12	cons1	3		23	1
474	2017-04-03 14:37:59.959906-04	3	Newc	3		23	1
475	2017-04-03 14:37:59.960775-04	2	vrvr	3		23	1
476	2017-04-03 14:37:59.961732-04	1	NameC	3		23	1
477	2017-04-03 14:38:19.214648-04	17	C1	2	No fields changed.	23	1
478	2017-04-03 14:42:51.002189-04	2		3		25	1
479	2017-04-03 14:42:51.006104-04	1		3		25	1
480	2017-04-03 14:52:46.795922-04	68	shRNA	2	Changed choice_type.	8	1
481	2017-04-03 14:52:57.968307-04	67	siRNA	2	Changed choice_type.	8	1
482	2017-04-03 17:16:19.248332-04	4	image3	3		20	1
483	2017-04-03 17:16:19.252001-04	2	imge1	3		20	1
484	2017-04-03 17:18:53.672636-04	134	karyotype_image	1	Added.	8	1
485	2017-04-03 17:19:08.996073-04	135	morphology_image	1	Added.	8	1
486	2017-04-03 17:20:12.438899-04	136	other_image	1	Added.	8	1
487	2017-04-04 14:48:24.760347-04	4	IndividualHuman	2	Changed field_set.	7	1
488	2017-04-04 14:50:50.553117-04	3	IndividualMouse	2	Changed field_set.	7	1
489	2017-04-04 14:50:58.371112-04	2	Hi-C Analysis	2	No fields changed.	7	1
490	2017-04-04 14:51:01.464353-04	1	5C Analysis	2	No fields changed.	7	1
491	2017-04-04 15:01:13.678588-04	7	CaptureC Exp Protocol	2	Changed field_set.	7	1
492	2017-04-04 15:01:38.43856-04	6	Hi-C Exp Protocol	2	Changed field_set.	7	1
493	2017-04-04 15:39:30.812044-04	6	Hi-C Exp Protocol	2	Changed field_set.	7	1
494	2017-04-04 15:49:25.260509-04	6	Hi-C Exp Protocol	2	Changed field_set.	7	1
495	2017-04-04 15:55:50.320627-04	6	Hi-C Exp Protocol	2	Changed field_set.	7	1
496	2017-04-04 16:06:43.03407-04	7	CaptureC Exp Protocol	2	Changed field_set.	7	1
497	2017-04-04 16:11:24.650882-04	5	BiosampleCellCulture	2	Changed field_set.	7	1
498	2017-04-04 16:13:01.062995-04	4	IndividualHuman	2	Changed field_set.	7	1
499	2017-04-04 16:13:41.870006-04	3	IndividualMouse	2	Changed field_set.	7	1
500	2017-04-04 16:14:10.35427-04	4	IndividualHuman	2	Changed field_set.	7	1
501	2017-04-04 16:14:32.22909-04	3	IndividualMouse	2	Changed field_set.	7	1
502	2017-04-04 16:16:09.777048-04	2	Hi-C Analysis	2	Changed field_set.	7	1
503	2017-04-04 16:17:32.095751-04	1	5C Analysis	2	Changed field_set.	7	1
504	2017-04-04 16:20:18.664827-04	7	CaptureC Exp Protocol	2	No fields changed.	7	1
505	2017-04-14 14:52:53.771324-04	8	BiosampleProtocol	2	Changed attachment.	29	1
506	2017-04-14 17:25:05.159658-04	5	Test-project	3		9	1
507	2017-04-14 17:25:47.360979-04	14	ttyjut	3		34	1
508	2017-04-14 17:25:47.364695-04	13	i87i7uyiyu	3		34	1
509	2017-04-14 17:25:47.366338-04	12	vrvtr	3		34	1
510	2017-04-14 17:25:47.367593-04	10	dvfedv	3		34	1
511	2017-04-14 17:25:47.368811-04	9	Sample54	3		34	1
512	2017-04-14 17:25:47.370063-04	1	Sample1	3		34	1
513	2017-04-14 17:26:10.651127-04	11	yytu	3		30	1
514	2017-04-14 17:26:10.654852-04	9	bio1-tdye	3		30	1
515	2017-04-14 17:26:10.655923-04	1	bio1	3		30	1
516	2017-04-14 17:31:53.966664-04	7	csdc ed	3		12	1
517	2017-04-14 17:31:53.970622-04	6	csdc ed	3		12	1
518	2017-04-14 17:31:53.971807-04	5	csdc ed	3		12	1
519	2017-04-14 17:31:53.97297-04	2	gtgt	3		12	1
520	2017-04-14 17:48:28.590044-04	4	NewRefer	3		12	1
521	2017-04-14 17:48:28.594095-04	3	jtyjjytjtyjtyj	3		12	1
522	2017-04-14 17:49:26.52807-04	12	Genome222	3		24	1
523	2017-04-14 17:49:26.531818-04	11	Mod1_Target122	3		24	1
524	2017-04-14 17:49:26.533077-04	3	g1	3		24	1
525	2017-04-14 17:49:26.534269-04	2	g2	3		24	1
526	2017-04-14 17:49:26.535264-04	1	g3	3		24	1
527	2017-04-14 17:50:09.990649-04	13	HFF	3		27	1
528	2017-04-14 17:50:09.994354-04	10	cssd	3		27	1
529	2017-04-18 11:08:38.588995-04	8	NCI-H460	3		30	1
530	2017-04-18 11:08:38.59637-04	7	A549	3		30	1
531	2017-04-18 11:08:38.597916-04	3	cl_HFF	3		30	1
532	2017-04-18 11:12:46.758172-04	1	cell isolation	2	Changed name.	21	1
533	2017-04-18 11:13:01.330212-04	8	Library protocol for ENCODE Hi-C experiments from the Dekker lab	2	Changed name.	21	1
534	2017-04-18 11:13:14.065802-04	7	Propagation of SK-N-DZ	2	Changed name.	21	1
535	2017-04-18 11:13:23.830271-04	6	hTERT Protocol	2	Changed name.	21	1
536	2017-04-18 11:13:31.787677-04	5	Pro_dilutionhic	2	Changed name.	21	1
537	2017-04-18 11:13:39.559517-04	2	SOP Protocol Doc	2	Changed name.	21	1
538	2017-04-18 11:14:00.419713-04	9	Propagation of NCI-H460	2	Changed name.	21	1
539	2017-04-18 11:14:07.275728-04	11	scsd	3		21	1
540	2017-04-18 11:30:11.245125-04	15	Sample1	2	Changed protocol.	34	1
541	2017-04-18 12:04:11.195705-04	6	TestProject	3		9	1
542	2017-04-18 12:04:11.200249-04	4	Encode	3		9	1
543	2017-04-18 12:04:20.976359-04	2	U54-HFF-FA	3		9	1
544	2017-04-18 12:04:57.935583-04	8	HFF Discovery	3		12	1
545	2017-04-18 12:04:57.939469-04	1	Software tools for visualizing Hi-C data.	3		12	1
546	2017-04-18 12:05:13.819493-04	3	grtr	3		35	1
547	2017-04-18 12:05:27.393212-04	17	C1	3		23	1
548	2017-04-18 12:05:27.396814-04	11	Construct-pLXSN-hTERT	3		23	1
549	2017-04-18 12:05:37.047247-04	12	NewReferDocument	3		21	1
550	2017-04-18 12:05:37.051259-04	9	NCL-H460	3		21	1
551	2017-04-18 12:05:37.053015-04	8	cellEncode	3		21	1
552	2017-04-18 12:05:37.054298-04	7	sk-N-DZ	3		21	1
553	2017-04-18 12:05:37.055506-04	6	hteret	3		21	1
554	2017-04-18 12:05:37.05674-04	5	prodil	3		21	1
555	2017-04-18 12:05:37.058083-04	1	Cell-isolation	3		21	1
556	2017-04-18 12:05:56.482898-04	8	Homo sapiens NCI-H460	3		27	1
557	2017-04-18 12:05:56.486398-04	7	Homo sapiens A549	3		27	1
558	2017-04-18 12:05:56.487694-04	3	HFF	3		27	1
559	2017-04-18 12:06:16.219416-04	9	htrh	3		29	1
560	2017-04-18 12:06:16.2234-04	8	BiosampleProtocol	3		29	1
561	2017-04-18 12:06:16.224834-04	7	NCI-H460 cell protocol	3		29	1
562	2017-04-18 12:06:16.226042-04	6	ENCODE Hi-C experiments	3		29	1
563	2017-04-18 12:06:16.227194-04	5	Propagation of SK-N-DZ	3		29	1
564	2017-04-18 12:06:16.22857-04	4	Pro_dilutionhic	3		29	1
565	2017-04-18 12:06:16.229824-04	3	hTERT	3		29	1
566	2017-04-18 12:06:16.23097-04	2	hic Protocol	3		29	1
567	2017-04-18 12:06:16.232158-04	1	P1111	3		29	1
568	2017-04-18 12:06:27.562648-04	3	CHEBI:28262	3		32	1
\.


--
-- Name: django_admin_log_id_seq; Type: SEQUENCE SET; Schema: public; Owner: dekker_lab
--

SELECT pg_catalog.setval('django_admin_log_id_seq', 568, true);


--
-- Data for Name: django_content_type; Type: TABLE DATA; Schema: public; Owner: dekker_lab
--

COPY django_content_type (id, app_label, model) FROM stdin;
1	admin	logentry
2	auth	permission
3	auth	group
4	auth	user
5	contenttypes	contenttype
6	sessions	session
7	organization	jsonobjfield
8	organization	choice
9	organization	project
10	organization	experiment
11	organization	experimentset
12	organization	publication
13	organization	award
14	organization	tag
15	dryLab	sequencingrun
16	dryLab	seqencingfile
17	dryLab	fileset
18	dryLab	analysis
19	dryLab	images
20	dryLab	imageobjects
21	wetLab	document
22	wetLab	vendor
23	wetLab	construct
24	wetLab	genomicregions
25	wetLab	target
26	wetLab	modification
27	wetLab	individual
28	wetLab	enzyme
29	wetLab	protocol
30	wetLab	biosource
31	wetLab	treatmentrnai
32	wetLab	treatmentchemical
33	wetLab	othertreatment
34	wetLab	biosample
35	wetLab	barcode
\.


--
-- Name: django_content_type_id_seq; Type: SEQUENCE SET; Schema: public; Owner: dekker_lab
--

SELECT pg_catalog.setval('django_content_type_id_seq', 35, true);


--
-- Data for Name: django_migrations; Type: TABLE DATA; Schema: public; Owner: dekker_lab
--

COPY django_migrations (id, app, name, applied) FROM stdin;
1	contenttypes	0001_initial	2017-02-07 15:44:06.74405-05
2	auth	0001_initial	2017-02-07 15:44:06.798708-05
3	admin	0001_initial	2017-02-07 15:44:06.814915-05
4	admin	0002_logentry_remove_auto_add	2017-02-07 15:44:06.825831-05
5	contenttypes	0002_remove_content_type_name	2017-02-07 15:44:06.849048-05
6	auth	0002_alter_permission_name_max_length	2017-02-07 15:44:06.858898-05
7	auth	0003_alter_user_email_max_length	2017-02-07 15:44:06.867463-05
8	auth	0004_alter_user_username_opts	2017-02-07 15:44:06.875408-05
9	auth	0005_alter_user_last_login_null	2017-02-07 15:44:06.884388-05
10	auth	0006_require_contenttypes_0002	2017-02-07 15:44:06.886092-05
11	auth	0007_alter_validators_add_error_messages	2017-02-07 15:44:06.894977-05
12	organization	0001_initial	2017-02-07 15:44:06.947789-05
13	organization	0002_project_project_con	2017-02-07 15:44:06.965628-05
14	organization	0003_auto_20161017_2114	2017-02-07 15:44:07.033423-05
15	organization	0004_auto_20161018_1755	2017-02-07 15:44:07.049916-05
16	dryLab	0001_initial	2017-02-07 15:44:07.080517-05
17	dryLab	0002_auto_20161018_1815	2017-02-07 15:44:07.103724-05
18	dryLab	0003_auto_20161018_1823	2017-02-07 15:44:07.122279-05
19	organization	0005_experiment	2017-02-07 15:44:07.145901-05
20	wetLab	0001_initial	2017-02-07 15:44:07.388222-05
21	organization	0006_auto_20161018_1823	2017-02-07 15:44:07.634704-05
22	organization	0007_auto_20161025_1523	2017-02-07 15:44:08.635483-05
23	dryLab	0004_auto_20161018_1843	2017-02-07 15:44:08.679606-05
24	dryLab	0005_auto_20161018_1843	2017-02-07 15:44:08.711718-05
25	dryLab	0006_auto_20161018_1845	2017-02-07 15:44:08.743427-05
26	dryLab	0007_auto_20161025_1523	2017-02-07 15:44:09.172133-05
27	wetLab	0002_auto_20161025_1523	2017-02-07 15:44:10.154345-05
28	wetLab	0003_auto_20161025_2133	2017-02-07 15:44:10.886936-05
29	wetLab	0004_auto_20161031_1813	2017-02-07 15:44:11.115005-05
30	wetLab	0005_auto_20161031_1828	2017-02-07 15:44:11.150809-05
31	wetLab	0006_auto_20161031_2148	2017-02-07 15:44:11.290617-05
32	dryLab	0008_auto_20161025_1523	2017-02-07 15:44:11.368295-05
33	organization	0008_delete_jsonkeyfield	2017-02-07 15:44:11.37356-05
34	organization	0009_auto_20161025_2039	2017-02-07 15:44:12.09471-05
35	organization	0010_auto_20161025_2126	2017-02-07 15:44:12.126328-05
36	organization	0011_auto_20161025_2133	2017-02-07 15:44:12.50132-05
37	organization	0012_auto_20161025_2134	2017-02-07 15:44:12.535045-05
38	organization	0013_experiment_experiment_enzyme	2017-02-07 15:44:12.582158-05
39	organization	0014_auto_20161102_1847	2017-02-07 15:44:13.250597-05
40	organization	0015_auto_20161103_2054	2017-02-07 15:44:13.282616-05
41	organization	0016_auto_20161104_1724	2017-02-07 15:44:13.365657-05
42	organization	0017_remove_publication_publication_exp	2017-02-07 15:44:13.402899-05
43	organization	0018_auto_20161118_1742	2017-02-07 15:44:13.457067-05
44	organization	0019_auto_20161119_2027	2017-02-07 15:44:13.489779-05
45	organization	0020_auto_20161119_2113	2017-02-07 15:44:13.523394-05
46	organization	0021_remove_experimentset_experimentset_type	2017-02-07 15:44:13.554266-05
47	organization	0022_experimentset_experimentset_type	2017-02-07 15:44:13.593172-05
48	organization	0023_remove_experimentset_experimentset_name	2017-02-07 15:44:13.626503-05
49	organization	0024_experimentset_experimentset_name	2017-02-07 15:44:13.661515-05
50	organization	0025_auto_20161119_2214	2017-02-07 15:44:13.846724-05
51	organization	0026_auto_20161120_0301	2017-02-07 15:44:13.89935-05
52	organization	0027_auto_20161120_0312	2017-02-07 15:44:13.952972-05
53	organization	0028_auto_20161120_0333	2017-02-07 15:44:13.984638-05
54	dryLab	0009_auto_20161025_2133	2017-02-07 15:44:14.022255-05
55	dryLab	0010_auto_20161026_2149	2017-02-07 15:44:14.254238-05
56	dryLab	0011_auto_20161104_1724	2017-02-07 15:44:14.302059-05
57	dryLab	0012_sequencingrun_run_experiment	2017-02-07 15:44:14.339916-05
58	dryLab	0013_sequencingrun_run_barcode	2017-02-07 15:44:14.375846-05
59	dryLab	0014_auto_20161108_1534	2017-02-07 15:44:14.414332-05
60	dryLab	0015_auto_20161108_1545	2017-02-07 15:44:14.444927-05
61	dryLab	0016_auto_20161114_2318	2017-02-07 15:44:14.518898-05
62	dryLab	0017_auto_20161114_2319	2017-02-07 15:44:14.629743-05
63	dryLab	0018_auto_20161114_2325	2017-02-07 15:44:14.696881-05
64	dryLab	0019_auto_20161115_1601	2017-02-07 15:44:14.769684-05
65	dryLab	0020_auto_20161115_1742	2017-02-07 15:44:14.806839-05
66	dryLab	0021_auto_20161115_1744	2017-02-07 15:44:14.841669-05
67	dryLab	0022_auto_20161116_1603	2017-02-07 15:44:14.953867-05
68	dryLab	0023_auto_20161116_1619	2017-02-07 15:44:14.987255-05
69	dryLab	0024_auto_20161116_2239	2017-02-07 15:44:15.064398-05
70	dryLab	0025_auto_20161116_2242	2017-02-07 15:44:15.099354-05
71	dryLab	0026_auto_20161117_0015	2017-02-07 15:44:15.20307-05
72	dryLab	0027_auto_20161117_0016	2017-02-07 15:44:15.303709-05
73	dryLab	0028_auto_20161117_0017	2017-02-07 15:44:15.462201-05
74	dryLab	0029_auto_20161118_1742	2017-02-07 15:44:15.547128-05
75	dryLab	0030_remove_seqencingfile_project	2017-02-07 15:44:15.596465-05
76	dryLab	0031_seqencingfile_project	2017-02-07 15:44:15.640599-05
77	dryLab	0032_analysis_analysis_higlass	2017-02-07 15:44:15.676576-05
78	dryLab	0033_auto_20161119_1650	2017-02-07 15:44:15.710365-05
79	dryLab	0034_remove_fileset_fileset_type	2017-02-07 15:44:15.716282-05
80	dryLab	0035_fileset	2017-02-07 15:44:15.764085-05
81	dryLab	0036_remove_fileset_fileset_name	2017-02-07 15:44:15.798478-05
82	dryLab	0037_fileset_fileset_name	2017-02-07 15:44:15.835161-05
83	dryLab	0038_fileset_project	2017-02-07 15:44:15.878738-05
84	dryLab	0039_imageobjects	2017-02-07 15:44:15.917281-05
85	dryLab	0040_auto_20161120_1915	2017-02-07 15:44:15.991234-05
86	dryLab	0041_auto_20170118_1730	2017-02-07 15:44:16.028037-05
87	organization	0029_experiment_experiment_imageobjects	2017-02-07 15:44:16.072477-05
88	organization	0030_auto_20161120_2024	2017-02-07 15:44:16.221021-05
89	organization	0031_auto_20161120_2024	2017-02-07 15:44:16.289501-05
90	organization	0032_auto_20161215_2127	2017-02-07 15:44:16.3539-05
91	organization	0033_auto_20161219_1638	2017-02-07 15:44:16.477356-05
92	organization	0034_auto_20161219_1735	2017-02-07 15:44:16.534699-05
93	organization	0035_auto_20170207_1957	2017-02-07 15:44:17.2922-05
94	sessions	0001_initial	2017-02-07 15:44:17.300673-05
95	wetLab	0007_auto_20161102_1847	2017-02-07 15:44:20.48677-05
96	wetLab	0008_auto_20161102_1953	2017-02-07 15:44:20.651185-05
97	wetLab	0009_auto_20161103_2053	2017-02-07 15:44:21.343853-05
98	wetLab	0010_auto_20161103_2144	2017-02-07 15:44:21.442254-05
99	wetLab	0011_remove_protocol_protocol_enzyme	2017-02-07 15:44:21.595018-05
100	wetLab	0012_auto_20161103_2227	2017-02-07 15:44:21.720977-05
101	wetLab	0013_auto_20161104_1724	2017-02-07 15:44:21.955206-05
102	wetLab	0014_auto_20161107_1544	2017-02-07 15:44:22.424902-05
103	wetLab	0015_auto_20161107_1553	2017-02-07 15:44:22.657462-05
104	wetLab	0016_auto_20161107_1556	2017-02-07 15:44:22.900437-05
105	wetLab	0017_auto_20161107_1626	2017-02-07 15:44:22.956905-05
106	wetLab	0018_auto_20161107_1627	2017-02-07 15:44:23.009297-05
107	wetLab	0019_biosample_biosample_treatment	2017-02-07 15:44:23.068755-05
108	wetLab	0020_auto_20161107_1923	2017-02-07 15:44:23.294051-05
109	wetLab	0021_auto_20161108_1609	2017-02-07 15:44:23.358741-05
110	wetLab	0022_auto_20161108_2000	2017-02-07 15:44:23.62627-05
111	wetLab	0023_individual_userowner	2017-02-07 15:44:23.68171-05
112	wetLab	0024_auto_20161108_2136	2017-02-07 15:44:23.844693-05
113	wetLab	0025_biosample_biosample_imageobjects	2017-02-07 15:44:23.902878-05
114	wetLab	0026_auto_20161120_2024	2017-02-07 15:44:23.990264-05
115	wetLab	0027_auto_20161120_2025	2017-02-07 15:44:24.076549-05
116	wetLab	0028_auto_20161121_1629	2017-02-07 15:44:24.363063-05
117	wetLab	0029_auto_20161121_1631	2017-02-07 15:44:24.442624-05
118	wetLab	0030_biosample_biosample_description	2017-02-07 15:44:24.494801-05
119	wetLab	0031_auto_20161215_2127	2017-02-07 15:44:25.213773-05
120	wetLab	0032_auto_20161219_1638	2017-02-07 15:44:26.037889-05
121	wetLab	0033_auto_20161219_1709	2017-02-07 15:44:26.353477-05
122	wetLab	0034_auto_20161219_1728	2017-02-07 15:44:26.591452-05
123	wetLab	0035_auto_20161219_1735	2017-02-07 15:44:27.203931-05
124	wetLab	0036_auto_20170118_1730	2017-02-07 15:44:27.312673-05
125	wetLab	0037_auto_20170207_1957	2017-02-07 15:44:27.81817-05
126	wetLab	0038_auto_20170207_2319	2017-02-07 18:19:58.946321-05
127	wetLab	0039_auto_20170208_1559	2017-02-08 10:59:53.02687-05
128	organization	0036_auto_20170209_2139	2017-02-09 16:39:25.761852-05
129	organization	0037_auto_20170213_1554	2017-02-13 10:54:37.098879-05
130	wetLab	0040_auto_20170213_1554	2017-02-13 10:54:38.179111-05
131	dryLab	0042_auto_20170213_1554	2017-02-13 10:54:38.965466-05
132	organization	0038_auto_20170213_2201	2017-02-13 17:01:19.000959-05
133	wetLab	0041_auto_20170213_2201	2017-02-13 17:01:19.467188-05
134	dryLab	0043_auto_20170213_2201	2017-02-13 17:01:20.389703-05
135	organization	0039_auto_20170214_1521	2017-02-14 10:21:27.957185-05
136	wetLab	0042_auto_20170214_2123	2017-02-14 16:23:28.957536-05
137	dryLab	0044_auto_20170214_2128	2017-02-14 16:28:58.381528-05
138	dryLab	0045_auto_20170214_2131	2017-02-14 16:31:57.871093-05
139	dryLab	0046_auto_20170217_0100	2017-02-16 20:00:32.41484-05
140	wetLab	0043_target_target_description	2017-02-16 20:00:32.484719-05
141	organization	0040_auto_20170217_0100	2017-02-16 20:00:32.684086-05
142	organization	0041_remove_experimentset_nonreplicate_type	2017-02-21 15:44:09.185097-05
143	wetLab	0044_auto_20170221_2043	2017-02-21 15:53:15.095539-05
144	wetLab	0045_auto_20170221_2059	2017-02-21 15:59:54.155225-05
145	wetLab	0046_auto_20170221_2104	2017-02-21 16:59:10.842724-05
146	wetLab	0047_auto_20170221_2158	2017-02-21 16:59:11.006052-05
147	dryLab	0047_auto_20170221_2322	2017-02-21 18:22:30.614078-05
148	organization	0042_auto_20170306_2133	2017-03-26 08:55:01.305728-04
149	organization	0043_auto_20170329_1443	2017-03-29 10:43:42.623024-04
150	dryLab	0048_auto_20170329_1554	2017-03-29 11:54:20.737606-04
151	organization	0044_auto_20170329_1602	2017-03-29 12:02:49.400938-04
152	wetLab	0048_auto_20170329_1602	2017-03-29 12:02:50.947795-04
153	wetLab	0049_auto_20170329_1629	2017-03-29 12:30:16.249147-04
154	wetLab	0050_auto_20170329_1714	2017-03-29 13:14:34.597107-04
155	wetLab	0051_auto_20170329_1717	2017-03-29 13:17:33.618893-04
156	wetLab	0052_auto_20170329_1718	2017-03-29 13:18:33.662016-04
157	wetLab	0053_auto_20170329_1721	2017-03-29 13:21:49.080813-04
158	dryLab	0049_auto_20170329_1726	2017-03-29 13:26:16.650594-04
159	organization	0045_auto_20170329_1730	2017-03-29 13:30:39.034232-04
160	dryLab	0050_auto_20170329_1757	2017-03-29 13:57:36.707866-04
161	organization	0046_auto_20170329_1757	2017-03-29 13:57:37.983455-04
162	dryLab	0051_auto_20170329_1810	2017-03-29 14:12:19.717727-04
163	organization	0047_auto_20170329_1810	2017-03-29 14:12:21.27157-04
164	dryLab	0052_auto_20170329_1813	2017-03-29 14:13:15.222901-04
165	organization	0048_auto_20170329_1818	2017-03-29 14:19:06.198807-04
166	organization	0049_remove_project_dcic_alias	2017-03-29 14:21:03.954527-04
167	organization	0048_auto_20170329_1824	2017-03-29 14:25:02.93203-04
168	organization	0049_project_dcic_alias	2017-03-29 14:28:00.577465-04
169	organization	0050_auto_20170329_1829	2017-03-29 17:04:39.654869-04
170	dryLab	0053_auto_20170329_2140	2017-03-29 17:40:38.453985-04
171	organization	0051_auto_20170329_2140	2017-03-29 17:40:40.171819-04
172	wetLab	0054_auto_20170329_2140	2017-03-29 17:40:44.740141-04
173	dryLab	0054_auto_20170330_1425	2017-03-30 10:35:49.106224-04
174	wetLab	0055_auto_20170330_1457	2017-03-30 10:58:01.482034-04
175	dryLab	0055_auto_20170331_1708	2017-03-31 13:08:53.926467-04
176	organization	0052_auto_20170331_1708	2017-03-31 13:08:55.863904-04
177	wetLab	0056_auto_20170331_1708	2017-03-31 13:09:01.107585-04
178	dryLab	0056_auto_20170403_1719	2017-04-03 13:19:25.798083-04
179	organization	0053_auto_20170403_1719	2017-04-03 13:19:28.026657-04
180	wetLab	0057_auto_20170403_1719	2017-04-03 13:19:34.212373-04
181	dryLab	0057_auto_20170403_1725	2017-04-03 13:25:49.919966-04
182	organization	0054_auto_20170403_1725	2017-04-03 13:25:52.370825-04
183	wetLab	0058_auto_20170403_1725	2017-04-03 13:25:59.256425-04
184	organization	0055_auto_20170403_1727	2017-04-03 13:28:02.977884-04
185	wetLab	0059_auto_20170403_1739	2017-04-03 13:40:12.027505-04
186	wetLab	0060_auto_20170403_1756	2017-04-03 13:57:12.763813-04
187	wetLab	0061_auto_20170403_1801	2017-04-03 14:02:07.425872-04
188	wetLab	0062_auto_20170403_1910	2017-04-03 15:10:34.833193-04
189	dryLab	0058_auto_20170403_1934	2017-04-03 15:35:04.948688-04
190	dryLab	0059_auto_20170403_2124	2017-04-03 17:24:34.608925-04
191	wetLab	0063_auto_20170403_2124	2017-04-03 17:24:42.362973-04
192	dryLab	0060_imageobjects_description	2017-04-03 17:59:52.184251-04
193	wetLab	0064_auto_20170412_0156	2017-04-11 21:57:59.551226-04
194	dryLab	0061_auto_20170414_2127	2017-04-14 17:27:28.098725-04
195	organization	0056_auto_20170414_2127	2017-04-14 17:48:52.488653-04
196	organization	0057_auto_20170414_2132	2017-04-14 17:48:52.583844-04
197	wetLab	0065_auto_20170414_2127	2017-04-14 17:50:38.459099-04
198	wetLab	0066_auto_20170414_2132	2017-04-14 17:50:39.223384-04
199	wetLab	0067_auto_20170418_1515	2017-04-18 11:16:00.829064-04
\.


--
-- Name: django_migrations_id_seq; Type: SEQUENCE SET; Schema: public; Owner: dekker_lab
--

SELECT pg_catalog.setval('django_migrations_id_seq', 199, true);


--
-- Data for Name: django_session; Type: TABLE DATA; Schema: public; Owner: dekker_lab
--

COPY django_session (session_key, session_data, expire_date) FROM stdin;
m68ehxcnycx7sedthuxhyeeiawbda550	NmExZDQ5NDA1ZmZjZWQ1ZWZjNWNiYjIzZTkwYzQxNGJmNDFhOWQ2YTp7Il9hdXRoX3VzZXJfaGFzaCI6IjM4YTI2M2VlZmNmMjIxMDJkMDg3NDc3ZDUyOTFjMDMwMWM4MzZiMTAiLCJfYXV0aF91c2VyX2lkIjoiMSIsIl9hdXRoX3VzZXJfYmFja2VuZCI6ImRqYW5nby5jb250cmliLmF1dGguYmFja2VuZHMuTW9kZWxCYWNrZW5kIiwiY3VycmVudEdyb3VwIjoiYWRtaW4ifQ==	2017-04-15 21:47:02.211008-04
lv43v97l40g7zby941k3q553wbumlrm4	MjNjODhhMWFjM2Q3MWMzNmVlZDhmNjZmYThiYmI1ZjNmYmIyNTRiYTp7ImluZGl2aWR1YWxQSyI6MSwicHJvamVjdF9vd25lcklkIjoxLCJfYXV0aF91c2VyX2JhY2tlbmQiOiJkamFuZ28uY29udHJpYi5hdXRoLmJhY2tlbmRzLk1vZGVsQmFja2VuZCIsIl9hdXRoX3VzZXJfaWQiOiIxIiwiY3VycmVudEdyb3VwIjoiYWRtaW4iLCJfYXV0aF91c2VyX2hhc2giOiIzOGEyNjNlZWZjZjIyMTAyZDA4NzQ3N2Q1MjkxYzAzMDFjODM2YjEwIiwiYmlvc291cmNlUEsiOjEsInByb2plY3RJZCI6IjEifQ==	2017-02-21 18:20:03.319743-05
hiai8ywii4e1tgqgezdvt1s8rmwbvpr5	ODkzNmYwZDYxZmNmMzI4ZTM1NmFhY2U0ZjVkZjZhZTg5MDA0YTE4MTp7ImluZGl2aWR1YWxQSyI6IjMiLCJiaW9zb3VyY2VQSyI6IjMiLCJwcm9qZWN0X293bmVySWQiOjEsInByb2plY3RJZCI6IjIiLCJiaW9zYW1wbGVQSyI6IjMiLCJydW5JZCI6MywiY3VycmVudEdyb3VwIjoiYWRtaW4iLCJfYXV0aF91c2VyX2hhc2giOiIzOGEyNjNlZWZjZjIyMTAyZDA4NzQ3N2Q1MjkxYzAzMDFjODM2YjEwIiwiX2F1dGhfdXNlcl9iYWNrZW5kIjoiZGphbmdvLmNvbnRyaWIuYXV0aC5iYWNrZW5kcy5Nb2RlbEJhY2tlbmQiLCJfYXV0aF91c2VyX2lkIjoiMSIsImV4cGVyaW1lbnRJZCI6IjUifQ==	2017-03-07 18:41:17.105452-05
si1zmox65138w6k8sumqddeioht11zvr	NWUxZDQyNmMyZGJlYzFlYjUyYTkwYmU5OWVmNmM5YWE3NTU2M2Q3MTp7ImluZGl2aWR1YWxQSyI6IjEiLCJiaW9zYW1wbGVQSyI6MSwicHJvamVjdElkIjoiMSIsIl9hdXRoX3VzZXJfaWQiOiIxIiwiX2F1dGhfdXNlcl9iYWNrZW5kIjoiZGphbmdvLmNvbnRyaWIuYXV0aC5iYWNrZW5kcy5Nb2RlbEJhY2tlbmQiLCJjdXJyZW50R3JvdXAiOiJhZG1pbiIsInByb2plY3Rfb3duZXJJZCI6MSwiX2F1dGhfdXNlcl9oYXNoIjoiMzhhMjYzZWVmY2YyMjEwMmQwODc0NzdkNTI5MWMwMzAxYzgzNmIxMCIsImJpb3NvdXJjZVBLIjoiMSJ9	2017-02-22 11:08:53.990233-05
886flyyux2g1m0jrypme5s92oaowg5vl	YThmNDk5ZjI3ZGFiNmFlODcwMzkxMDZkMmU5MWY1YmQ0N2ZmYjRmNjp7Il9hdXRoX3VzZXJfaGFzaCI6IjM4YTI2M2VlZmNmMjIxMDJkMDg3NDc3ZDUyOTFjMDMwMWM4MzZiMTAiLCJjdXJyZW50R3JvdXAiOiJhZG1pbiIsInByb2plY3Rfb3duZXJJZCI6MSwiX2F1dGhfdXNlcl9iYWNrZW5kIjoiZGphbmdvLmNvbnRyaWIuYXV0aC5iYWNrZW5kcy5Nb2RlbEJhY2tlbmQiLCJfYXV0aF91c2VyX2lkIjoiMSIsInByb2plY3RJZCI6IjEiLCJleHBlcmltZW50SWQiOiIyIn0=	2017-02-28 16:30:07.106412-05
m3sogls8ay96pxi7l0v3cxreqpnb6isb	NDk3NjkxNTg0NzY2OGYzZWIyYzA4ZTFlYzFkMzE2ZTNlMjk0YjUxYTp7InByb2plY3RJZCI6IjIiLCJwcm9qZWN0X293bmVySWQiOjEsIl9hdXRoX3VzZXJfaGFzaCI6IjM4YTI2M2VlZmNmMjIxMDJkMDg3NDc3ZDUyOTFjMDMwMWM4MzZiMTAiLCJfYXV0aF91c2VyX2JhY2tlbmQiOiJkamFuZ28uY29udHJpYi5hdXRoLmJhY2tlbmRzLk1vZGVsQmFja2VuZCIsIl9hdXRoX3VzZXJfaWQiOiIxIiwiY3VycmVudEdyb3VwIjoiYWRtaW4ifQ==	2017-03-08 10:55:21.996324-05
uxud3b283yeip1gjwhdd6xncyvsw7y8a	MmU1Y2UxMzVmYzBhNTU3OTdjNGEwODU5NGFkYzE1Zjk0ODYwYmM2Yjp7Il9hdXRoX3VzZXJfaGFzaCI6IjM4YTI2M2VlZmNmMjIxMDJkMDg3NDc3ZDUyOTFjMDMwMWM4MzZiMTAiLCJjdXJyZW50R3JvdXAiOiJhZG1pbiIsInByb2plY3Rfb3duZXJJZCI6MSwiX2F1dGhfdXNlcl9iYWNrZW5kIjoiZGphbmdvLmNvbnRyaWIuYXV0aC5iYWNrZW5kcy5Nb2RlbEJhY2tlbmQiLCJwcm9qZWN0SWQiOiIyIiwiX2F1dGhfdXNlcl9pZCI6IjEifQ==	2017-03-09 09:44:49.151091-05
2nxvua4jlqfdiq6qmprhx5wf0gabz968	MjM4Yjg0NTZiOTM2NmU1MGY2YjQxYTkwMjk2N2RhMjE1ODg1MmZkNjp7ImJpb3NhbXBsZVBLIjoiMSIsIl9hdXRoX3VzZXJfaGFzaCI6IjM4YTI2M2VlZmNmMjIxMDJkMDg3NDc3ZDUyOTFjMDMwMWM4MzZiMTAiLCJiaW9zb3VyY2VQSyI6IjEiLCJpbmRpdmlkdWFsUEsiOiIxIiwicHJvamVjdElkIjoiMSIsIl9hdXRoX3VzZXJfaWQiOiIxIiwicHJvamVjdF9vd25lcklkIjoxLCJfYXV0aF91c2VyX2JhY2tlbmQiOiJkamFuZ28uY29udHJpYi5hdXRoLmJhY2tlbmRzLk1vZGVsQmFja2VuZCIsImN1cnJlbnRHcm91cCI6ImFkbWluIn0=	2017-02-23 16:39:31.873073-05
fn2cifxxgegxtr829p861hqg7x0e9xxe	ZDcyZDExZmQ4ZWM5MTNlZTQ5MmJiMzJmYzdlYzYzNGExMDhlOWJmYzp7InByb2plY3Rfb3duZXJJZCI6MSwiX2F1dGhfdXNlcl9oYXNoIjoiMzhhMjYzZWVmY2YyMjEwMmQwODc0NzdkNTI5MWMwMzAxYzgzNmIxMCIsIl9hdXRoX3VzZXJfaWQiOiIxIiwiY3VycmVudEdyb3VwIjoiYWRtaW4iLCJiaW9zb3VyY2VQSyI6IjIiLCJfYXV0aF91c2VyX2JhY2tlbmQiOiJkamFuZ28uY29udHJpYi5hdXRoLmJhY2tlbmRzLk1vZGVsQmFja2VuZCIsImV4cGVyaW1lbnRJZCI6IjMiLCJwcm9qZWN0SWQiOiIxIiwiaW5kaXZpZHVhbFBLIjoiMiIsImJpb3NhbXBsZVBLIjoiMiJ9	2017-03-03 14:32:26.673438-05
804nofegqxt4tv4noj41lhldczrqa8ae	NDRmNDczZmYzYjU1NmU2MzFmNzJiYzcxZjBlYWU1YWU5NWE4ZmMwNzp7Il9hdXRoX3VzZXJfaGFzaCI6IjM4YTI2M2VlZmNmMjIxMDJkMDg3NDc3ZDUyOTFjMDMwMWM4MzZiMTAiLCJjdXJyZW50R3JvdXAiOiJhZG1pbiIsIl9hdXRoX3VzZXJfYmFja2VuZCI6ImRqYW5nby5jb250cmliLmF1dGguYmFja2VuZHMuTW9kZWxCYWNrZW5kIiwicHJvamVjdF9vd25lcklkIjoxLCJwcm9qZWN0SWQiOiIxIiwiX2F1dGhfdXNlcl9pZCI6IjEiLCJleHBlcmltZW50SWQiOiIxIn0=	2017-02-27 17:39:08.477429-05
gjqk7z8omam3njibkh9rii2jcth0j8ys	MDhlMTI1M2E2ZmRiNDdmM2M0MWNkN2U2MGNkYTY0MTg3MTNmZjM5Yjp7ImV4cGVyaW1lbnRJZCI6IjEwIiwiX2F1dGhfdXNlcl9iYWNrZW5kIjoiZGphbmdvLmNvbnRyaWIuYXV0aC5iYWNrZW5kcy5Nb2RlbEJhY2tlbmQiLCJjdXJyZW50R3JvdXAiOiJhZG1pbiIsImluZGl2aWR1YWxQSyI6IjMiLCJwcm9qZWN0X293bmVySWQiOjEsImJpb3NhbXBsZVBLIjoiMyIsIl9hdXRoX3VzZXJfaWQiOiIxIiwicHJvamVjdElkIjoiMiIsImJpb3NvdXJjZVBLIjoiMyIsIl9hdXRoX3VzZXJfaGFzaCI6IjM4YTI2M2VlZmNmMjIxMDJkMDg3NDc3ZDUyOTFjMDMwMWM4MzZiMTAifQ==	2017-03-20 17:27:34.915139-04
717vizbsd0xxhkh1cfsp0nuo4wejnwx4	NTQ0ZWVmMGQ1NzQwMmMyNjYwZWZmMDlkZjQ1NDUwOGI4NjU0MzA1Mjp7ImV4cGVyaW1lbnRJZCI6IjExIiwiY3VycmVudEdyb3VwIjoiYWRtaW4iLCJfYXV0aF91c2VyX2lkIjoiMSIsIl9hdXRoX3VzZXJfYmFja2VuZCI6ImRqYW5nby5jb250cmliLmF1dGguYmFja2VuZHMuTW9kZWxCYWNrZW5kIiwiYmlvc291cmNlUEsiOiIzIiwiYmlvc2FtcGxlUEsiOiIzIiwiX2F1dGhfdXNlcl9oYXNoIjoiMzhhMjYzZWVmY2YyMjEwMmQwODc0NzdkNTI5MWMwMzAxYzgzNmIxMCIsImluZGl2aWR1YWxQSyI6IjMiLCJwcm9qZWN0X293bmVySWQiOjEsInByb2plY3RJZCI6IjIifQ==	2017-03-20 17:44:28.427936-04
6aybgww3yr0u0uhgbt9vhsdn8gooffsz	OGIwZGM3MjQ2NzZjYWM4NzgwZGY1MGQ5MTkxN2Y1OWM3Y2ZlZmY4Zjp7InByb2plY3Rfb3duZXJJZCI6MSwiX2F1dGhfdXNlcl9iYWNrZW5kIjoiZGphbmdvLmNvbnRyaWIuYXV0aC5iYWNrZW5kcy5Nb2RlbEJhY2tlbmQiLCJwcm9qZWN0SWQiOiIxIiwicnVuSWQiOjEsImJpb3NvdXJjZVBLIjoyLCJfYXV0aF91c2VyX2hhc2giOiIzOGEyNjNlZWZjZjIyMTAyZDA4NzQ3N2Q1MjkxYzAzMDFjODM2YjEwIiwiaW5kaXZpZHVhbFBLIjoyLCJfYXV0aF91c2VyX2lkIjoiMSIsImN1cnJlbnRHcm91cCI6ImFkbWluIiwiZXhwZXJpbWVudElkIjoiMiIsImJpb3NhbXBsZVBLIjoyfQ==	2017-02-28 17:23:03.046734-05
mwuaf8k8w3mt92x3lavlcs8zjs954lwn	NzIxNzI3MjIxM2NmZGRhZjJlMDE2M2Y2YzQzNDE5MDI5YTM3NzQyNzp7InByb2plY3Rfb3duZXJJZCI6MSwiYmlvc291cmNlUEsiOiI2IiwiX2F1dGhfdXNlcl9iYWNrZW5kIjoiZGphbmdvLmNvbnRyaWIuYXV0aC5iYWNrZW5kcy5Nb2RlbEJhY2tlbmQiLCJiaW9zYW1wbGVQSyI6IjYiLCJwcm9qZWN0SWQiOiIzIiwiX2F1dGhfdXNlcl9pZCI6IjEiLCJydW5JZCI6NiwiaW5kaXZpZHVhbFBLIjoiNiIsImN1cnJlbnRHcm91cCI6ImFkbWluIiwiZXhwZXJpbWVudElkIjoiMTciLCJfYXV0aF91c2VyX2hhc2giOiIzOGEyNjNlZWZjZjIyMTAyZDA4NzQ3N2Q1MjkxYzAzMDFjODM2YjEwIn0=	2017-04-09 15:42:20.050152-04
s8dbf8z2z4h5v6kf0xls19dvm40mz6ok	NjU3MDU2MThhNDJkOTgyODJkNGNjYTdmNTA2ZWZhNWNmM2Q0NjdjYTp7Il9hdXRoX3VzZXJfaGFzaCI6IjM4YTI2M2VlZmNmMjIxMDJkMDg3NDc3ZDUyOTFjMDMwMWM4MzZiMTAiLCJwcm9qZWN0SWQiOiIzIiwiX2F1dGhfdXNlcl9pZCI6IjEiLCJwcm9qZWN0X293bmVySWQiOjEsIl9hdXRoX3VzZXJfYmFja2VuZCI6ImRqYW5nby5jb250cmliLmF1dGguYmFja2VuZHMuTW9kZWxCYWNrZW5kIiwiaW5kaXZpZHVhbFBLIjo0LCJjdXJyZW50R3JvdXAiOiJhZG1pbiJ9	2017-04-08 21:02:55.936097-04
czzvvcmjuat54892hgf5r7stui15l40j	NjQxMmYwODgzZjY5ZDMxNzE1MTNkMmI1OGY1YjhjNmQ3MzMwOWMwNzp7Il9hdXRoX3VzZXJfYmFja2VuZCI6ImRqYW5nby5jb250cmliLmF1dGguYmFja2VuZHMuTW9kZWxCYWNrZW5kIiwiYmlvc2FtcGxlUEsiOiIyIiwiYmlvc291cmNlUEsiOiIyIiwiX2F1dGhfdXNlcl9pZCI6IjEiLCJpbmRpdmlkdWFsUEsiOiIyIiwiY3VycmVudEdyb3VwIjoiYWRtaW4iLCJwcm9qZWN0SWQiOiIxIiwiX2F1dGhfdXNlcl9oYXNoIjoiMzhhMjYzZWVmY2YyMjEwMmQwODc0NzdkNTI5MWMwMzAxYzgzNmIxMCIsInByb2plY3Rfb3duZXJJZCI6MX0=	2017-03-02 20:57:23.913467-05
5d4kw8hbkazeprdrepnk1rly7xvwtbo8	ZjBkODhhOTlkNWY2ZjRkMTMzNmUwNDg4MWE4NjQwY2U2Yjc4NDA2ODp7Il9hdXRoX3VzZXJfYmFja2VuZCI6ImRqYW5nby5jb250cmliLmF1dGguYmFja2VuZHMuTW9kZWxCYWNrZW5kIiwicHJvamVjdElkIjoiNSIsImN1cnJlbnRHcm91cCI6ImFkbWluIiwiYmlvc291cmNlUEsiOiIzIiwiX2F1dGhfdXNlcl9pZCI6IjEiLCJfYXV0aF91c2VyX2hhc2giOiIzOGEyNjNlZWZjZjIyMTAyZDA4NzQ3N2Q1MjkxYzAzMDFjODM2YjEwIiwicHJvamVjdF9vd25lcklkIjoxLCJpbmRpdmlkdWFsUEsiOiIzIn0=	2017-04-18 15:52:33.442521-04
a1sz24lfizfu4pgsrfhzsx9xlzppoojz	MGZmNzUwMDMxZTY1MDc4M2NlMTU1NDk2YzhlMGE1NWE3MzQ5OTY5NTp7InByb2plY3RJZCI6IjQiLCJpbmRpdmlkdWFsUEsiOiIzIiwicHJvamVjdF9vd25lcklkIjoxLCJfYXV0aF91c2VyX2hhc2giOiIzOGEyNjNlZWZjZjIyMTAyZDA4NzQ3N2Q1MjkxYzAzMDFjODM2YjEwIiwiX2F1dGhfdXNlcl9iYWNrZW5kIjoiZGphbmdvLmNvbnRyaWIuYXV0aC5iYWNrZW5kcy5Nb2RlbEJhY2tlbmQiLCJjdXJyZW50R3JvdXAiOiJhZG1pbiIsImJpb3NhbXBsZVBLIjoiMyIsIl9hdXRoX3VzZXJfaWQiOiIxIiwiYmlvc291cmNlUEsiOiIzIn0=	2017-05-01 12:56:46.901171-04
1e7jbsduegv6zg3er183u091jnqa285k	ZGY1ZmFiNTc3Zjk5YmQ4MmNjNzM1NDYxZmU1MzdlMDVhYzMyN2U1Njp7Il9hdXRoX3VzZXJfYmFja2VuZCI6ImRqYW5nby5jb250cmliLmF1dGguYmFja2VuZHMuTW9kZWxCYWNrZW5kIiwiaW5kaXZpZHVhbFBLIjoiMyIsInByb2plY3RJZCI6IjUiLCJjdXJyZW50R3JvdXAiOiJhZG1pbiIsImJpb3NhbXBsZVBLIjoiMyIsImJpb3NvdXJjZVBLIjoiMyIsIl9hdXRoX3VzZXJfaWQiOiIxIiwiX2F1dGhfdXNlcl9oYXNoIjoiMzhhMjYzZWVmY2YyMjEwMmQwODc0NzdkNTI5MWMwMzAxYzgzNmIxMCIsInByb2plY3Rfb3duZXJJZCI6MSwiZXhwZXJpbWVudElkIjoiMjQifQ==	2017-04-18 15:57:15.404051-04
mzhjrl2ckfftxxh7p8pulukohtkp055q	N2IxMTM5YWIxODY3YmI3NDMwZGI3YjI4MGNjNjU2OGE5YWMzYjY2Zjp7Il9hdXRoX3VzZXJfaGFzaCI6IjM4YTI2M2VlZmNmMjIxMDJkMDg3NDc3ZDUyOTFjMDMwMWM4MzZiMTAiLCJjdXJyZW50R3JvdXAiOiJhZG1pbiIsInByb2plY3RJZCI6IjMiLCJfYXV0aF91c2VyX2JhY2tlbmQiOiJkamFuZ28uY29udHJpYi5hdXRoLmJhY2tlbmRzLk1vZGVsQmFja2VuZCIsImV4cGVyaW1lbnRJZCI6IjE3IiwiX2F1dGhfdXNlcl9pZCI6IjEiLCJwcm9qZWN0X293bmVySWQiOjF9	2017-04-10 17:33:46.599729-04
w0246eucypd88iq3detb3v4msco4km6n	ZWQ2YmY3ZmEzNDcxZGE2NTE4ZDljZjE5ZmNmMTA4ZTMxZDdiOWM4Yzp7ImJpb3NvdXJjZVBLIjo5LCJwcm9qZWN0SWQiOiI1IiwiX2F1dGhfdXNlcl9iYWNrZW5kIjoiZGphbmdvLmNvbnRyaWIuYXV0aC5iYWNrZW5kcy5Nb2RlbEJhY2tlbmQiLCJpbmRpdmlkdWFsUEsiOjksImV4cGVyaW1lbnRJZCI6IjI0IiwicHJvamVjdF9vd25lcklkIjoxLCJfYXV0aF91c2VyX2lkIjoiMSIsImN1cnJlbnRHcm91cCI6ImFkbWluIiwiYmlvc2FtcGxlUEsiOjksIl9hdXRoX3VzZXJfaGFzaCI6IjM4YTI2M2VlZmNmMjIxMDJkMDg3NDc3ZDUyOTFjMDMwMWM4MzZiMTAifQ==	2017-04-17 18:03:56.486678-04
x30bmr6osaogilldxmw3h69kv2ybfhov	Zjg0M2JlNzlmNWFlYmE4OTA4YzMwNTMyMmQ4MTQ3YThlMDczZDJhYjp7Il9hdXRoX3VzZXJfYmFja2VuZCI6ImRqYW5nby5jb250cmliLmF1dGguYmFja2VuZHMuTW9kZWxCYWNrZW5kIiwicHJvamVjdF9vd25lcklkIjoxLCJleHBlcmltZW50SWQiOiIzMCIsIl9hdXRoX3VzZXJfaGFzaCI6IjM4YTI2M2VlZmNmMjIxMDJkMDg3NDc3ZDUyOTFjMDMwMWM4MzZiMTAiLCJfYXV0aF91c2VyX2lkIjoiMSIsInByb2plY3RJZCI6IjIiLCJiaW9zb3VyY2VQSyI6MTIsImJpb3NhbXBsZVBLIjoxNSwiaW5kaXZpZHVhbFBLIjoxNiwiY3VycmVudEdyb3VwIjoiYWRtaW4iLCJydW5JZCI6MTB9	2017-05-02 12:03:39.69702-04
vc1aatkhebv58tnx5e9o439h4dqowjpk	ZWU2NTVhMmFiODNmZjQ5MGJmYzZiNWVlYWExYWIyY2RjODE1YmU1ZDp7InByb2plY3Rfb3duZXJJZCI6MSwicHJvamVjdElkIjoiNSIsImN1cnJlbnRHcm91cCI6ImFkbWluIiwiYmlvc2FtcGxlUEsiOiIzIiwiX2F1dGhfdXNlcl9oYXNoIjoiMzhhMjYzZWVmY2YyMjEwMmQwODc0NzdkNTI5MWMwMzAxYzgzNmIxMCIsIl9hdXRoX3VzZXJfaWQiOiIxIiwiZXhwZXJpbWVudElkIjoiMjYiLCJpbmRpdmlkdWFsUEsiOiIzIiwiX2F1dGhfdXNlcl9iYWNrZW5kIjoiZGphbmdvLmNvbnRyaWIuYXV0aC5iYWNrZW5kcy5Nb2RlbEJhY2tlbmQiLCJiaW9zb3VyY2VQSyI6IjMifQ==	2017-04-18 20:53:41.473377-04
e0drlthh44hqi5z470ru2uoe5qeh906n	Y2FiNDA0YTRjM2I5NDQwZGViOTU1NmEyZTI1NDU3OTczOTJmZjAyYTp7ImJpb3NhbXBsZVBLIjoiNiIsIl9hdXRoX3VzZXJfaWQiOiIxIiwicHJvamVjdElkIjoiMyIsImN1cnJlbnRHcm91cCI6ImFkbWluIiwiX2F1dGhfdXNlcl9iYWNrZW5kIjoiZGphbmdvLmNvbnRyaWIuYXV0aC5iYWNrZW5kcy5Nb2RlbEJhY2tlbmQiLCJpbmRpdmlkdWFsUEsiOiI2IiwiZXhwZXJpbWVudElkIjoiMTkiLCJfYXV0aF91c2VyX2hhc2giOiIzOGEyNjNlZWZjZjIyMTAyZDA4NzQ3N2Q1MjkxYzAzMDFjODM2YjEwIiwicHJvamVjdF9vd25lcklkIjoxLCJiaW9zb3VyY2VQSyI6IjYifQ==	2017-04-12 17:08:47.869877-04
t2t00lsnk2qqmz2deutbwcuvuslze53h	Yzk4ZThhYzM2NjFiYzkwMzVhNjQzODc2ODJkY2VlYjBlZDM1M2I3YTp7ImJpb3NhbXBsZVBLIjoiOCIsInByb2plY3RJZCI6IjQiLCJfYXV0aF91c2VyX2lkIjoiMSIsInJ1bklkIjo3LCJiaW9zb3VyY2VQSyI6IjgiLCJpbmRpdmlkdWFsUEsiOiI4IiwicHJvamVjdF9vd25lcklkIjoxLCJjdXJyZW50R3JvdXAiOiJhZG1pbiIsIl9hdXRoX3VzZXJfaGFzaCI6IjM4YTI2M2VlZmNmMjIxMDJkMDg3NDc3ZDUyOTFjMDMwMWM4MzZiMTAiLCJfYXV0aF91c2VyX2JhY2tlbmQiOiJkamFuZ28uY29udHJpYi5hdXRoLmJhY2tlbmRzLk1vZGVsQmFja2VuZCIsImV4cGVyaW1lbnRJZCI6IjIxIn0=	2017-04-13 17:59:35.471186-04
3bxsodzp8cv6785ds3i8fw0oduqio027	ZjRjYTk3OGE4MTRiYjEyNTAxODM3YzI0NTJkNDU5YmFlMzZlYzg1NTp7Il9hdXRoX3VzZXJfaWQiOiIxIiwicHJvamVjdF9vd25lcklkIjoxLCJfYXV0aF91c2VyX2JhY2tlbmQiOiJkamFuZ28uY29udHJpYi5hdXRoLmJhY2tlbmRzLk1vZGVsQmFja2VuZCIsInByb2plY3RJZCI6IjQiLCJfYXV0aF91c2VyX2hhc2giOiIzOGEyNjNlZWZjZjIyMTAyZDA4NzQ3N2Q1MjkxYzAzMDFjODM2YjEwIiwiY3VycmVudEdyb3VwIjoiYWRtaW4ifQ==	2017-04-14 13:42:38.623343-04
wyxr4mdtu8t8wk6gmchp8w367rx0u74b	MDdmYWVmOWJiZGFlMWJhNjYyYWM2ZGU1YzRjYWJhYmRiMjEzMzIwODp7Il9hdXRoX3VzZXJfaWQiOiIxIiwiYmlvc2FtcGxlUEsiOiIzIiwiYmlvc291cmNlUEsiOiIzIiwicHJvamVjdF9vd25lcklkIjoxLCJfYXV0aF91c2VyX2JhY2tlbmQiOiJkamFuZ28uY29udHJpYi5hdXRoLmJhY2tlbmRzLk1vZGVsQmFja2VuZCIsIl9hdXRoX3VzZXJfaGFzaCI6IjM4YTI2M2VlZmNmMjIxMDJkMDg3NDc3ZDUyOTFjMDMwMWM4MzZiMTAiLCJpbmRpdmlkdWFsUEsiOjEzLCJjdXJyZW50R3JvdXAiOiJhZG1pbiIsInByb2plY3RJZCI6IjUiLCJydW5JZCI6OX0=	2017-04-28 17:24:17.642371-04
\.


--
-- Data for Name: dryLab_analysis; Type: TABLE DATA; Schema: public; Owner: dekker_lab
--

COPY "dryLab_analysis" (id, analysis_fields, analysis_type_id, analysis_exp_id, analysis_name, analysis_import, "analysis_hiGlass") FROM stdin;
\.


--
-- Data for Name: dryLab_analysis_analysis_file; Type: TABLE DATA; Schema: public; Owner: dekker_lab
--

COPY "dryLab_analysis_analysis_file" (id, analysis_id, seqencingfile_id) FROM stdin;
\.


--
-- Name: dryLab_analysis_analysis_file_id_seq; Type: SEQUENCE SET; Schema: public; Owner: dekker_lab
--

SELECT pg_catalog.setval('"dryLab_analysis_analysis_file_id_seq"', 1, true);


--
-- Name: dryLab_analysis_id_seq; Type: SEQUENCE SET; Schema: public; Owner: dekker_lab
--

SELECT pg_catalog.setval('"dryLab_analysis_id_seq"', 1, true);


--
-- Data for Name: dryLab_fileset; Type: TABLE DATA; Schema: public; Owner: dekker_lab
--

COPY "dryLab_fileset" (id, fileset_description, fileset_type_id, "fileSet_name", project_id) FROM stdin;
\.


--
-- Data for Name: dryLab_fileset_fileSet_file; Type: TABLE DATA; Schema: public; Owner: dekker_lab
--

COPY "dryLab_fileset_fileSet_file" (id, fileset_id, seqencingfile_id) FROM stdin;
\.


--
-- Name: dryLab_fileset_fileSet_file_id_seq; Type: SEQUENCE SET; Schema: public; Owner: dekker_lab
--

SELECT pg_catalog.setval('"dryLab_fileset_fileSet_file_id_seq"', 1, false);


--
-- Name: dryLab_fileset_id_seq; Type: SEQUENCE SET; Schema: public; Owner: dekker_lab
--

SELECT pg_catalog.setval('"dryLab_fileset_id_seq"', 1, false);


--
-- Data for Name: dryLab_imageobjects; Type: TABLE DATA; Schema: public; Owner: dekker_lab
--

COPY "dryLab_imageobjects" (id, "imageObjects_images", project_id, "imageObjects_name", dcic_alias, "imageObjects_type_id", description) FROM stdin;
\.


--
-- Name: dryLab_imageobjects_id_seq; Type: SEQUENCE SET; Schema: public; Owner: dekker_lab
--

SELECT pg_catalog.setval('"dryLab_imageobjects_id_seq"', 6, true);


--
-- Data for Name: dryLab_images; Type: TABLE DATA; Schema: public; Owner: dekker_lab
--

COPY "dryLab_images" (id, image_path, image_analysis_id) FROM stdin;
\.


--
-- Name: dryLab_images_id_seq; Type: SEQUENCE SET; Schema: public; Owner: dekker_lab
--

SELECT pg_catalog.setval('"dryLab_images_id_seq"', 4, true);


--
-- Data for Name: dryLab_seqencingfile; Type: TABLE DATA; Schema: public; Owner: dekker_lab
--

COPY "dryLab_seqencingfile" (id, "sequencingFile_mainPath", "sequencingFile_backupPath", "sequencingFile_sha256sum", "sequencingFile_md5sum", "sequencingFile_name", "sequencingFile_run_id", "sequencingFile_exp_id", project_id, dbxrefs, file_classification_id, file_format_id, file_format_specifications_id, paired_end, read_length, barcode_in_read, flowcell_details_chunk, flowcell_details_lane, file_barcode_id, dcic_alias) FROM stdin;
\.


--
-- Name: dryLab_seqencingfile_id_seq; Type: SEQUENCE SET; Schema: public; Owner: dekker_lab
--

SELECT pg_catalog.setval('"dryLab_seqencingfile_id_seq"', 29, true);


--
-- Data for Name: dryLab_sequencingrun; Type: TABLE DATA; Schema: public; Owner: dekker_lab
--

COPY "dryLab_sequencingrun" (id, run_name, project_id, run_retrieval_date, run_submission_date, run_approved, run_submitted, run_sequencing_center_id, run_sequencing_instrument_id, run_sequencing_machine_id) FROM stdin;
\.


--
-- Name: dryLab_sequencingrun_id_seq; Type: SEQUENCE SET; Schema: public; Owner: dekker_lab
--

SELECT pg_catalog.setval('"dryLab_sequencingrun_id_seq"', 10, true);


--
-- Data for Name: dryLab_sequencingrun_run_Experiment; Type: TABLE DATA; Schema: public; Owner: dekker_lab
--

COPY "dryLab_sequencingrun_run_Experiment" (id, sequencingrun_id, experiment_id) FROM stdin;
\.


--
-- Name: dryLab_sequencingrun_run_Experiment_id_seq; Type: SEQUENCE SET; Schema: public; Owner: dekker_lab
--

SELECT pg_catalog.setval('"dryLab_sequencingrun_run_Experiment_id_seq"', 14, true);


--
-- Data for Name: organization_award; Type: TABLE DATA; Schema: public; Owner: dekker_lab
--

COPY organization_award (id, award_name) FROM stdin;
\.


--
-- Data for Name: organization_award_award_exp; Type: TABLE DATA; Schema: public; Owner: dekker_lab
--

COPY organization_award_award_exp (id, award_id, experiment_id) FROM stdin;
\.


--
-- Name: organization_award_award_exp_id_seq; Type: SEQUENCE SET; Schema: public; Owner: dekker_lab
--

SELECT pg_catalog.setval('organization_award_award_exp_id_seq', 1, false);


--
-- Data for Name: organization_award_award_project; Type: TABLE DATA; Schema: public; Owner: dekker_lab
--

COPY organization_award_award_project (id, award_id, project_id) FROM stdin;
\.


--
-- Name: organization_award_award_project_id_seq; Type: SEQUENCE SET; Schema: public; Owner: dekker_lab
--

SELECT pg_catalog.setval('organization_award_award_project_id_seq', 1, false);


--
-- Name: organization_award_id_seq; Type: SEQUENCE SET; Schema: public; Owner: dekker_lab
--

SELECT pg_catalog.setval('organization_award_id_seq', 1, false);


--
-- Data for Name: organization_choice; Type: TABLE DATA; Schema: public; Owner: dekker_lab
--

COPY organization_choice (id, choice_name, choice_type, choice_description) FROM stdin;
1	iPS reprogramming	document_type	
2	cell isolation protocol	document_type	
3	construct image	document_type	
4	transfection protocol	document_type	
5	growth protocol	document_type	
6	extraction protocol	document_type	
7	certificate of analysis	document_type	
8	data QA	document_type	
9	differentiation protocol	document_type	
10	dedifferentiation protocol	document_type	
11	data sheet	document_type	
12	treatment protocol	document_type	
13	general protocol	document_type	
14	excision protocol	document_type	
15	standards document	document_type	
16	strain generation protocol	document_type	
17	spike-in concentrations	document_type	
18	pipeline protocol	document_type	
19	file format specification	document_type	
20	high resolution pathology slide image	document_type	
21	other	document_type	
22	crispr construct	construct_type	
23	rnai construct	construct_type	
25	Crispr	modification_type	
26	Stable Transfection	modification_type	
27	Other	modification_type	
28	immortalized cell line	biosource_type	
29	primary cell	biosource_type	
30	tissue	biosource_type	
31	in vitro differentiated cells	biosource_type	
32	induced pluripotent stem cell line	biosource_type	
33	whole organisms	biosource_type	
34	stem cell	biosource_type	
35	Unclassified	biosource_cell_line_tier	
36	Tier 2	biosource_cell_line_tier	
37	Tire 1	biosource_cell_line_tier	
38	1	genomicRegions_chromosome	
39	2	genomicRegions_chromosome	
40	3	genomicRegions_chromosome	
41	4	genomicRegions_chromosome	
42	5	genomicRegions_chromosome	
43	6	genomicRegions_chromosome	
44	7	genomicRegions_chromosome	
45	8	genomicRegions_chromosome	
46	8	genomicRegions_chromosome	
47	9	genomicRegions_chromosome	
48	10	genomicRegions_chromosome	
49	11	genomicRegions_chromosome	
50	12	genomicRegions_chromosome	
51	13	genomicRegions_chromosome	
52	14	genomicRegions_chromosome	
53	15	genomicRegions_chromosome	
54	16	genomicRegions_chromosome	
55	17	genomicRegions_chromosome	
56	18	genomicRegions_chromosome	
57	19	genomicRegions_chromosome	
58	20	genomicRegions_chromosome	
59	21	genomicRegions_chromosome	
60	22	genomicRegions_chromosome	
61	X	genomicRegions_chromosome	
62	Y	genomicRegions_chromosome	
63	MGSCv37	genomicRegions_genome_assembly	
64	GRCm38	genomicRegions_genome_assembly	
65	GRCh37	genomicRegions_genome_assembly	
66	GRCh38	genomicRegions_genome_assembly	
69	U/mL	treatmentChemical_concentration_units	
70	units	treatmentChemical_concentration_units	
71	percent	treatmentChemical_concentration_units	
72	M	treatmentChemical_concentration_units	
73	ng/mL	treatmentChemical_concentration_units	
74	mg/mL	treatmentChemical_concentration_units	
75	mM	treatmentChemical_concentration_units	
76	g/mL	treatmentChemical_concentration_units	
77	M	treatmentChemical_concentration_units	
78	nM	treatmentChemical_concentration_units	
79	pM	treatmentChemical_concentration_units	
80	day	treatmentChemical_duration_units	
81	hour	treatmentChemical_duration_units	
82	minute	treatmentChemical_duration_units	
83	second	treatmentChemical_duration_units	
84	biosample_treatment	Other	
85	biosample_treatment	TreatmentChemical	
86	biosample_treatment	TreatmentRnai	
87	Index 1-ATCACG	barcode	
88	Index 2-CGATGT	barcode	
89	Index 3-TTAGGC	barcode	
90	Index 4-TGACCA	barcode	
91	Index 5-ACAGTG	barcode	
92	Index 6-GCCAAT	barcode	
93	Index 7-CAGATC	barcode	
94	Index 8-ACTTGA	barcode	
95	Index 9-GATCAG	barcode	
96	Index 10-TAGCTT	barcode	
97	Index 11-GGCTAC	barcode	
98	Index 12-CTTGTA	barcode	
100	Sanger Sequencing	run_sequencing_platform	
101	UMass Deep Sequencing Core	run_sequencing_center	
102	publication	experimentSet_type	
103	analysis set	experimentSet_type	
105	biological replicates	experimentSet_type	
106	replicates	experimentSet_type	
107	unspecified	experimentSet_type	
109	production	publication_categories	
110	genomic annotations	publication_categories	
111	tutorial	publication_categories	
112	model organism biology	publication_categories	
113	pilot phase publication	publication_categories	
114	key publication	publication_categories	
115	data standard	publication_categories	
116	technology development	publication_categories	
104	technical replicates	experimentSet_type	
24	tagging construct	construct_type	
68	shRNA	treatmentRnai_type	
67	siRNA	treatmentRnai_type	
117	integrative analysis	publication_categories	
118	database	publication_categories	
119	software tool	publication_categories	
120	basic biology	publication_categories	
121	human disease	publication_categories	
122	External	publication_published_by	
123	4DN	publication_published_by	
124	C-Monster	run_sequencing_machine	
125	fasta	file_format	
126	fastq	file_format	
129	tagging construct	construct_type	
130	retroviral construct	construct_type	
99	Illumina HiSeq 4000	run_sequencing_instrument	
131	HiSeq 2500	run_sequencing_instrument	
132	HiSeq 2000	run_sequencing_instrument	
133	raw file	file_classification	
134	karyotype_image	imageObjects_type	
135	morphology_image	imageObjects_type	
136	other_image	imageObjects_type	
\.


--
-- Name: organization_choice_id_seq; Type: SEQUENCE SET; Schema: public; Owner: dekker_lab
--

SELECT pg_catalog.setval('organization_choice_id_seq', 136, true);


--
-- Data for Name: organization_experiment; Type: TABLE DATA; Schema: public; Owner: dekker_lab
--

COPY organization_experiment (id, experiment_name, experiment_biosample_id, project_id, protocol_id, experiment_description, experiment_enzyme_id, dbxrefs, document_id, references_id, url, experiment_fields, type_id, variation, biosample_quantity, biosample_quantity_units, dcic_alias) FROM stdin;
\.


--
-- Name: organization_experiment_experiment_imageObjects_id_seq; Type: SEQUENCE SET; Schema: public; Owner: dekker_lab
--

SELECT pg_catalog.setval('"organization_experiment_experiment_imageObjects_id_seq"', 1, false);


--
-- Name: organization_experiment_id_seq; Type: SEQUENCE SET; Schema: public; Owner: dekker_lab
--

SELECT pg_catalog.setval('organization_experiment_id_seq', 30, true);


--
-- Data for Name: organization_experiment_imageObjects; Type: TABLE DATA; Schema: public; Owner: dekker_lab
--

COPY "organization_experiment_imageObjects" (id, experiment_id, imageobjects_id) FROM stdin;
\.


--
-- Data for Name: organization_experimentset; Type: TABLE DATA; Schema: public; Owner: dekker_lab
--

COPY organization_experimentset (id, "experimentSet_type_id", "experimentSet_name", project_id, description, document_id, dcic_alias) FROM stdin;
\.


--
-- Data for Name: organization_experimentset_experimentSet_exp; Type: TABLE DATA; Schema: public; Owner: dekker_lab
--

COPY "organization_experimentset_experimentSet_exp" (id, experimentset_id, experiment_id) FROM stdin;
\.


--
-- Name: organization_experimentset_experimentSet_exp_id_seq; Type: SEQUENCE SET; Schema: public; Owner: dekker_lab
--

SELECT pg_catalog.setval('"organization_experimentset_experimentSet_exp_id_seq"', 10, true);


--
-- Name: organization_experimentset_id_seq; Type: SEQUENCE SET; Schema: public; Owner: dekker_lab
--

SELECT pg_catalog.setval('organization_experimentset_id_seq', 6, true);


--
-- Data for Name: organization_jsonobjfield; Type: TABLE DATA; Schema: public; Owner: dekker_lab
--

COPY organization_jsonobjfield (id, field_name, field_type, field_set, "jsonField_description") FROM stdin;
2	Hi-C Analysis	Analysis	{"cis": {"data": "number", "help": "", "order": 76, "required": "no"}, "UUID": {"data": "number", "help": "", "order": 4, "required": "no"}, "nCPU": {"data": "number", "help": "", "order": 12, "required": "no"}, "time": {"data": "text", "help": "", "order": 1, "required": "no"}, "cType": {"data": "text", "help": "", "order": 2, "required": "no"}, "error": {"data": "number", "help": "", "order": 72, "required": "no"}, "trans": {"data": "number", "help": "", "order": 78, "required": "no"}, "cisPer": {"data": "float", "help": "", "order": 77, "required": "no"}, "enzyme": {"data": "text", "help": "", "order": 31, "required": "no"}, "genome": {"data": "text", "help": "", "order": 34, "required": "no"}, "aligner": {"data": "text", "help": "", "order": 26, "required": "no"}, "bounded": {"data": "number", "help": "", "order": 68, "required": "no"}, "jobName": {"data": "text", "help": "", "order": 15, "required": "no"}, "laneNum": {"data": "number", "help": "", "order": 18, "required": "no"}, "cMapping": {"data": "text", "help": "", "order": 5, "required": "no"}, "errorPer": {"data": "float", "help": "", "order": 73, "required": "no"}, "flowCell": {"data": "text", "help": "", "order": 16, "required": "no"}, "internal": {"data": "number", "help": "", "order": 70, "required": "no"}, "laneName": {"data": "text", "help": "", "order": 17, "required": "no"}, "numReads": {"data": "number", "help": "", "order": 23, "required": "no"}, "transPer": {"data": "float", "help": "", "order": 79, "required": "no"}, "unMapped": {"data": "number", "help": "", "order": 56, "required": "no"}, "side1File": {"data": "text", "help": "", "order": 19, "required": "no"}, "side2File": {"data": "text", "help": "", "order": 20, "required": "no"}, "splitSize": {"data": "number", "help": "", "order": 24, "required": "no"}, "validPair": {"data": "number", "help": "", "order": 74, "required": "no"}, "boundedPer": {"data": "float", "help": "", "order": 69, "required": "no"}, "genomePath": {"data": "text", "help": "", "order": 35, "required": "no"}, "genomeSize": {"data": "text", "help": "", "order": 36, "required": "no"}, "qvEncoding": {"data": "text", "help": "", "order": 22, "required": "no"}, "readLength": {"data": "number", "help": "", "order": 21, "required": "no"}, "selfCircle": {"data": "number", "help": "", "order": 64, "required": "no"}, "side1NoMap": {"data": "number", "help": "", "order": 42, "required": "no"}, "side2NoMap": {"data": "number", "help": "", "order": 49, "required": "no"}, "totalReads": {"data": "number", "help": "", "order": 55, "required": "no"}, "danglingEnd": {"data": "number", "help": "", "order": 66, "required": "no"}, "internalPer": {"data": "float", "help": "", "order": 71, "required": "no"}, "singleSided": {"data": "number", "help": "", "order": 58, "required": "no"}, "unMappedPer": {"data": "float", "help": "", "order": 57, "required": "no"}, "logDirectory": {"data": "text", "help": "", "order": 3, "required": "no"}, "mapResources": {"data": "text", "help": "", "order": 8, "required": "no"}, "sameFragment": {"data": "number", "help": "", "order": 62, "required": "no"}, "validPairPer": {"data": "float", "help": "", "order": 75, "required": "no"}, "validPairRed": {"data": "number", "help": "", "order": 80, "required": "no"}, "mapScratchDir": {"data": "text", "help": "", "order": 10, "required": "no"}, "selfCirclePer": {"data": "float", "help": "", "order": 65, "required": "no"}, "side1MultiMap": {"data": "number", "help": "", "order": 44, "required": "no"}, "side1NoMapPer": {"data": "float", "help": "", "order": 43, "required": "no"}, "side2MultiMap": {"data": "number", "help": "", "order": 51, "required": "no"}, "side2NoMapPer": {"data": "float", "help": "", "order": 50, "required": "no"}, "bothSideMapped": {"data": "number", "help": "", "order": 60, "required": "no"}, "danglingEndPer": {"data": "float", "help": "", "order": 67, "required": "no"}, "mapScratchSize": {"data": "text", "help": "", "order": 11, "required": "no"}, "side1UniqueMap": {"data": "number", "help": "", "order": 46, "required": "no"}, "side2UniqueMap": {"data": "number", "help": "", "order": 53, "required": "no"}, "singleSidedPer": {"data": "float", "help": "", "order": 59, "required": "no"}, "totalMolecules": {"data": "number", "help": "", "order": 82, "required": "no"}, "computeResource": {"data": "text", "help": "", "order": 6, "required": "no"}, "mapMemoryNeeded": {"data": "text", "help": "", "order": 14, "required": "no"}, "reduceResources": {"data": "text", "help": "", "order": 7, "required": "no"}, "restrictionSite": {"data": "text", "help": "", "order": 32, "required": "no"}, "sameFragmentPer": {"data": "float", "help": "", "order": 63, "required": "no"}, "side1TotalReads": {"data": "number", "help": "", "order": 41, "required": "no"}, "side2TotalReads": {"data": "number", "help": "", "order": 48, "required": "no"}, "validPairRedPer": {"data": "float", "help": "", "order": 81, "required": "no"}, "alignmentOptions": {"data": "text", "help": "", "order": 28, "required": "no"}, "iterativeMapping": {"data": "text", "help": "", "order": 37, "required": "no"}, "percentRedundant": {"data": "float", "help": "", "order": 88, "required": "no"}, "reduceScratchDir": {"data": "text", "help": "", "order": 9, "required": "no"}, "side1MultiMapPer": {"data": "float", "help": "", "order": 45, "required": "no"}, "side2MultiMapPer": {"data": "float", "help": "", "order": 52, "required": "no"}, "bothSideMappedPer": {"data": "float", "help": "", "order": 61, "required": "no"}, "side1UniqueMapPer": {"data": "float", "help": "", "order": 47, "required": "no"}, "side2UniqueMapPer": {"data": "float", "help": "", "order": 54, "required": "no"}, "splitSizeMegabyte": {"data": "text", "help": "", "order": 25, "required": "no"}, "totalMoleculesPer": {"data": "float", "help": "", "order": 83, "required": "no"}, "reduceMemoryNeeded": {"data": "text", "help": "", "order": 13, "required": "no"}, "iterativeMappingEnd": {"data": "number", "help": "", "order": 39, "required": "no"}, "iterativeMappingStep": {"data": "number", "help": "", "order": 40, "required": "no"}, "alignmentSoftwarePath": {"data": "text", "help": "", "order": 27, "required": "no"}, "iterativeMappingStart": {"data": "number", "help": "", "order": 38, "required": "no"}, "redundantInteractions": {"data": "number", "help": "", "order": 84, "required": "no"}, "side1AlignmentOptions": {"data": "text", "help": "", "order": 29, "required": "no"}, "side2AlignmentOptions": {"data": "text", "help": "", "order": 30, "required": "no"}, "restrictionFragmentFile": {"data": "text", "help": "", "order": 33, "required": "no"}, "nonRedundantInteractions": {"data": "number", "help": "", "order": 86, "required": "no"}, "redundantInteractionsPer": {"data": "float", "help": "", "order": 85, "required": "no"}, "nonRedundantInteractionsPer": {"data": "float", "help": "", "order": 87, "required": "no"}}	
1	5C Analysis	Analysis	{"UUID": {"data": "number", "help": "", "order": 4, "required": "no"}, "nCPU": {"data": "number", "help": "", "order": 12, "required": "no"}, "time": {"data": "text", "help": "", "order": 1, "required": "no"}, "cType": {"data": "text", "help": "", "order": 2, "required": "no"}, "fHomo": {"data": "number", "help": "", "order": 52, "required": "no"}, "rHomo": {"data": "number", "help": "", "order": 54, "required": "no"}, "same1": {"data": "number", "help": "", "order": 56, "required": "no"}, "same2": {"data": "number", "help": "", "order": 57, "required": "no"}, "same3": {"data": "number", "help": "", "order": 58, "required": "no"}, "same4": {"data": "number", "help": "", "order": 59, "required": "no"}, "enzyme": {"data": "text", "help": "", "order": 31, "required": "no"}, "genome": {"data": "text", "help": "", "order": 34, "required": "no"}, "aligner": {"data": "text", "help": "", "order": 26, "required": "no"}, "jobName": {"data": "text", "help": "", "order": 15, "required": "no"}, "laneNum": {"data": "number", "help": "", "order": 18, "required": "no"}, "cMapping": {"data": "text", "help": "", "order": 5, "required": "no"}, "fHomoPer": {"data": "float", "help": "", "order": 53, "required": "no"}, "flowCell": {"data": "text", "help": "", "order": 16, "required": "no"}, "laneName": {"data": "text", "help": "", "order": 17, "required": "no"}, "numReads": {"data": "number", "help": "", "order": 23, "required": "no"}, "rHomoPer": {"data": "float", "help": "", "order": 55, "required": "no"}, "side1File": {"data": "text", "help": "", "order": 19, "required": "no"}, "side2File": {"data": "text", "help": "", "order": 20, "required": "no"}, "splitSize": {"data": "number", "help": "", "order": 24, "required": "no"}, "different1": {"data": "number", "help": "", "order": 60, "required": "no"}, "different2": {"data": "number", "help": "", "order": 61, "required": "no"}, "different3": {"data": "number", "help": "", "order": 62, "required": "no"}, "different4": {"data": "number", "help": "", "order": 63, "required": "no"}, "errorPairs": {"data": "number", "help": "", "order": 48, "required": "no"}, "genomePath": {"data": "text", "help": "", "order": 35, "required": "no"}, "genomeSize": {"data": "text", "help": "", "order": 36, "required": "no"}, "qvEncoding": {"data": "text", "help": "", "order": 22, "required": "no"}, "readLength": {"data": "number", "help": "", "order": 21, "required": "no"}, "validPairs": {"data": "number", "help": "", "order": 50, "required": "no"}, "numRawReads": {"data": "text", "help": "", "order": 37, "required": "no"}, "side1Mapped": {"data": "number", "help": "", "order": 38, "required": "no"}, "side2Mapped": {"data": "number", "help": "", "order": 40, "required": "no"}, "invalidPairs": {"data": "number", "help": "", "order": 50, "required": "no"}, "logDirectory": {"data": "text", "help": "", "order": 3, "required": "no"}, "mapResources": {"data": "text", "help": "", "order": 8, "required": "no"}, "noSideMapped": {"data": "number", "help": "", "order": 42, "required": "no"}, "errorPairsPer": {"data": "float", "help": "", "order": 49, "required": "no"}, "mapScratchDir": {"data": "text", "help": "", "order": 10, "required": "no"}, "oneSideMapped": {"data": "number", "help": "", "order": 44, "required": "no"}, "validPairsPer": {"data": "float", "help": "", "order": 51, "required": "no"}, "bothSideMapped": {"data": "number", "help": "", "order": 46, "required": "no"}, "mapScratchSize": {"data": "text", "help": "", "order": 11, "required": "no"}, "side1MappedPer": {"data": "float", "help": "", "order": 39, "required": "no"}, "side2MappedPer": {"data": "float", "help": "", "order": 41, "required": "no"}, "computeResource": {"data": "text", "help": "", "order": 6, "required": "no"}, "invalidPairsPer": {"data": "float", "help": "", "order": 51, "required": "no"}, "mapMemoryNeeded": {"data": "text", "help": "", "order": 14, "required": "no"}, "noSideMappedPer": {"data": "float", "help": "", "order": 43, "required": "no"}, "reduceResources": {"data": "text", "help": "", "order": 7, "required": "no"}, "restrictionSite": {"data": "text", "help": "", "order": 32, "required": "no"}, "alignmentOptions": {"data": "text", "help": "", "order": 28, "required": "no"}, "oneSideMappedPer": {"data": "float", "help": "", "order": 45, "required": "no"}, "reduceScratchDir": {"data": "text", "help": "", "order": 9, "required": "no"}, "bothSideMappedPer": {"data": "float", "help": "", "order": 47, "required": "no"}, "splitSizeMegabyte": {"data": "text", "help": "", "order": 25, "required": "no"}, "reduceMemoryNeeded": {"data": "text", "help": "", "order": 13, "required": "no"}, "alignmentSoftwarePath": {"data": "text", "help": "", "order": 27, "required": "no"}, "side1AlignmentOptions": {"data": "text", "help": "", "order": 29, "required": "no"}, "side2AlignmentOptions": {"data": "text", "help": "", "order": 30, "required": "no"}, "restrictionFragmentFile": {"data": "text", "help": "", "order": 33, "required": "no"}}	
4	IndividualHuman	Individual	{"age": {"data": "number", "help": "The age of the individual when biological material was sampled.", "order": 3, "required": "no"}, "sex": {"data": "choices", "order": 8, "choices": {"1": "", "2": "male", "3": "female", "4": "unknown", "5": "mixed"}, "required": "no"}, "age_units": {"data": "choices", "order": 4, "choices": {"1": "", "2": "day", "3": "week", "4": "month", "5": "year"}, "required": "no"}, "ethnicity": {"data": "text", "order": 5, "required": "no"}, "life_stage": {"data": "choices", "order": 7, "choices": {"1": "", "2": "fetal", "3": "newborn", "4": "child", "5": "adult", "6": "unknown", "7": "embryonic", "8": "postnatal"}, "required": "no"}, "health_status": {"data": "text", "help": "The age of the individual when biological material was sampled.", "order": 6, "required": "no"}}	
3	IndividualMouse	Individual	{"age": {"data": "number", "help": "The age of the individual when biological material was sampled.", "order": 3, "required": "no"}, "sex": {"data": "choices", "order": 7, "choices": {"1": "", "2": "male", "3": "female", "4": "unknown", "5": "mixed"}, "required": "no"}, "age_units": {"data": "choices", "order": 4, "choices": {"1": "", "2": "day", "3": "week", "4": "month", "5": "year"}, "required": "no"}, "mouse_strain": {"data": "text", "help": "Can be an object of straing with dbxref for strain", "order": 6, "required": "no"}, "mouse_life_stage": {"data": "choices", "order": 5, "choices": {"1": "", "2": "pup", "3": "fetus", "4": "adult"}, "required": "no"}}	
7	CaptureC Exp Protocol	Experiment	{"dbxrefs": {"data": "text", "help": "Unique identifiers from external resources.", "order": 38, "required": "no"}, "ligation_time": {"data": "float", "help": "Time of ligation step in minutes", "order": 28, "required": "no"}, "digestion_time": {"data": "float", "help": "Time of digestion step in minutes", "order": 18, "required": "no"}, "tagging_method": {"data": "text", "help": "Information on the biotinylated base used or other tagging info", "order": 32, "required": "no"}, "experiment_type": {"data": "choices", "help": "A controlled term specifying the type of experiment.", "order": 9, "choices": {"1": "", "2": "in situ Hi-C", "3": "dilution Hi-C", "4": "micro-C", "5": "DNase Hi-C"}, "required": "yes"}, "ligation_volume": {"data": "float", "help": "Volume of ligation step in milliliters", "order": 29, "required": "no"}, "crosslinking_time": {"data": "float", "help": "Time of crosslinking step in minutes", "order": 15, "required": "no"}, "enzyme_lot_number": {"data": "text", "help": "Lot number of batch of enzyme used to digest DNA", "order": 19, "required": "no"}, "crosslinking_method": {"data": "choices", "help": "Term used for the method for crosslinking chromatin", "order": 13, "choices": {"1": "", "2": "none", "3": "1% Formaldehyde", "4": "1.3% Formaldehyde"}, "required": "no"}, "fragment_size_range": {"data": "text", "help": "The measured size range of the purified nucleic acid, in bp.", "order": 23, "required": "no"}, "fragmentation_method": {"data": "choices", "help": "A short description or reference of the nucleic acid fragmentation protocol used in library preparation, if applicable.", "order": 25, "choices": {"1": "", "2": "chemical", "3": "shearing", "4": "sonication", "5": "see protocol document", "6": "none", "7": "n/a"}, "required": "no"}, "ligation_temperature": {"data": "float", "help": "Temperature of ligation step in degrees Celsius", "order": 27, "required": "no"}, "average_fragment_size": {"data": "number", "help": "Size of average fragment in base pairs after fragmentation step", "order": 22, "required": "no"}, "digestion_temperature": {"data": "float", "help": "Temperature of digestion step in degrees Celsius", "order": 17, "required": "no"}, "crosslinking_temperature": {"data": "float", "help": "Temperature of crosslinking step in degrees Celsius", "order": 14, "required": "no"}, "library_preparation_date": {"Date": "YYYY-MM-DD", "data": "date", "help": "The date that the library was prepared - submitted", "order": 26, "required": "no"}, "fragment_size_selection_method": {"data": "choices", "help": "A short description or reference of the size selection protocol used in library preparation, if applicable.", "order": 24, "choices": {"1": "", "2": "gel", "3": "see document", "4": "SPRI beads"}, "required": "no"}}	
5	BiosampleCellCulture	Biosample	{"dbxrefs": {"data": "text", "help": "Unique identifiers from external resources.", "order": 17, "required": "no"}, "karyotype": {"data": "text", "help": "Chromosome count and any noted rearrangements or copy number variation", "order": 9, "required": "no"}, "follows_sop": {"data": "choices", "help": "Flag to indicate if the 4DN SOP for the specified cell line was followed - Yes or No", "order": 8, "choices": {"1": "", "2": "Yes", "3": "No"}, "required": "no"}, "passage_number": {"data": "number", "help": "Number of passages of the cell culture", "order": 12, "required": "no"}, "culture_duration": {"data": "float", "help": "Time cells in culture since first thaw", "order": 4, "required": "no"}, "culture_start_date": {"data": "date", "help": "The date the culture was started.", "order": 3, "required": "yes"}, "culture_harvest_date": {"data": "date", "help": "The date the culture was harvested (YYYY-MM-DD or YYYY-MM-DDTHH:MM:SSTZD).", "order": 6, "required": "no"}, "differentiation_state": {"data": "text", "help": "Description of markers used to determine the differentiation state of embryonic stem cells.", "order": 7, "required": "no"}, "synchronization_stage": {"data": "text", "help": "Cell cycle stage at which culture is synchronized", "order": 16, "required": "no"}, "culture_duration_units": {"data": "choices", "order": 5, "choices": {"1": "", "2": "minutes", "3": "hours", "4": "days", "5": "weeks", "6": "months", "7": "years"}, "required": "no"}}	
6	Hi-C Exp Protocol	Experiment	{"dbxrefs": {"data": "text", "help": "Unique identifiers from external resources.", "order": 38, "required": "no"}, "follows_sop": {"data": "choices", "help": "Flag to indicate if the 4DN SOP for the specified cell line was followed - Yes or No", "order": 20, "choices": {"1": "", "2": "Yes", "3": "No"}, "required": "no"}, "ligation_time": {"data": "float", "help": "Time of ligation step in minutes", "order": 28, "required": "no"}, "biotin_removed": {"data": "choices", "help": "The optional biotin removal step was performed", "order": 12, "choices": {"1": "", "2": "Yes", "3": "No"}, "required": "no"}, "digestion_time": {"data": "float", "help": "Time of digestion step in minutes", "order": 18, "required": "no"}, "tagging_method": {"data": "text", "help": "Information on the biotinylated base used or other tagging info", "order": 32, "required": "no"}, "experiment_type": {"data": "choices", "help": "A controlled term specifying the type of experiment.", "order": 9, "choices": {"1": "", "2": "in situ Hi-C", "3": "dilution Hi-C", "4": "micro-C", "5": "DNase Hi-C"}, "required": "yes"}, "ligation_volume": {"data": "float", "help": "Volume of ligation step in milliliters", "order": 29, "required": "no"}, "crosslinking_time": {"data": "float", "help": "Time of crosslinking step in minutes", "order": 15, "required": "no"}, "enzyme_lot_number": {"data": "text", "help": "Lot number of batch of enzyme used to digest DNA", "order": 19, "required": "no"}, "crosslinking_method": {"data": "choices", "help": "Term used for the method for crosslinking chromatin", "order": 13, "choices": {"1": "", "2": "none", "3": "1% Formaldehyde", "4": "1.3% Formaldehyde"}, "required": "no"}, "fragment_size_range": {"data": "text", "help": "The measured size range of the purified nucleic acid, in bp.", "order": 23, "required": "no"}, "fragmentation_method": {"data": "choices", "help": "A short description or reference of the nucleic acid fragmentation protocol used in library preparation, if applicable.", "order": 25, "choices": {"1": "", "2": "chemical", "3": "shearing", "4": "sonication", "5": "see protocol document", "6": "none", "7": "n/a"}, "required": "no"}, "ligation_temperature": {"data": "float", "help": "Temperature of ligation step in degrees Celsius", "order": 27, "required": "no"}, "average_fragment_size": {"data": "number", "help": "Size of average fragment in base pairs after fragmentation step", "order": 22, "required": "no"}, "digestion_temperature": {"data": "float", "help": "Temperature of digestion step in degrees Celsius", "order": 17, "required": "no"}, "crosslinking_temperature": {"data": "float", "help": "Temperature of crosslinking step in degrees Celsius", "order": 14, "required": "no"}, "library_preparation_date": {"Date": "YYYY-MM-DD", "data": "date", "help": "The date that the library was prepared - submitted", "order": 26, "required": "no"}, "fragment_size_selection_method": {"data": "choices", "help": "A short description or reference of the size selection protocol used in library preparation, if applicable.", "order": 24, "choices": {"1": "", "2": "gel", "3": "see document", "4": "SPRI beads"}, "required": "no"}}	
\.


--
-- Name: organization_jsonobjfield_id_seq; Type: SEQUENCE SET; Schema: public; Owner: dekker_lab
--

SELECT pg_catalog.setval('organization_jsonobjfield_id_seq', 7, true);


--
-- Data for Name: organization_project; Type: TABLE DATA; Schema: public; Owner: dekker_lab
--

COPY organization_project (id, project_name, project_notes, project_active, project_owner_id, dcic_alias) FROM stdin;
\.


--
-- Name: organization_project_id_seq; Type: SEQUENCE SET; Schema: public; Owner: dekker_lab
--

SELECT pg_catalog.setval('organization_project_id_seq', 6, true);


--
-- Data for Name: organization_project_project_contributor; Type: TABLE DATA; Schema: public; Owner: dekker_lab
--

COPY organization_project_project_contributor (id, project_id, user_id) FROM stdin;
\.


--
-- Name: organization_project_project_contributor_id_seq; Type: SEQUENCE SET; Schema: public; Owner: dekker_lab
--

SELECT pg_catalog.setval('organization_project_project_contributor_id_seq', 1, true);


--
-- Data for Name: organization_publication; Type: TABLE DATA; Schema: public; Owner: dekker_lab
--

COPY organization_publication (id, publication_categories_id, publication_title, exp_sets_prod_in_pub_id, exp_sets_used_in_pub_id, publication_id, publication_published_by_id, attachment, dcic_alias, name) FROM stdin;
\.


--
-- Name: organization_publication_id_seq; Type: SEQUENCE SET; Schema: public; Owner: dekker_lab
--

SELECT pg_catalog.setval('organization_publication_id_seq', 8, true);


--
-- Data for Name: organization_tag; Type: TABLE DATA; Schema: public; Owner: dekker_lab
--

COPY organization_tag (id, tag_name, tag_user_id, project_id) FROM stdin;
\.


--
-- Name: organization_tag_id_seq; Type: SEQUENCE SET; Schema: public; Owner: dekker_lab
--

SELECT pg_catalog.setval('organization_tag_id_seq', 1, false);


--
-- Data for Name: organization_tag_tag_exp; Type: TABLE DATA; Schema: public; Owner: dekker_lab
--

COPY organization_tag_tag_exp (id, tag_id, experiment_id) FROM stdin;
\.


--
-- Name: organization_tag_tag_exp_id_seq; Type: SEQUENCE SET; Schema: public; Owner: dekker_lab
--

SELECT pg_catalog.setval('organization_tag_tag_exp_id_seq', 1, false);


--
-- Data for Name: wetLab_barcode; Type: TABLE DATA; Schema: public; Owner: dekker_lab
--

COPY "wetLab_barcode" (id, barcode_name, barcode_position, barcode_index_id) FROM stdin;
\.


--
-- Name: wetLab_barcode_id_seq; Type: SEQUENCE SET; Schema: public; Owner: dekker_lab
--

SELECT pg_catalog.setval('"wetLab_barcode_id_seq"', 3, true);


--
-- Data for Name: wetLab_biosample; Type: TABLE DATA; Schema: public; Owner: dekker_lab
--

COPY "wetLab_biosample" (id, biosample_fields, biosample_biosource_id, biosample_individual_id, protocol_id, biosample_type_id, biosample_name, "userOwner_id", dbxrefs, document_id, references_id, url, biosample_description, dcic_alias) FROM stdin;
\.


--
-- Data for Name: wetLab_biosample_biosample_OtherTreatment; Type: TABLE DATA; Schema: public; Owner: dekker_lab
--

COPY "wetLab_biosample_biosample_OtherTreatment" (id, biosample_id, othertreatment_id) FROM stdin;
\.


--
-- Name: wetLab_biosample_biosample_OtherTreatment_id_seq; Type: SEQUENCE SET; Schema: public; Owner: dekker_lab
--

SELECT pg_catalog.setval('"wetLab_biosample_biosample_OtherTreatment_id_seq"', 2, true);


--
-- Data for Name: wetLab_biosample_biosample_TreatmentChemical; Type: TABLE DATA; Schema: public; Owner: dekker_lab
--

COPY "wetLab_biosample_biosample_TreatmentChemical" (id, biosample_id, treatmentchemical_id) FROM stdin;
\.


--
-- Name: wetLab_biosample_biosample_TreatmentChemical_id_seq; Type: SEQUENCE SET; Schema: public; Owner: dekker_lab
--

SELECT pg_catalog.setval('"wetLab_biosample_biosample_TreatmentChemical_id_seq"', 6, true);


--
-- Data for Name: wetLab_biosample_biosample_TreatmentRnai; Type: TABLE DATA; Schema: public; Owner: dekker_lab
--

COPY "wetLab_biosample_biosample_TreatmentRnai" (id, biosample_id, treatmentrnai_id) FROM stdin;
\.


--
-- Name: wetLab_biosample_biosample_TreatmentRnai_id_seq; Type: SEQUENCE SET; Schema: public; Owner: dekker_lab
--

SELECT pg_catalog.setval('"wetLab_biosample_biosample_TreatmentRnai_id_seq"', 3, true);


--
-- Name: wetLab_biosample_biosample_imageObjects_id_seq; Type: SEQUENCE SET; Schema: public; Owner: dekker_lab
--

SELECT pg_catalog.setval('"wetLab_biosample_biosample_imageObjects_id_seq"', 6, true);


--
-- Name: wetLab_biosample_id_seq; Type: SEQUENCE SET; Schema: public; Owner: dekker_lab
--

SELECT pg_catalog.setval('"wetLab_biosample_id_seq"', 15, true);


--
-- Data for Name: wetLab_biosample_imageObjects; Type: TABLE DATA; Schema: public; Owner: dekker_lab
--

COPY "wetLab_biosample_imageObjects" (id, biosample_id, imageobjects_id) FROM stdin;
\.


--
-- Data for Name: wetLab_biosample_modifications; Type: TABLE DATA; Schema: public; Owner: dekker_lab
--

COPY "wetLab_biosample_modifications" (id, biosample_id, modification_id) FROM stdin;
\.


--
-- Name: wetLab_biosample_modifications_id_seq; Type: SEQUENCE SET; Schema: public; Owner: dekker_lab
--

SELECT pg_catalog.setval('"wetLab_biosample_modifications_id_seq"', 5, true);


--
-- Data for Name: wetLab_biosource; Type: TABLE DATA; Schema: public; Owner: dekker_lab
--

COPY "wetLab_biosource" (id, biosource_tissue, biosource_individual_id, biosource_type_id, biosource_vendor_id, biosource_description, biosource_name, biosource_cell_line, biosource_cell_line_tier_id, dbxrefs, document_id, references_id, url, protocol_id, cell_line_termid, dcic_alias) FROM stdin;
\.


--
-- Name: wetLab_biosource_id_seq; Type: SEQUENCE SET; Schema: public; Owner: dekker_lab
--

SELECT pg_catalog.setval('"wetLab_biosource_id_seq"', 12, true);


--
-- Data for Name: wetLab_biosource_modifications; Type: TABLE DATA; Schema: public; Owner: dekker_lab
--

COPY "wetLab_biosource_modifications" (id, biosource_id, modification_id) FROM stdin;
\.


--
-- Name: wetLab_biosource_modifications_id_seq; Type: SEQUENCE SET; Schema: public; Owner: dekker_lab
--

SELECT pg_catalog.setval('"wetLab_biosource_modifications_id_seq"', 4, true);


--
-- Data for Name: wetLab_construct; Type: TABLE DATA; Schema: public; Owner: dekker_lab
--

COPY "wetLab_construct" (id, construct_name, construct_description, "construct_designed_to_Target", construct_insert_sequence, construct_tag, construct_vector_backbone, construct_type_id, construct_vendor_id, document_id, references_id, url, dcic_alias) FROM stdin;
\.


--
-- Name: wetLab_construct_id_seq; Type: SEQUENCE SET; Schema: public; Owner: dekker_lab
--

SELECT pg_catalog.setval('"wetLab_construct_id_seq"', 17, true);


--
-- Data for Name: wetLab_document; Type: TABLE DATA; Schema: public; Owner: dekker_lab
--

COPY "wetLab_document" (id, description, attachment, type_id, references_id, url, dcic_alias, name) FROM stdin;
\.


--
-- Name: wetLab_document_id_seq; Type: SEQUENCE SET; Schema: public; Owner: dekker_lab
--

SELECT pg_catalog.setval('"wetLab_document_id_seq"', 12, true);


--
-- Data for Name: wetLab_enzyme; Type: TABLE DATA; Schema: public; Owner: dekker_lab
--

COPY "wetLab_enzyme" (id, enzyme_name, "enzyme_recogSeq", "enzyme_siteLen", "enzyme_cutPos", enzyme_vendor_id, dbxrefs, document_id, enzyme_catalog_number, enzyme_description, references_id, url, dcic_alias) FROM stdin;
7	SgrAI	CRCCGGYG	8	2	3		\N	R0603		\N	https://www.neb.com/products/r0603-sgrai	e2
5	NotI	GCGGCCCG	8	2	3		\N	R3189		\N	https://www.neb.com/products/r3189-noti-hf	e4
8	SgrDI	CGTCGACG	8	2	2		\N	ER2031		\N	https://www.thermofisher.com/order/catalog/product/ER2031	e1
6	PspXI	VCTCGAGB	8	2	3		\N	R0656		\N	https://www.neb.com/products/r0656-pspxi	e3
4	MflI	RGATCY	6	1	6		\N	1070A		\N	http://www.clontech.com/US/Products/Molecular_Biology_Tools/Restriction_Enzymes/Restriction_Enzymes_mn/MflI	e5
3	CviKI-1	RGCY	4	2	3		\N	1070A		\N	https://www.neb.com/products/r0710-cviki-1	e6
2	HindIII	AAGCTT	6	1	3		\N	R0104		\N	https://www.neb.com/products/r0104-hindiii	e7
1	DpnII	GATC	4	0	3		\N	R0543		\N	https://www.neb.com/products/r0543-dpnii	e8
\.


--
-- Name: wetLab_enzyme_id_seq; Type: SEQUENCE SET; Schema: public; Owner: dekker_lab
--

SELECT pg_catalog.setval('"wetLab_enzyme_id_seq"', 8, true);


--
-- Data for Name: wetLab_genomicregions; Type: TABLE DATA; Schema: public; Owner: dekker_lab
--

COPY "wetLab_genomicregions" (id, "genomicRegions_start_coordinate", "genomicRegions_end_coordinate", "genomicRegions_location_description", "genomicRegions_start_location", "genomicRegions_end_location", "genomicRegions_chromosome_id", "genomicRegions_genome_assembly_id", dcic_alias, name) FROM stdin;
\.


--
-- Name: wetLab_genomicregions_id_seq; Type: SEQUENCE SET; Schema: public; Owner: dekker_lab
--

SELECT pg_catalog.setval('"wetLab_genomicregions_id_seq"', 12, true);


--
-- Data for Name: wetLab_individual; Type: TABLE DATA; Schema: public; Owner: dekker_lab
--

COPY "wetLab_individual" (id, individual_fields, individual_type_id, individual_name, individual_vendor_id, dbxrefs, document_id, references_id, url, "userOwner_id", dcic_alias) FROM stdin;
\.


--
-- Name: wetLab_individual_id_seq; Type: SEQUENCE SET; Schema: public; Owner: dekker_lab
--

SELECT pg_catalog.setval('"wetLab_individual_id_seq"', 16, true);


--
-- Data for Name: wetLab_modification; Type: TABLE DATA; Schema: public; Owner: dekker_lab
--

COPY "wetLab_modification" (id, modification_type_id, modification_description, modification_name, "userOwner_id", dbxrefs, document_id, "modification_gRNA", modification_vendor_id, references_id, url, constructs_id, "modification_genomicRegions_id", target_id, dcic_alias) FROM stdin;
\.


--
-- Name: wetLab_modification_id_seq; Type: SEQUENCE SET; Schema: public; Owner: dekker_lab
--

SELECT pg_catalog.setval('"wetLab_modification_id_seq"', 13, true);


--
-- Data for Name: wetLab_othertreatment; Type: TABLE DATA; Schema: public; Owner: dekker_lab
--

COPY "wetLab_othertreatment" (id, url, dbxrefs, name, description, document_id, references_id, "userOwner_id") FROM stdin;
\.


--
-- Name: wetLab_othertreatment_id_seq; Type: SEQUENCE SET; Schema: public; Owner: dekker_lab
--

SELECT pg_catalog.setval('"wetLab_othertreatment_id_seq"', 1, true);


--
-- Data for Name: wetLab_protocol; Type: TABLE DATA; Schema: public; Owner: dekker_lab
--

COPY "wetLab_protocol" (id, description, name, "userOwner_id", enzyme_id, dcic_alias, attachment) FROM stdin;
\.


--
-- Name: wetLab_protocol_id_seq; Type: SEQUENCE SET; Schema: public; Owner: dekker_lab
--

SELECT pg_catalog.setval('"wetLab_protocol_id_seq"', 9, true);


--
-- Data for Name: wetLab_target; Type: TABLE DATA; Schema: public; Owner: dekker_lab
--

COPY "wetLab_target" (id, targeted_genes, dbxrefs, document_id, references_id, targeted_region_id, url, target_description, dcic_alias, name) FROM stdin;
\.


--
-- Name: wetLab_target_id_seq; Type: SEQUENCE SET; Schema: public; Owner: dekker_lab
--

SELECT pg_catalog.setval('"wetLab_target_id_seq"', 13, true);


--
-- Data for Name: wetLab_treatmentchemical; Type: TABLE DATA; Schema: public; Owner: dekker_lab
--

COPY "wetLab_treatmentchemical" (id, url, dbxrefs, "treatmentChemical_name", "treatmentChemical_chemical", "treatmentChemical_concentration", "treatmentChemical_duration", "treatmentChemical_temperature", "treatmentChemical_description", document_id, references_id, "treatmentChemical_concentration_units_id", "treatmentChemical_duration_units_id", "userOwner_id", dcic_alias) FROM stdin;
\.


--
-- Name: wetLab_treatmentchemical_id_seq; Type: SEQUENCE SET; Schema: public; Owner: dekker_lab
--

SELECT pg_catalog.setval('"wetLab_treatmentchemical_id_seq"', 3, true);


--
-- Data for Name: wetLab_treatmentrnai; Type: TABLE DATA; Schema: public; Owner: dekker_lab
--

COPY "wetLab_treatmentrnai" (id, url, dbxrefs, "treatmentRnai_name", "treatmentRnai_nucleotide_seq", "treatmentRnai_description", document_id, references_id, "treatmentRnai_type_id", "treatmentRnai_vendor_id", "userOwner_id", constructs_id, dcic_alias, "treatmentRnai_target_id") FROM stdin;
\.


--
-- Name: wetLab_treatmentrnai_id_seq; Type: SEQUENCE SET; Schema: public; Owner: dekker_lab
--

SELECT pg_catalog.setval('"wetLab_treatmentrnai_id_seq"', 2, true);


--
-- Data for Name: wetLab_vendor; Type: TABLE DATA; Schema: public; Owner: dekker_lab
--

COPY "wetLab_vendor" (id, vendor_title, vendor_description, vendor_url, dcic_alias) FROM stdin;
7	ATCC	ATCC	https://www.atcc.org/	dcic:atcc
6	clontech	Clontech Laboratories Inc	https://www.clontech.com/	c1
4	Benanti Lab	Benanti Lab	https://profiles.umassmed.edu/display/130157	benlab
3	New England Biolabs	New England Biolabs	https://www.neb.com	dcic:neb
2	ThermoFisher Scientific	ThermoFisher Scientific	https://www.thermofisher.com/us/en/home/brands/thermo-scientific.html#/legacy=www.fermentas.com	dcic:tfs
1	Dekker Lab	Dekker Lab	http://jobdekkerlab.umassmed.edu/	dekker-lab
\.


--
-- Name: wetLab_vendor_id_seq; Type: SEQUENCE SET; Schema: public; Owner: dekker_lab
--

SELECT pg_catalog.setval('"wetLab_vendor_id_seq"', 7, true);


--
-- Name: auth_group_name_key; Type: CONSTRAINT; Schema: public; Owner: dekker_lab
--

ALTER TABLE ONLY auth_group
    ADD CONSTRAINT auth_group_name_key UNIQUE (name);


--
-- Name: auth_group_permissions_group_id_0cd325b0_uniq; Type: CONSTRAINT; Schema: public; Owner: dekker_lab
--

ALTER TABLE ONLY auth_group_permissions
    ADD CONSTRAINT auth_group_permissions_group_id_0cd325b0_uniq UNIQUE (group_id, permission_id);


--
-- Name: auth_group_permissions_pkey; Type: CONSTRAINT; Schema: public; Owner: dekker_lab
--

ALTER TABLE ONLY auth_group_permissions
    ADD CONSTRAINT auth_group_permissions_pkey PRIMARY KEY (id);


--
-- Name: auth_group_pkey; Type: CONSTRAINT; Schema: public; Owner: dekker_lab
--

ALTER TABLE ONLY auth_group
    ADD CONSTRAINT auth_group_pkey PRIMARY KEY (id);


--
-- Name: auth_permission_content_type_id_01ab375a_uniq; Type: CONSTRAINT; Schema: public; Owner: dekker_lab
--

ALTER TABLE ONLY auth_permission
    ADD CONSTRAINT auth_permission_content_type_id_01ab375a_uniq UNIQUE (content_type_id, codename);


--
-- Name: auth_permission_pkey; Type: CONSTRAINT; Schema: public; Owner: dekker_lab
--

ALTER TABLE ONLY auth_permission
    ADD CONSTRAINT auth_permission_pkey PRIMARY KEY (id);


--
-- Name: auth_user_groups_pkey; Type: CONSTRAINT; Schema: public; Owner: dekker_lab
--

ALTER TABLE ONLY auth_user_groups
    ADD CONSTRAINT auth_user_groups_pkey PRIMARY KEY (id);


--
-- Name: auth_user_groups_user_id_94350c0c_uniq; Type: CONSTRAINT; Schema: public; Owner: dekker_lab
--

ALTER TABLE ONLY auth_user_groups
    ADD CONSTRAINT auth_user_groups_user_id_94350c0c_uniq UNIQUE (user_id, group_id);


--
-- Name: auth_user_pkey; Type: CONSTRAINT; Schema: public; Owner: dekker_lab
--

ALTER TABLE ONLY auth_user
    ADD CONSTRAINT auth_user_pkey PRIMARY KEY (id);


--
-- Name: auth_user_user_permissions_pkey; Type: CONSTRAINT; Schema: public; Owner: dekker_lab
--

ALTER TABLE ONLY auth_user_user_permissions
    ADD CONSTRAINT auth_user_user_permissions_pkey PRIMARY KEY (id);


--
-- Name: auth_user_user_permissions_user_id_14a6b632_uniq; Type: CONSTRAINT; Schema: public; Owner: dekker_lab
--

ALTER TABLE ONLY auth_user_user_permissions
    ADD CONSTRAINT auth_user_user_permissions_user_id_14a6b632_uniq UNIQUE (user_id, permission_id);


--
-- Name: auth_user_username_key; Type: CONSTRAINT; Schema: public; Owner: dekker_lab
--

ALTER TABLE ONLY auth_user
    ADD CONSTRAINT auth_user_username_key UNIQUE (username);


--
-- Name: django_admin_log_pkey; Type: CONSTRAINT; Schema: public; Owner: dekker_lab
--

ALTER TABLE ONLY django_admin_log
    ADD CONSTRAINT django_admin_log_pkey PRIMARY KEY (id);


--
-- Name: django_content_type_app_label_76bd3d3b_uniq; Type: CONSTRAINT; Schema: public; Owner: dekker_lab
--

ALTER TABLE ONLY django_content_type
    ADD CONSTRAINT django_content_type_app_label_76bd3d3b_uniq UNIQUE (app_label, model);


--
-- Name: django_content_type_pkey; Type: CONSTRAINT; Schema: public; Owner: dekker_lab
--

ALTER TABLE ONLY django_content_type
    ADD CONSTRAINT django_content_type_pkey PRIMARY KEY (id);


--
-- Name: django_migrations_pkey; Type: CONSTRAINT; Schema: public; Owner: dekker_lab
--

ALTER TABLE ONLY django_migrations
    ADD CONSTRAINT django_migrations_pkey PRIMARY KEY (id);


--
-- Name: django_session_pkey; Type: CONSTRAINT; Schema: public; Owner: dekker_lab
--

ALTER TABLE ONLY django_session
    ADD CONSTRAINT django_session_pkey PRIMARY KEY (session_key);


--
-- Name: dryLab_analysis_analysis_file_analysis_id_f2c4f095_uniq; Type: CONSTRAINT; Schema: public; Owner: dekker_lab
--

ALTER TABLE ONLY "dryLab_analysis_analysis_file"
    ADD CONSTRAINT "dryLab_analysis_analysis_file_analysis_id_f2c4f095_uniq" UNIQUE (analysis_id, seqencingfile_id);


--
-- Name: dryLab_analysis_analysis_file_pkey; Type: CONSTRAINT; Schema: public; Owner: dekker_lab
--

ALTER TABLE ONLY "dryLab_analysis_analysis_file"
    ADD CONSTRAINT "dryLab_analysis_analysis_file_pkey" PRIMARY KEY (id);


--
-- Name: dryLab_analysis_analysis_name_20dbf7ad_uniq; Type: CONSTRAINT; Schema: public; Owner: dekker_lab
--

ALTER TABLE ONLY "dryLab_analysis"
    ADD CONSTRAINT "dryLab_analysis_analysis_name_20dbf7ad_uniq" UNIQUE (analysis_name);


--
-- Name: dryLab_analysis_pkey; Type: CONSTRAINT; Schema: public; Owner: dekker_lab
--

ALTER TABLE ONLY "dryLab_analysis"
    ADD CONSTRAINT "dryLab_analysis_pkey" PRIMARY KEY (id);


--
-- Name: dryLab_fileset_fileSet_file_fileset_id_a6a82580_uniq; Type: CONSTRAINT; Schema: public; Owner: dekker_lab
--

ALTER TABLE ONLY "dryLab_fileset_fileSet_file"
    ADD CONSTRAINT "dryLab_fileset_fileSet_file_fileset_id_a6a82580_uniq" UNIQUE (fileset_id, seqencingfile_id);


--
-- Name: dryLab_fileset_fileSet_file_pkey; Type: CONSTRAINT; Schema: public; Owner: dekker_lab
--

ALTER TABLE ONLY "dryLab_fileset_fileSet_file"
    ADD CONSTRAINT "dryLab_fileset_fileSet_file_pkey" PRIMARY KEY (id);


--
-- Name: dryLab_fileset_fileSet_name_f3a5bda2_uniq; Type: CONSTRAINT; Schema: public; Owner: dekker_lab
--

ALTER TABLE ONLY "dryLab_fileset"
    ADD CONSTRAINT "dryLab_fileset_fileSet_name_f3a5bda2_uniq" UNIQUE ("fileSet_name");


--
-- Name: dryLab_fileset_pkey; Type: CONSTRAINT; Schema: public; Owner: dekker_lab
--

ALTER TABLE ONLY "dryLab_fileset"
    ADD CONSTRAINT "dryLab_fileset_pkey" PRIMARY KEY (id);


--
-- Name: dryLab_imageobjects_imageObjects_alias_19448543_uniq; Type: CONSTRAINT; Schema: public; Owner: dekker_lab
--

ALTER TABLE ONLY "dryLab_imageobjects"
    ADD CONSTRAINT "dryLab_imageobjects_imageObjects_alias_19448543_uniq" UNIQUE (dcic_alias);


--
-- Name: dryLab_imageobjects_imageObjects_name_b1000c8f_uniq; Type: CONSTRAINT; Schema: public; Owner: dekker_lab
--

ALTER TABLE ONLY "dryLab_imageobjects"
    ADD CONSTRAINT "dryLab_imageobjects_imageObjects_name_b1000c8f_uniq" UNIQUE ("imageObjects_name");


--
-- Name: dryLab_imageobjects_pkey; Type: CONSTRAINT; Schema: public; Owner: dekker_lab
--

ALTER TABLE ONLY "dryLab_imageobjects"
    ADD CONSTRAINT "dryLab_imageobjects_pkey" PRIMARY KEY (id);


--
-- Name: dryLab_images_pkey; Type: CONSTRAINT; Schema: public; Owner: dekker_lab
--

ALTER TABLE ONLY "dryLab_images"
    ADD CONSTRAINT "dryLab_images_pkey" PRIMARY KEY (id);


--
-- Name: dryLab_seqencingfile_dcic_alias_186d646d_uniq; Type: CONSTRAINT; Schema: public; Owner: dekker_lab
--

ALTER TABLE ONLY "dryLab_seqencingfile"
    ADD CONSTRAINT "dryLab_seqencingfile_dcic_alias_186d646d_uniq" UNIQUE (dcic_alias);


--
-- Name: dryLab_seqencingfile_pkey; Type: CONSTRAINT; Schema: public; Owner: dekker_lab
--

ALTER TABLE ONLY "dryLab_seqencingfile"
    ADD CONSTRAINT "dryLab_seqencingfile_pkey" PRIMARY KEY (id);


--
-- Name: dryLab_seqencingfile_sequencingFile_name_ec56c7d5_uniq; Type: CONSTRAINT; Schema: public; Owner: dekker_lab
--

ALTER TABLE ONLY "dryLab_seqencingfile"
    ADD CONSTRAINT "dryLab_seqencingfile_sequencingFile_name_ec56c7d5_uniq" UNIQUE ("sequencingFile_name");


--
-- Name: dryLab_sequencingrun_pkey; Type: CONSTRAINT; Schema: public; Owner: dekker_lab
--

ALTER TABLE ONLY "dryLab_sequencingrun"
    ADD CONSTRAINT "dryLab_sequencingrun_pkey" PRIMARY KEY (id);


--
-- Name: dryLab_sequencingrun_run_Experim_sequencingrun_id_91474261_uniq; Type: CONSTRAINT; Schema: public; Owner: dekker_lab
--

ALTER TABLE ONLY "dryLab_sequencingrun_run_Experiment"
    ADD CONSTRAINT "dryLab_sequencingrun_run_Experim_sequencingrun_id_91474261_uniq" UNIQUE (sequencingrun_id, experiment_id);


--
-- Name: dryLab_sequencingrun_run_Experiment_pkey; Type: CONSTRAINT; Schema: public; Owner: dekker_lab
--

ALTER TABLE ONLY "dryLab_sequencingrun_run_Experiment"
    ADD CONSTRAINT "dryLab_sequencingrun_run_Experiment_pkey" PRIMARY KEY (id);


--
-- Name: dryLab_sequencingrun_run_name_5d0c595d_uniq; Type: CONSTRAINT; Schema: public; Owner: dekker_lab
--

ALTER TABLE ONLY "dryLab_sequencingrun"
    ADD CONSTRAINT "dryLab_sequencingrun_run_name_5d0c595d_uniq" UNIQUE (run_name);


--
-- Name: organization_award_award_exp_award_id_7d78c58c_uniq; Type: CONSTRAINT; Schema: public; Owner: dekker_lab
--

ALTER TABLE ONLY organization_award_award_exp
    ADD CONSTRAINT organization_award_award_exp_award_id_7d78c58c_uniq UNIQUE (award_id, experiment_id);


--
-- Name: organization_award_award_exp_pkey; Type: CONSTRAINT; Schema: public; Owner: dekker_lab
--

ALTER TABLE ONLY organization_award_award_exp
    ADD CONSTRAINT organization_award_award_exp_pkey PRIMARY KEY (id);


--
-- Name: organization_award_award_project_award_id_dc12f0f9_uniq; Type: CONSTRAINT; Schema: public; Owner: dekker_lab
--

ALTER TABLE ONLY organization_award_award_project
    ADD CONSTRAINT organization_award_award_project_award_id_dc12f0f9_uniq UNIQUE (award_id, project_id);


--
-- Name: organization_award_award_project_pkey; Type: CONSTRAINT; Schema: public; Owner: dekker_lab
--

ALTER TABLE ONLY organization_award_award_project
    ADD CONSTRAINT organization_award_award_project_pkey PRIMARY KEY (id);


--
-- Name: organization_award_pkey; Type: CONSTRAINT; Schema: public; Owner: dekker_lab
--

ALTER TABLE ONLY organization_award
    ADD CONSTRAINT organization_award_pkey PRIMARY KEY (id);


--
-- Name: organization_choice_pkey; Type: CONSTRAINT; Schema: public; Owner: dekker_lab
--

ALTER TABLE ONLY organization_choice
    ADD CONSTRAINT organization_choice_pkey PRIMARY KEY (id);


--
-- Name: organization_experiment_dcic_alias_d0958347_uniq; Type: CONSTRAINT; Schema: public; Owner: dekker_lab
--

ALTER TABLE ONLY organization_experiment
    ADD CONSTRAINT organization_experiment_dcic_alias_d0958347_uniq UNIQUE (dcic_alias);


--
-- Name: organization_experiment_experiment__experiment_id_d7683daf_uniq; Type: CONSTRAINT; Schema: public; Owner: dekker_lab
--

ALTER TABLE ONLY "organization_experiment_imageObjects"
    ADD CONSTRAINT organization_experiment_experiment__experiment_id_d7683daf_uniq UNIQUE (experiment_id, imageobjects_id);


--
-- Name: organization_experiment_experiment_imageObjects_pkey; Type: CONSTRAINT; Schema: public; Owner: dekker_lab
--

ALTER TABLE ONLY "organization_experiment_imageObjects"
    ADD CONSTRAINT "organization_experiment_experiment_imageObjects_pkey" PRIMARY KEY (id);


--
-- Name: organization_experiment_experiment_name_d2e0a984_uniq; Type: CONSTRAINT; Schema: public; Owner: dekker_lab
--

ALTER TABLE ONLY organization_experiment
    ADD CONSTRAINT organization_experiment_experiment_name_d2e0a984_uniq UNIQUE (experiment_name);


--
-- Name: organization_experiment_pkey; Type: CONSTRAINT; Schema: public; Owner: dekker_lab
--

ALTER TABLE ONLY organization_experiment
    ADD CONSTRAINT organization_experiment_pkey PRIMARY KEY (id);


--
-- Name: organization_experimentset_dcic_alias_cb7699b4_uniq; Type: CONSTRAINT; Schema: public; Owner: dekker_lab
--

ALTER TABLE ONLY organization_experimentset
    ADD CONSTRAINT organization_experimentset_dcic_alias_cb7699b4_uniq UNIQUE (dcic_alias);


--
-- Name: organization_experimentset_exper_experimentset_id_93ae7859_uniq; Type: CONSTRAINT; Schema: public; Owner: dekker_lab
--

ALTER TABLE ONLY "organization_experimentset_experimentSet_exp"
    ADD CONSTRAINT organization_experimentset_exper_experimentset_id_93ae7859_uniq UNIQUE (experimentset_id, experiment_id);


--
-- Name: organization_experimentset_experimentSet_exp_pkey; Type: CONSTRAINT; Schema: public; Owner: dekker_lab
--

ALTER TABLE ONLY "organization_experimentset_experimentSet_exp"
    ADD CONSTRAINT "organization_experimentset_experimentSet_exp_pkey" PRIMARY KEY (id);


--
-- Name: organization_experimentset_experimentSet_name_7acc1e2e_uniq; Type: CONSTRAINT; Schema: public; Owner: dekker_lab
--

ALTER TABLE ONLY organization_experimentset
    ADD CONSTRAINT "organization_experimentset_experimentSet_name_7acc1e2e_uniq" UNIQUE ("experimentSet_name");


--
-- Name: organization_experimentset_pkey; Type: CONSTRAINT; Schema: public; Owner: dekker_lab
--

ALTER TABLE ONLY organization_experimentset
    ADD CONSTRAINT organization_experimentset_pkey PRIMARY KEY (id);


--
-- Name: organization_jsonobjfield_pkey; Type: CONSTRAINT; Schema: public; Owner: dekker_lab
--

ALTER TABLE ONLY organization_jsonobjfield
    ADD CONSTRAINT organization_jsonobjfield_pkey PRIMARY KEY (id);


--
-- Name: organization_project_dcic_alias_91aca778_uniq; Type: CONSTRAINT; Schema: public; Owner: dekker_lab
--

ALTER TABLE ONLY organization_project
    ADD CONSTRAINT organization_project_dcic_alias_91aca778_uniq UNIQUE (dcic_alias);


--
-- Name: organization_project_pkey; Type: CONSTRAINT; Schema: public; Owner: dekker_lab
--

ALTER TABLE ONLY organization_project
    ADD CONSTRAINT organization_project_pkey PRIMARY KEY (id);


--
-- Name: organization_project_project_contribut_project_id_b81dcc4d_uniq; Type: CONSTRAINT; Schema: public; Owner: dekker_lab
--

ALTER TABLE ONLY organization_project_project_contributor
    ADD CONSTRAINT organization_project_project_contribut_project_id_b81dcc4d_uniq UNIQUE (project_id, user_id);


--
-- Name: organization_project_project_contributor_pkey; Type: CONSTRAINT; Schema: public; Owner: dekker_lab
--

ALTER TABLE ONLY organization_project_project_contributor
    ADD CONSTRAINT organization_project_project_contributor_pkey PRIMARY KEY (id);


--
-- Name: organization_project_project_name_key; Type: CONSTRAINT; Schema: public; Owner: dekker_lab
--

ALTER TABLE ONLY organization_project
    ADD CONSTRAINT organization_project_project_name_key UNIQUE (project_name);


--
-- Name: organization_publication_dcic_alias_70e8cf63_uniq; Type: CONSTRAINT; Schema: public; Owner: dekker_lab
--

ALTER TABLE ONLY organization_publication
    ADD CONSTRAINT organization_publication_dcic_alias_70e8cf63_uniq UNIQUE (dcic_alias);


--
-- Name: organization_publication_name_53d815d2_uniq; Type: CONSTRAINT; Schema: public; Owner: dekker_lab
--

ALTER TABLE ONLY organization_publication
    ADD CONSTRAINT organization_publication_name_53d815d2_uniq UNIQUE (name);


--
-- Name: organization_publication_pkey; Type: CONSTRAINT; Schema: public; Owner: dekker_lab
--

ALTER TABLE ONLY organization_publication
    ADD CONSTRAINT organization_publication_pkey PRIMARY KEY (id);


--
-- Name: organization_tag_pkey; Type: CONSTRAINT; Schema: public; Owner: dekker_lab
--

ALTER TABLE ONLY organization_tag
    ADD CONSTRAINT organization_tag_pkey PRIMARY KEY (id);


--
-- Name: organization_tag_tag_exp_pkey; Type: CONSTRAINT; Schema: public; Owner: dekker_lab
--

ALTER TABLE ONLY organization_tag_tag_exp
    ADD CONSTRAINT organization_tag_tag_exp_pkey PRIMARY KEY (id);


--
-- Name: organization_tag_tag_exp_tag_id_ed19486c_uniq; Type: CONSTRAINT; Schema: public; Owner: dekker_lab
--

ALTER TABLE ONLY organization_tag_tag_exp
    ADD CONSTRAINT organization_tag_tag_exp_tag_id_ed19486c_uniq UNIQUE (tag_id, experiment_id);


--
-- Name: organization_tag_tag_name_36d689a9_uniq; Type: CONSTRAINT; Schema: public; Owner: dekker_lab
--

ALTER TABLE ONLY organization_tag
    ADD CONSTRAINT organization_tag_tag_name_36d689a9_uniq UNIQUE (tag_name);


--
-- Name: wetLab_barcode_pkey; Type: CONSTRAINT; Schema: public; Owner: dekker_lab
--

ALTER TABLE ONLY "wetLab_barcode"
    ADD CONSTRAINT "wetLab_barcode_pkey" PRIMARY KEY (id);


--
-- Name: wetLab_biosample_biosample_OtherTrea_biosample_id_4580a26a_uniq; Type: CONSTRAINT; Schema: public; Owner: dekker_lab
--

ALTER TABLE ONLY "wetLab_biosample_biosample_OtherTreatment"
    ADD CONSTRAINT "wetLab_biosample_biosample_OtherTrea_biosample_id_4580a26a_uniq" UNIQUE (biosample_id, othertreatment_id);


--
-- Name: wetLab_biosample_biosample_OtherTreatment_pkey; Type: CONSTRAINT; Schema: public; Owner: dekker_lab
--

ALTER TABLE ONLY "wetLab_biosample_biosample_OtherTreatment"
    ADD CONSTRAINT "wetLab_biosample_biosample_OtherTreatment_pkey" PRIMARY KEY (id);


--
-- Name: wetLab_biosample_biosample_TreatmentChemical_pkey; Type: CONSTRAINT; Schema: public; Owner: dekker_lab
--

ALTER TABLE ONLY "wetLab_biosample_biosample_TreatmentChemical"
    ADD CONSTRAINT "wetLab_biosample_biosample_TreatmentChemical_pkey" PRIMARY KEY (id);


--
-- Name: wetLab_biosample_biosample_TreatmentRnai_pkey; Type: CONSTRAINT; Schema: public; Owner: dekker_lab
--

ALTER TABLE ONLY "wetLab_biosample_biosample_TreatmentRnai"
    ADD CONSTRAINT "wetLab_biosample_biosample_TreatmentRnai_pkey" PRIMARY KEY (id);


--
-- Name: wetLab_biosample_biosample_Treatment_biosample_id_2f3ac2cf_uniq; Type: CONSTRAINT; Schema: public; Owner: dekker_lab
--

ALTER TABLE ONLY "wetLab_biosample_biosample_TreatmentRnai"
    ADD CONSTRAINT "wetLab_biosample_biosample_Treatment_biosample_id_2f3ac2cf_uniq" UNIQUE (biosample_id, treatmentrnai_id);


--
-- Name: wetLab_biosample_biosample_Treatment_biosample_id_9bbfdec5_uniq; Type: CONSTRAINT; Schema: public; Owner: dekker_lab
--

ALTER TABLE ONLY "wetLab_biosample_biosample_TreatmentChemical"
    ADD CONSTRAINT "wetLab_biosample_biosample_Treatment_biosample_id_9bbfdec5_uniq" UNIQUE (biosample_id, treatmentchemical_id);


--
-- Name: wetLab_biosample_biosample_alias_33b23e7f_uniq; Type: CONSTRAINT; Schema: public; Owner: dekker_lab
--

ALTER TABLE ONLY "wetLab_biosample"
    ADD CONSTRAINT "wetLab_biosample_biosample_alias_33b23e7f_uniq" UNIQUE (dcic_alias);


--
-- Name: wetLab_biosample_biosample_imageObje_biosample_id_5128a5a8_uniq; Type: CONSTRAINT; Schema: public; Owner: dekker_lab
--

ALTER TABLE ONLY "wetLab_biosample_imageObjects"
    ADD CONSTRAINT "wetLab_biosample_biosample_imageObje_biosample_id_5128a5a8_uniq" UNIQUE (biosample_id, imageobjects_id);


--
-- Name: wetLab_biosample_biosample_imageObjects_pkey; Type: CONSTRAINT; Schema: public; Owner: dekker_lab
--

ALTER TABLE ONLY "wetLab_biosample_imageObjects"
    ADD CONSTRAINT "wetLab_biosample_biosample_imageObjects_pkey" PRIMARY KEY (id);


--
-- Name: wetLab_biosample_biosample_name_318b27af_uniq; Type: CONSTRAINT; Schema: public; Owner: dekker_lab
--

ALTER TABLE ONLY "wetLab_biosample"
    ADD CONSTRAINT "wetLab_biosample_biosample_name_318b27af_uniq" UNIQUE (biosample_name);


--
-- Name: wetLab_biosample_modifications_biosample_id_c12f7dab_uniq; Type: CONSTRAINT; Schema: public; Owner: dekker_lab
--

ALTER TABLE ONLY "wetLab_biosample_modifications"
    ADD CONSTRAINT "wetLab_biosample_modifications_biosample_id_c12f7dab_uniq" UNIQUE (biosample_id, modification_id);


--
-- Name: wetLab_biosample_modifications_pkey; Type: CONSTRAINT; Schema: public; Owner: dekker_lab
--

ALTER TABLE ONLY "wetLab_biosample_modifications"
    ADD CONSTRAINT "wetLab_biosample_modifications_pkey" PRIMARY KEY (id);


--
-- Name: wetLab_biosample_pkey; Type: CONSTRAINT; Schema: public; Owner: dekker_lab
--

ALTER TABLE ONLY "wetLab_biosample"
    ADD CONSTRAINT "wetLab_biosample_pkey" PRIMARY KEY (id);


--
-- Name: wetLab_biosource_biosource_alias_11c58a18_uniq; Type: CONSTRAINT; Schema: public; Owner: dekker_lab
--

ALTER TABLE ONLY "wetLab_biosource"
    ADD CONSTRAINT "wetLab_biosource_biosource_alias_11c58a18_uniq" UNIQUE (dcic_alias);


--
-- Name: wetLab_biosource_biosource_name_59b36778_uniq; Type: CONSTRAINT; Schema: public; Owner: dekker_lab
--

ALTER TABLE ONLY "wetLab_biosource"
    ADD CONSTRAINT "wetLab_biosource_biosource_name_59b36778_uniq" UNIQUE (biosource_name);


--
-- Name: wetLab_biosource_modifications_biosource_id_1175d5a6_uniq; Type: CONSTRAINT; Schema: public; Owner: dekker_lab
--

ALTER TABLE ONLY "wetLab_biosource_modifications"
    ADD CONSTRAINT "wetLab_biosource_modifications_biosource_id_1175d5a6_uniq" UNIQUE (biosource_id, modification_id);


--
-- Name: wetLab_biosource_modifications_pkey; Type: CONSTRAINT; Schema: public; Owner: dekker_lab
--

ALTER TABLE ONLY "wetLab_biosource_modifications"
    ADD CONSTRAINT "wetLab_biosource_modifications_pkey" PRIMARY KEY (id);


--
-- Name: wetLab_biosource_pkey; Type: CONSTRAINT; Schema: public; Owner: dekker_lab
--

ALTER TABLE ONLY "wetLab_biosource"
    ADD CONSTRAINT "wetLab_biosource_pkey" PRIMARY KEY (id);


--
-- Name: wetLab_construct_construct_alias_e4990f52_uniq; Type: CONSTRAINT; Schema: public; Owner: dekker_lab
--

ALTER TABLE ONLY "wetLab_construct"
    ADD CONSTRAINT "wetLab_construct_construct_alias_e4990f52_uniq" UNIQUE (dcic_alias);


--
-- Name: wetLab_construct_construct_name_f3188688_uniq; Type: CONSTRAINT; Schema: public; Owner: dekker_lab
--

ALTER TABLE ONLY "wetLab_construct"
    ADD CONSTRAINT "wetLab_construct_construct_name_f3188688_uniq" UNIQUE (construct_name);


--
-- Name: wetLab_construct_pkey; Type: CONSTRAINT; Schema: public; Owner: dekker_lab
--

ALTER TABLE ONLY "wetLab_construct"
    ADD CONSTRAINT "wetLab_construct_pkey" PRIMARY KEY (id);


--
-- Name: wetLab_document_document_alias_17257f4e_uniq; Type: CONSTRAINT; Schema: public; Owner: dekker_lab
--

ALTER TABLE ONLY "wetLab_document"
    ADD CONSTRAINT "wetLab_document_document_alias_17257f4e_uniq" UNIQUE (dcic_alias);


--
-- Name: wetLab_document_name_edbbc282_uniq; Type: CONSTRAINT; Schema: public; Owner: dekker_lab
--

ALTER TABLE ONLY "wetLab_document"
    ADD CONSTRAINT "wetLab_document_name_edbbc282_uniq" UNIQUE (name);


--
-- Name: wetLab_document_pkey; Type: CONSTRAINT; Schema: public; Owner: dekker_lab
--

ALTER TABLE ONLY "wetLab_document"
    ADD CONSTRAINT "wetLab_document_pkey" PRIMARY KEY (id);


--
-- Name: wetLab_enzyme_enzyme_alias_9c2254fd_uniq; Type: CONSTRAINT; Schema: public; Owner: dekker_lab
--

ALTER TABLE ONLY "wetLab_enzyme"
    ADD CONSTRAINT "wetLab_enzyme_enzyme_alias_9c2254fd_uniq" UNIQUE (dcic_alias);


--
-- Name: wetLab_enzyme_enzyme_name_2ade73e7_uniq; Type: CONSTRAINT; Schema: public; Owner: dekker_lab
--

ALTER TABLE ONLY "wetLab_enzyme"
    ADD CONSTRAINT "wetLab_enzyme_enzyme_name_2ade73e7_uniq" UNIQUE (enzyme_name);


--
-- Name: wetLab_enzyme_pkey; Type: CONSTRAINT; Schema: public; Owner: dekker_lab
--

ALTER TABLE ONLY "wetLab_enzyme"
    ADD CONSTRAINT "wetLab_enzyme_pkey" PRIMARY KEY (id);


--
-- Name: wetLab_genomicregions_genomicRegions_alias_017e453e_uniq; Type: CONSTRAINT; Schema: public; Owner: dekker_lab
--

ALTER TABLE ONLY "wetLab_genomicregions"
    ADD CONSTRAINT "wetLab_genomicregions_genomicRegions_alias_017e453e_uniq" UNIQUE (dcic_alias);


--
-- Name: wetLab_genomicregions_name_0f48ac25_uniq; Type: CONSTRAINT; Schema: public; Owner: dekker_lab
--

ALTER TABLE ONLY "wetLab_genomicregions"
    ADD CONSTRAINT "wetLab_genomicregions_name_0f48ac25_uniq" UNIQUE (name);


--
-- Name: wetLab_genomicregions_pkey; Type: CONSTRAINT; Schema: public; Owner: dekker_lab
--

ALTER TABLE ONLY "wetLab_genomicregions"
    ADD CONSTRAINT "wetLab_genomicregions_pkey" PRIMARY KEY (id);


--
-- Name: wetLab_individual_individual_alias_b6b57cb8_uniq; Type: CONSTRAINT; Schema: public; Owner: dekker_lab
--

ALTER TABLE ONLY "wetLab_individual"
    ADD CONSTRAINT "wetLab_individual_individual_alias_b6b57cb8_uniq" UNIQUE (dcic_alias);


--
-- Name: wetLab_individual_individual_name_215ac6af_uniq; Type: CONSTRAINT; Schema: public; Owner: dekker_lab
--

ALTER TABLE ONLY "wetLab_individual"
    ADD CONSTRAINT "wetLab_individual_individual_name_215ac6af_uniq" UNIQUE (individual_name);


--
-- Name: wetLab_individual_pkey; Type: CONSTRAINT; Schema: public; Owner: dekker_lab
--

ALTER TABLE ONLY "wetLab_individual"
    ADD CONSTRAINT "wetLab_individual_pkey" PRIMARY KEY (id);


--
-- Name: wetLab_modification_modification_alias_05369271_uniq; Type: CONSTRAINT; Schema: public; Owner: dekker_lab
--

ALTER TABLE ONLY "wetLab_modification"
    ADD CONSTRAINT "wetLab_modification_modification_alias_05369271_uniq" UNIQUE (dcic_alias);


--
-- Name: wetLab_modification_modification_name_9f9e3ce4_uniq; Type: CONSTRAINT; Schema: public; Owner: dekker_lab
--

ALTER TABLE ONLY "wetLab_modification"
    ADD CONSTRAINT "wetLab_modification_modification_name_9f9e3ce4_uniq" UNIQUE (modification_name);


--
-- Name: wetLab_modification_pkey; Type: CONSTRAINT; Schema: public; Owner: dekker_lab
--

ALTER TABLE ONLY "wetLab_modification"
    ADD CONSTRAINT "wetLab_modification_pkey" PRIMARY KEY (id);


--
-- Name: wetLab_othertreatment_pkey; Type: CONSTRAINT; Schema: public; Owner: dekker_lab
--

ALTER TABLE ONLY "wetLab_othertreatment"
    ADD CONSTRAINT "wetLab_othertreatment_pkey" PRIMARY KEY (id);


--
-- Name: wetLab_protocol_name_d1228639_uniq; Type: CONSTRAINT; Schema: public; Owner: dekker_lab
--

ALTER TABLE ONLY "wetLab_protocol"
    ADD CONSTRAINT "wetLab_protocol_name_d1228639_uniq" UNIQUE (name);


--
-- Name: wetLab_protocol_pkey; Type: CONSTRAINT; Schema: public; Owner: dekker_lab
--

ALTER TABLE ONLY "wetLab_protocol"
    ADD CONSTRAINT "wetLab_protocol_pkey" PRIMARY KEY (id);


--
-- Name: wetLab_protocol_protocol_alias_c46a9080_uniq; Type: CONSTRAINT; Schema: public; Owner: dekker_lab
--

ALTER TABLE ONLY "wetLab_protocol"
    ADD CONSTRAINT "wetLab_protocol_protocol_alias_c46a9080_uniq" UNIQUE (dcic_alias);


--
-- Name: wetLab_target_name_25f11b13_uniq; Type: CONSTRAINT; Schema: public; Owner: dekker_lab
--

ALTER TABLE ONLY "wetLab_target"
    ADD CONSTRAINT "wetLab_target_name_25f11b13_uniq" UNIQUE (name);


--
-- Name: wetLab_target_pkey; Type: CONSTRAINT; Schema: public; Owner: dekker_lab
--

ALTER TABLE ONLY "wetLab_target"
    ADD CONSTRAINT "wetLab_target_pkey" PRIMARY KEY (id);


--
-- Name: wetLab_target_target_alias_8cee6ede_uniq; Type: CONSTRAINT; Schema: public; Owner: dekker_lab
--

ALTER TABLE ONLY "wetLab_target"
    ADD CONSTRAINT "wetLab_target_target_alias_8cee6ede_uniq" UNIQUE (dcic_alias);


--
-- Name: wetLab_treatmentchemical_pkey; Type: CONSTRAINT; Schema: public; Owner: dekker_lab
--

ALTER TABLE ONLY "wetLab_treatmentchemical"
    ADD CONSTRAINT "wetLab_treatmentchemical_pkey" PRIMARY KEY (id);


--
-- Name: wetLab_treatmentchemical_treatmentChemical_alias_c1b72350_uniq; Type: CONSTRAINT; Schema: public; Owner: dekker_lab
--

ALTER TABLE ONLY "wetLab_treatmentchemical"
    ADD CONSTRAINT "wetLab_treatmentchemical_treatmentChemical_alias_c1b72350_uniq" UNIQUE (dcic_alias);


--
-- Name: wetLab_treatmentchemical_treatmentChemical_name_36ac1053_uniq; Type: CONSTRAINT; Schema: public; Owner: dekker_lab
--

ALTER TABLE ONLY "wetLab_treatmentchemical"
    ADD CONSTRAINT "wetLab_treatmentchemical_treatmentChemical_name_36ac1053_uniq" UNIQUE ("treatmentChemical_name");


--
-- Name: wetLab_treatmentrnai_pkey; Type: CONSTRAINT; Schema: public; Owner: dekker_lab
--

ALTER TABLE ONLY "wetLab_treatmentrnai"
    ADD CONSTRAINT "wetLab_treatmentrnai_pkey" PRIMARY KEY (id);


--
-- Name: wetLab_treatmentrnai_treatmentRnai_alias_b3b3a83d_uniq; Type: CONSTRAINT; Schema: public; Owner: dekker_lab
--

ALTER TABLE ONLY "wetLab_treatmentrnai"
    ADD CONSTRAINT "wetLab_treatmentrnai_treatmentRnai_alias_b3b3a83d_uniq" UNIQUE (dcic_alias);


--
-- Name: wetLab_treatmentrnai_treatmentRnai_name_cd5cdc2a_uniq; Type: CONSTRAINT; Schema: public; Owner: dekker_lab
--

ALTER TABLE ONLY "wetLab_treatmentrnai"
    ADD CONSTRAINT "wetLab_treatmentrnai_treatmentRnai_name_cd5cdc2a_uniq" UNIQUE ("treatmentRnai_name");


--
-- Name: wetLab_vendor_pkey; Type: CONSTRAINT; Schema: public; Owner: dekker_lab
--

ALTER TABLE ONLY "wetLab_vendor"
    ADD CONSTRAINT "wetLab_vendor_pkey" PRIMARY KEY (id);


--
-- Name: wetLab_vendor_vendor_alias_78cf242a_uniq; Type: CONSTRAINT; Schema: public; Owner: dekker_lab
--

ALTER TABLE ONLY "wetLab_vendor"
    ADD CONSTRAINT "wetLab_vendor_vendor_alias_78cf242a_uniq" UNIQUE (dcic_alias);


--
-- Name: wetLab_vendor_vendor_title_4a7a9302_uniq; Type: CONSTRAINT; Schema: public; Owner: dekker_lab
--

ALTER TABLE ONLY "wetLab_vendor"
    ADD CONSTRAINT "wetLab_vendor_vendor_title_4a7a9302_uniq" UNIQUE (vendor_title);


--
-- Name: auth_group_name_a6ea08ec_like; Type: INDEX; Schema: public; Owner: dekker_lab
--

CREATE INDEX auth_group_name_a6ea08ec_like ON auth_group USING btree (name varchar_pattern_ops);


--
-- Name: auth_group_permissions_0e939a4f; Type: INDEX; Schema: public; Owner: dekker_lab
--

CREATE INDEX auth_group_permissions_0e939a4f ON auth_group_permissions USING btree (group_id);


--
-- Name: auth_group_permissions_8373b171; Type: INDEX; Schema: public; Owner: dekker_lab
--

CREATE INDEX auth_group_permissions_8373b171 ON auth_group_permissions USING btree (permission_id);


--
-- Name: auth_permission_417f1b1c; Type: INDEX; Schema: public; Owner: dekker_lab
--

CREATE INDEX auth_permission_417f1b1c ON auth_permission USING btree (content_type_id);


--
-- Name: auth_user_groups_0e939a4f; Type: INDEX; Schema: public; Owner: dekker_lab
--

CREATE INDEX auth_user_groups_0e939a4f ON auth_user_groups USING btree (group_id);


--
-- Name: auth_user_groups_e8701ad4; Type: INDEX; Schema: public; Owner: dekker_lab
--

CREATE INDEX auth_user_groups_e8701ad4 ON auth_user_groups USING btree (user_id);


--
-- Name: auth_user_user_permissions_8373b171; Type: INDEX; Schema: public; Owner: dekker_lab
--

CREATE INDEX auth_user_user_permissions_8373b171 ON auth_user_user_permissions USING btree (permission_id);


--
-- Name: auth_user_user_permissions_e8701ad4; Type: INDEX; Schema: public; Owner: dekker_lab
--

CREATE INDEX auth_user_user_permissions_e8701ad4 ON auth_user_user_permissions USING btree (user_id);


--
-- Name: auth_user_username_6821ab7c_like; Type: INDEX; Schema: public; Owner: dekker_lab
--

CREATE INDEX auth_user_username_6821ab7c_like ON auth_user USING btree (username varchar_pattern_ops);


--
-- Name: django_admin_log_417f1b1c; Type: INDEX; Schema: public; Owner: dekker_lab
--

CREATE INDEX django_admin_log_417f1b1c ON django_admin_log USING btree (content_type_id);


--
-- Name: django_admin_log_e8701ad4; Type: INDEX; Schema: public; Owner: dekker_lab
--

CREATE INDEX django_admin_log_e8701ad4 ON django_admin_log USING btree (user_id);


--
-- Name: django_session_de54fa62; Type: INDEX; Schema: public; Owner: dekker_lab
--

CREATE INDEX django_session_de54fa62 ON django_session USING btree (expire_date);


--
-- Name: django_session_session_key_c0390e0f_like; Type: INDEX; Schema: public; Owner: dekker_lab
--

CREATE INDEX django_session_session_key_c0390e0f_like ON django_session USING btree (session_key varchar_pattern_ops);


--
-- Name: dryLab_analysis_61f66510; Type: INDEX; Schema: public; Owner: dekker_lab
--

CREATE INDEX "dryLab_analysis_61f66510" ON "dryLab_analysis" USING btree (analysis_type_id);


--
-- Name: dryLab_analysis_72358753; Type: INDEX; Schema: public; Owner: dekker_lab
--

CREATE INDEX "dryLab_analysis_72358753" ON "dryLab_analysis" USING btree (analysis_exp_id);


--
-- Name: dryLab_analysis_analysis_file_1ae739e6; Type: INDEX; Schema: public; Owner: dekker_lab
--

CREATE INDEX "dryLab_analysis_analysis_file_1ae739e6" ON "dryLab_analysis_analysis_file" USING btree (seqencingfile_id);


--
-- Name: dryLab_analysis_analysis_file_3bef072e; Type: INDEX; Schema: public; Owner: dekker_lab
--

CREATE INDEX "dryLab_analysis_analysis_file_3bef072e" ON "dryLab_analysis_analysis_file" USING btree (analysis_id);


--
-- Name: dryLab_analysis_analysis_name_20dbf7ad_like; Type: INDEX; Schema: public; Owner: dekker_lab
--

CREATE INDEX "dryLab_analysis_analysis_name_20dbf7ad_like" ON "dryLab_analysis" USING btree (analysis_name varchar_pattern_ops);


--
-- Name: dryLab_fileset_17141920; Type: INDEX; Schema: public; Owner: dekker_lab
--

CREATE INDEX "dryLab_fileset_17141920" ON "dryLab_fileset" USING btree (fileset_type_id);


--
-- Name: dryLab_fileset_b098ad43; Type: INDEX; Schema: public; Owner: dekker_lab
--

CREATE INDEX "dryLab_fileset_b098ad43" ON "dryLab_fileset" USING btree (project_id);


--
-- Name: dryLab_fileset_fileSet_file_1ae739e6; Type: INDEX; Schema: public; Owner: dekker_lab
--

CREATE INDEX "dryLab_fileset_fileSet_file_1ae739e6" ON "dryLab_fileset_fileSet_file" USING btree (seqencingfile_id);


--
-- Name: dryLab_fileset_fileSet_file_90f34791; Type: INDEX; Schema: public; Owner: dekker_lab
--

CREATE INDEX "dryLab_fileset_fileSet_file_90f34791" ON "dryLab_fileset_fileSet_file" USING btree (fileset_id);


--
-- Name: dryLab_fileset_fileSet_name_f3a5bda2_like; Type: INDEX; Schema: public; Owner: dekker_lab
--

CREATE INDEX "dryLab_fileset_fileSet_name_f3a5bda2_like" ON "dryLab_fileset" USING btree ("fileSet_name" varchar_pattern_ops);


--
-- Name: dryLab_imageobjects_70404e8d; Type: INDEX; Schema: public; Owner: dekker_lab
--

CREATE INDEX "dryLab_imageobjects_70404e8d" ON "dryLab_imageobjects" USING btree (dcic_alias);


--
-- Name: dryLab_imageobjects_93a34043; Type: INDEX; Schema: public; Owner: dekker_lab
--

CREATE INDEX "dryLab_imageobjects_93a34043" ON "dryLab_imageobjects" USING btree ("imageObjects_type_id");


--
-- Name: dryLab_imageobjects_b098ad43; Type: INDEX; Schema: public; Owner: dekker_lab
--

CREATE INDEX "dryLab_imageobjects_b098ad43" ON "dryLab_imageobjects" USING btree (project_id);


--
-- Name: dryLab_imageobjects_imageObjects_name_b1000c8f_like; Type: INDEX; Schema: public; Owner: dekker_lab
--

CREATE INDEX "dryLab_imageobjects_imageObjects_name_b1000c8f_like" ON "dryLab_imageobjects" USING btree ("imageObjects_name" varchar_pattern_ops);


--
-- Name: dryLab_images_98c6f1ef; Type: INDEX; Schema: public; Owner: dekker_lab
--

CREATE INDEX "dryLab_images_98c6f1ef" ON "dryLab_images" USING btree (image_analysis_id);


--
-- Name: dryLab_seqencingfile_07d5d9a8; Type: INDEX; Schema: public; Owner: dekker_lab
--

CREATE INDEX "dryLab_seqencingfile_07d5d9a8" ON "dryLab_seqencingfile" USING btree (file_format_id);


--
-- Name: dryLab_seqencingfile_207525ab; Type: INDEX; Schema: public; Owner: dekker_lab
--

CREATE INDEX "dryLab_seqencingfile_207525ab" ON "dryLab_seqencingfile" USING btree (file_format_specifications_id);


--
-- Name: dryLab_seqencingfile_3e336e8b; Type: INDEX; Schema: public; Owner: dekker_lab
--

CREATE INDEX "dryLab_seqencingfile_3e336e8b" ON "dryLab_seqencingfile" USING btree (dcic_alias);


--
-- Name: dryLab_seqencingfile_49d66db0; Type: INDEX; Schema: public; Owner: dekker_lab
--

CREATE INDEX "dryLab_seqencingfile_49d66db0" ON "dryLab_seqencingfile" USING btree (file_barcode_id);


--
-- Name: dryLab_seqencingfile_9fa898d1; Type: INDEX; Schema: public; Owner: dekker_lab
--

CREATE INDEX "dryLab_seqencingfile_9fa898d1" ON "dryLab_seqencingfile" USING btree ("sequencingFile_run_id");


--
-- Name: dryLab_seqencingfile_af14b2d4; Type: INDEX; Schema: public; Owner: dekker_lab
--

CREATE INDEX "dryLab_seqencingfile_af14b2d4" ON "dryLab_seqencingfile" USING btree ("sequencingFile_exp_id");


--
-- Name: dryLab_seqencingfile_b098ad43; Type: INDEX; Schema: public; Owner: dekker_lab
--

CREATE INDEX "dryLab_seqencingfile_b098ad43" ON "dryLab_seqencingfile" USING btree (project_id);


--
-- Name: dryLab_seqencingfile_file_classification_id_743729b7_uniq; Type: INDEX; Schema: public; Owner: dekker_lab
--

CREATE INDEX "dryLab_seqencingfile_file_classification_id_743729b7_uniq" ON "dryLab_seqencingfile" USING btree (file_classification_id);


--
-- Name: dryLab_seqencingfile_sequencingFile_name_ec56c7d5_like; Type: INDEX; Schema: public; Owner: dekker_lab
--

CREATE INDEX "dryLab_seqencingfile_sequencingFile_name_ec56c7d5_like" ON "dryLab_seqencingfile" USING btree ("sequencingFile_name" varchar_pattern_ops);


--
-- Name: dryLab_sequencingrun_04f9c0d5; Type: INDEX; Schema: public; Owner: dekker_lab
--

CREATE INDEX "dryLab_sequencingrun_04f9c0d5" ON "dryLab_sequencingrun" USING btree (run_sequencing_instrument_id);


--
-- Name: dryLab_sequencingrun_25b2d973; Type: INDEX; Schema: public; Owner: dekker_lab
--

CREATE INDEX "dryLab_sequencingrun_25b2d973" ON "dryLab_sequencingrun" USING btree (run_sequencing_center_id);


--
-- Name: dryLab_sequencingrun_e3c5483f; Type: INDEX; Schema: public; Owner: dekker_lab
--

CREATE INDEX "dryLab_sequencingrun_e3c5483f" ON "dryLab_sequencingrun" USING btree (project_id);


--
-- Name: dryLab_sequencingrun_f5d74621; Type: INDEX; Schema: public; Owner: dekker_lab
--

CREATE INDEX "dryLab_sequencingrun_f5d74621" ON "dryLab_sequencingrun" USING btree (run_sequencing_machine_id);


--
-- Name: dryLab_sequencingrun_run_Experiment_abd1812d; Type: INDEX; Schema: public; Owner: dekker_lab
--

CREATE INDEX "dryLab_sequencingrun_run_Experiment_abd1812d" ON "dryLab_sequencingrun_run_Experiment" USING btree (experiment_id);


--
-- Name: dryLab_sequencingrun_run_Experiment_fd70df03; Type: INDEX; Schema: public; Owner: dekker_lab
--

CREATE INDEX "dryLab_sequencingrun_run_Experiment_fd70df03" ON "dryLab_sequencingrun_run_Experiment" USING btree (sequencingrun_id);


--
-- Name: dryLab_sequencingrun_run_name_5d0c595d_like; Type: INDEX; Schema: public; Owner: dekker_lab
--

CREATE INDEX "dryLab_sequencingrun_run_name_5d0c595d_like" ON "dryLab_sequencingrun" USING btree (run_name varchar_pattern_ops);


--
-- Name: organization_award_0880abd2; Type: INDEX; Schema: public; Owner: dekker_lab
--

CREATE INDEX organization_award_0880abd2 ON organization_award USING btree (award_name);


--
-- Name: organization_award_award_exp_abd1812d; Type: INDEX; Schema: public; Owner: dekker_lab
--

CREATE INDEX organization_award_award_exp_abd1812d ON organization_award_award_exp USING btree (experiment_id);


--
-- Name: organization_award_award_exp_e165b127; Type: INDEX; Schema: public; Owner: dekker_lab
--

CREATE INDEX organization_award_award_exp_e165b127 ON organization_award_award_exp USING btree (award_id);


--
-- Name: organization_award_award_name_4cd1523a_like; Type: INDEX; Schema: public; Owner: dekker_lab
--

CREATE INDEX organization_award_award_name_4cd1523a_like ON organization_award USING btree (award_name varchar_pattern_ops);


--
-- Name: organization_award_award_project_b098ad43; Type: INDEX; Schema: public; Owner: dekker_lab
--

CREATE INDEX organization_award_award_project_b098ad43 ON organization_award_award_project USING btree (project_id);


--
-- Name: organization_award_award_project_e165b127; Type: INDEX; Schema: public; Owner: dekker_lab
--

CREATE INDEX organization_award_award_project_e165b127 ON organization_award_award_project USING btree (award_id);


--
-- Name: organization_choice_7f4ef4da; Type: INDEX; Schema: public; Owner: dekker_lab
--

CREATE INDEX organization_choice_7f4ef4da ON organization_choice USING btree (choice_name);


--
-- Name: organization_choice_choice_name_4a0a16e1_like; Type: INDEX; Schema: public; Owner: dekker_lab
--

CREATE INDEX organization_choice_choice_name_4a0a16e1_like ON organization_choice USING btree (choice_name varchar_pattern_ops);


--
-- Name: organization_experiment_26378547; Type: INDEX; Schema: public; Owner: dekker_lab
--

CREATE INDEX organization_experiment_26378547 ON organization_experiment USING btree (protocol_id);


--
-- Name: organization_experiment_26ba2bd2; Type: INDEX; Schema: public; Owner: dekker_lab
--

CREATE INDEX organization_experiment_26ba2bd2 ON organization_experiment USING btree (document_id);


--
-- Name: organization_experiment_3e336e8b; Type: INDEX; Schema: public; Owner: dekker_lab
--

CREATE INDEX organization_experiment_3e336e8b ON organization_experiment USING btree (dcic_alias);


--
-- Name: organization_experiment_4da4bcec; Type: INDEX; Schema: public; Owner: dekker_lab
--

CREATE INDEX organization_experiment_4da4bcec ON organization_experiment USING btree (experiment_biosample_id);


--
-- Name: organization_experiment_94757cae; Type: INDEX; Schema: public; Owner: dekker_lab
--

CREATE INDEX organization_experiment_94757cae ON organization_experiment USING btree (type_id);


--
-- Name: organization_experiment_97919c2f; Type: INDEX; Schema: public; Owner: dekker_lab
--

CREATE INDEX organization_experiment_97919c2f ON organization_experiment USING btree (project_id);


--
-- Name: organization_experiment_9ce5b7f8; Type: INDEX; Schema: public; Owner: dekker_lab
--

CREATE INDEX organization_experiment_9ce5b7f8 ON organization_experiment USING btree (experiment_name);


--
-- Name: organization_experiment_addb0081; Type: INDEX; Schema: public; Owner: dekker_lab
--

CREATE INDEX organization_experiment_addb0081 ON organization_experiment USING btree (experiment_enzyme_id);


--
-- Name: organization_experiment_b8031b35; Type: INDEX; Schema: public; Owner: dekker_lab
--

CREATE INDEX organization_experiment_b8031b35 ON organization_experiment USING btree (references_id);


--
-- Name: organization_experiment_exp_name_c27c11e2_like; Type: INDEX; Schema: public; Owner: dekker_lab
--

CREATE INDEX organization_experiment_exp_name_c27c11e2_like ON organization_experiment USING btree (experiment_name varchar_pattern_ops);


--
-- Name: organization_experiment_experiment_imageObjects_6443f333; Type: INDEX; Schema: public; Owner: dekker_lab
--

CREATE INDEX "organization_experiment_experiment_imageObjects_6443f333" ON "organization_experiment_imageObjects" USING btree (imageobjects_id);


--
-- Name: organization_experiment_experiment_imageObjects_abd1812d; Type: INDEX; Schema: public; Owner: dekker_lab
--

CREATE INDEX "organization_experiment_experiment_imageObjects_abd1812d" ON "organization_experiment_imageObjects" USING btree (experiment_id);


--
-- Name: organization_experimentset_10fd9ce5; Type: INDEX; Schema: public; Owner: dekker_lab
--

CREATE INDEX organization_experimentset_10fd9ce5 ON organization_experimentset USING btree ("experimentSet_type_id");


--
-- Name: organization_experimentset_3e336e8b; Type: INDEX; Schema: public; Owner: dekker_lab
--

CREATE INDEX organization_experimentset_3e336e8b ON organization_experimentset USING btree (dcic_alias);


--
-- Name: organization_experimentset_b098ad43; Type: INDEX; Schema: public; Owner: dekker_lab
--

CREATE INDEX organization_experimentset_b098ad43 ON organization_experimentset USING btree (project_id);


--
-- Name: organization_experimentset_e7fafc10; Type: INDEX; Schema: public; Owner: dekker_lab
--

CREATE INDEX organization_experimentset_e7fafc10 ON organization_experimentset USING btree (document_id);


--
-- Name: organization_experimentset_experimentSet_exp_81f690dc; Type: INDEX; Schema: public; Owner: dekker_lab
--

CREATE INDEX "organization_experimentset_experimentSet_exp_81f690dc" ON "organization_experimentset_experimentSet_exp" USING btree (experimentset_id);


--
-- Name: organization_experimentset_experimentSet_exp_abd1812d; Type: INDEX; Schema: public; Owner: dekker_lab
--

CREATE INDEX "organization_experimentset_experimentSet_exp_abd1812d" ON "organization_experimentset_experimentSet_exp" USING btree (experiment_id);


--
-- Name: organization_experimentset_experimentSet_name_7acc1e2e_like; Type: INDEX; Schema: public; Owner: dekker_lab
--

CREATE INDEX "organization_experimentset_experimentSet_name_7acc1e2e_like" ON organization_experimentset USING btree ("experimentSet_name" varchar_pattern_ops);


--
-- Name: organization_jsonobjfield_73f329f1; Type: INDEX; Schema: public; Owner: dekker_lab
--

CREATE INDEX organization_jsonobjfield_73f329f1 ON organization_jsonobjfield USING btree (field_name);


--
-- Name: organization_jsonobjfield_field_name_7d154517_like; Type: INDEX; Schema: public; Owner: dekker_lab
--

CREATE INDEX organization_jsonobjfield_field_name_7d154517_like ON organization_jsonobjfield USING btree (field_name varchar_pattern_ops);


--
-- Name: organization_project_3e336e8b; Type: INDEX; Schema: public; Owner: dekker_lab
--

CREATE INDEX organization_project_3e336e8b ON organization_project USING btree (dcic_alias);


--
-- Name: organization_project_project_contributor_b098ad43; Type: INDEX; Schema: public; Owner: dekker_lab
--

CREATE INDEX organization_project_project_contributor_b098ad43 ON organization_project_project_contributor USING btree (project_id);


--
-- Name: organization_project_project_contributor_e8701ad4; Type: INDEX; Schema: public; Owner: dekker_lab
--

CREATE INDEX organization_project_project_contributor_e8701ad4 ON organization_project_project_contributor USING btree (user_id);


--
-- Name: organization_project_project_name_256c82dc_like; Type: INDEX; Schema: public; Owner: dekker_lab
--

CREATE INDEX organization_project_project_name_256c82dc_like ON organization_project USING btree (project_name varchar_pattern_ops);


--
-- Name: organization_publicatio_publication_categories_id_a13f7549_uniq; Type: INDEX; Schema: public; Owner: dekker_lab
--

CREATE INDEX organization_publicatio_publication_categories_id_a13f7549_uniq ON organization_publication USING btree (publication_categories_id);


--
-- Name: organization_publication_3e336e8b; Type: INDEX; Schema: public; Owner: dekker_lab
--

CREATE INDEX organization_publication_3e336e8b ON organization_publication USING btree (dcic_alias);


--
-- Name: organization_publication_73ce136f; Type: INDEX; Schema: public; Owner: dekker_lab
--

CREATE INDEX organization_publication_73ce136f ON organization_publication USING btree (exp_sets_used_in_pub_id);


--
-- Name: organization_publication_9fb538d5; Type: INDEX; Schema: public; Owner: dekker_lab
--

CREATE INDEX organization_publication_9fb538d5 ON organization_publication USING btree (exp_sets_prod_in_pub_id);


--
-- Name: organization_publication_b068931c; Type: INDEX; Schema: public; Owner: dekker_lab
--

CREATE INDEX organization_publication_b068931c ON organization_publication USING btree (name);


--
-- Name: organization_publication_e2e7f6e5; Type: INDEX; Schema: public; Owner: dekker_lab
--

CREATE INDEX organization_publication_e2e7f6e5 ON organization_publication USING btree (publication_published_by_id);


--
-- Name: organization_tag_b098ad43; Type: INDEX; Schema: public; Owner: dekker_lab
--

CREATE INDEX organization_tag_b098ad43 ON organization_tag USING btree (project_id);


--
-- Name: organization_tag_c4c3ca7e; Type: INDEX; Schema: public; Owner: dekker_lab
--

CREATE INDEX organization_tag_c4c3ca7e ON organization_tag USING btree (tag_name);


--
-- Name: organization_tag_fc0336af; Type: INDEX; Schema: public; Owner: dekker_lab
--

CREATE INDEX organization_tag_fc0336af ON organization_tag USING btree (tag_user_id);


--
-- Name: organization_tag_tag_exp_76f094bc; Type: INDEX; Schema: public; Owner: dekker_lab
--

CREATE INDEX organization_tag_tag_exp_76f094bc ON organization_tag_tag_exp USING btree (tag_id);


--
-- Name: organization_tag_tag_exp_abd1812d; Type: INDEX; Schema: public; Owner: dekker_lab
--

CREATE INDEX organization_tag_tag_exp_abd1812d ON organization_tag_tag_exp USING btree (experiment_id);


--
-- Name: organization_tag_tag_name_36d689a9_like; Type: INDEX; Schema: public; Owner: dekker_lab
--

CREATE INDEX organization_tag_tag_name_36d689a9_like ON organization_tag USING btree (tag_name varchar_pattern_ops);


--
-- Name: wetLab_barcode_87234ddf; Type: INDEX; Schema: public; Owner: dekker_lab
--

CREATE INDEX "wetLab_barcode_87234ddf" ON "wetLab_barcode" USING btree (barcode_index_id);


--
-- Name: wetLab_biosample_18643b0e; Type: INDEX; Schema: public; Owner: dekker_lab
--

CREATE INDEX "wetLab_biosample_18643b0e" ON "wetLab_biosample" USING btree (dcic_alias);


--
-- Name: wetLab_biosample_26ba2bd2; Type: INDEX; Schema: public; Owner: dekker_lab
--

CREATE INDEX "wetLab_biosample_26ba2bd2" ON "wetLab_biosample" USING btree (document_id);


--
-- Name: wetLab_biosample_5ab06c9a; Type: INDEX; Schema: public; Owner: dekker_lab
--

CREATE INDEX "wetLab_biosample_5ab06c9a" ON "wetLab_biosample" USING btree ("userOwner_id");


--
-- Name: wetLab_biosample_5d9bab05; Type: INDEX; Schema: public; Owner: dekker_lab
--

CREATE INDEX "wetLab_biosample_5d9bab05" ON "wetLab_biosample" USING btree (biosample_type_id);


--
-- Name: wetLab_biosample_76571a39; Type: INDEX; Schema: public; Owner: dekker_lab
--

CREATE INDEX "wetLab_biosample_76571a39" ON "wetLab_biosample" USING btree (biosample_biosource_id);


--
-- Name: wetLab_biosample_8740a42e; Type: INDEX; Schema: public; Owner: dekker_lab
--

CREATE INDEX "wetLab_biosample_8740a42e" ON "wetLab_biosample" USING btree (protocol_id);


--
-- Name: wetLab_biosample_9325359d; Type: INDEX; Schema: public; Owner: dekker_lab
--

CREATE INDEX "wetLab_biosample_9325359d" ON "wetLab_biosample" USING btree (biosample_individual_id);


--
-- Name: wetLab_biosample_b8031b35; Type: INDEX; Schema: public; Owner: dekker_lab
--

CREATE INDEX "wetLab_biosample_b8031b35" ON "wetLab_biosample" USING btree (references_id);


--
-- Name: wetLab_biosample_biosample_OtherTreatment_01d51047; Type: INDEX; Schema: public; Owner: dekker_lab
--

CREATE INDEX "wetLab_biosample_biosample_OtherTreatment_01d51047" ON "wetLab_biosample_biosample_OtherTreatment" USING btree (othertreatment_id);


--
-- Name: wetLab_biosample_biosample_OtherTreatment_ed620ae6; Type: INDEX; Schema: public; Owner: dekker_lab
--

CREATE INDEX "wetLab_biosample_biosample_OtherTreatment_ed620ae6" ON "wetLab_biosample_biosample_OtherTreatment" USING btree (biosample_id);


--
-- Name: wetLab_biosample_biosample_TreatmentChemical_4d294d4d; Type: INDEX; Schema: public; Owner: dekker_lab
--

CREATE INDEX "wetLab_biosample_biosample_TreatmentChemical_4d294d4d" ON "wetLab_biosample_biosample_TreatmentChemical" USING btree (treatmentchemical_id);


--
-- Name: wetLab_biosample_biosample_TreatmentChemical_ed620ae6; Type: INDEX; Schema: public; Owner: dekker_lab
--

CREATE INDEX "wetLab_biosample_biosample_TreatmentChemical_ed620ae6" ON "wetLab_biosample_biosample_TreatmentChemical" USING btree (biosample_id);


--
-- Name: wetLab_biosample_biosample_TreatmentRnai_8f014655; Type: INDEX; Schema: public; Owner: dekker_lab
--

CREATE INDEX "wetLab_biosample_biosample_TreatmentRnai_8f014655" ON "wetLab_biosample_biosample_TreatmentRnai" USING btree (treatmentrnai_id);


--
-- Name: wetLab_biosample_biosample_TreatmentRnai_ed620ae6; Type: INDEX; Schema: public; Owner: dekker_lab
--

CREATE INDEX "wetLab_biosample_biosample_TreatmentRnai_ed620ae6" ON "wetLab_biosample_biosample_TreatmentRnai" USING btree (biosample_id);


--
-- Name: wetLab_biosample_biosample_imageObjects_6443f333; Type: INDEX; Schema: public; Owner: dekker_lab
--

CREATE INDEX "wetLab_biosample_biosample_imageObjects_6443f333" ON "wetLab_biosample_imageObjects" USING btree (imageobjects_id);


--
-- Name: wetLab_biosample_biosample_imageObjects_ed620ae6; Type: INDEX; Schema: public; Owner: dekker_lab
--

CREATE INDEX "wetLab_biosample_biosample_imageObjects_ed620ae6" ON "wetLab_biosample_imageObjects" USING btree (biosample_id);


--
-- Name: wetLab_biosample_biosample_name_318b27af_like; Type: INDEX; Schema: public; Owner: dekker_lab
--

CREATE INDEX "wetLab_biosample_biosample_name_318b27af_like" ON "wetLab_biosample" USING btree (biosample_name varchar_pattern_ops);


--
-- Name: wetLab_biosample_modifications_d3e67576; Type: INDEX; Schema: public; Owner: dekker_lab
--

CREATE INDEX "wetLab_biosample_modifications_d3e67576" ON "wetLab_biosample_modifications" USING btree (modification_id);


--
-- Name: wetLab_biosample_modifications_ed620ae6; Type: INDEX; Schema: public; Owner: dekker_lab
--

CREATE INDEX "wetLab_biosample_modifications_ed620ae6" ON "wetLab_biosample_modifications" USING btree (biosample_id);


--
-- Name: wetLab_biosource_26ba2bd2; Type: INDEX; Schema: public; Owner: dekker_lab
--

CREATE INDEX "wetLab_biosource_26ba2bd2" ON "wetLab_biosource" USING btree (document_id);


--
-- Name: wetLab_biosource_57d55dec; Type: INDEX; Schema: public; Owner: dekker_lab
--

CREATE INDEX "wetLab_biosource_57d55dec" ON "wetLab_biosource" USING btree (biosource_individual_id);


--
-- Name: wetLab_biosource_7cc007f5; Type: INDEX; Schema: public; Owner: dekker_lab
--

CREATE INDEX "wetLab_biosource_7cc007f5" ON "wetLab_biosource" USING btree (biosource_vendor_id);


--
-- Name: wetLab_biosource_b8031b35; Type: INDEX; Schema: public; Owner: dekker_lab
--

CREATE INDEX "wetLab_biosource_b8031b35" ON "wetLab_biosource" USING btree (references_id);


--
-- Name: wetLab_biosource_be92d870; Type: INDEX; Schema: public; Owner: dekker_lab
--

CREATE INDEX "wetLab_biosource_be92d870" ON "wetLab_biosource" USING btree (protocol_id);


--
-- Name: wetLab_biosource_biosource_name_59b36778_like; Type: INDEX; Schema: public; Owner: dekker_lab
--

CREATE INDEX "wetLab_biosource_biosource_name_59b36778_like" ON "wetLab_biosource" USING btree (biosource_name varchar_pattern_ops);


--
-- Name: wetLab_biosource_d29823f0; Type: INDEX; Schema: public; Owner: dekker_lab
--

CREATE INDEX "wetLab_biosource_d29823f0" ON "wetLab_biosource" USING btree (biosource_cell_line_tier_id);


--
-- Name: wetLab_biosource_ddb78b12; Type: INDEX; Schema: public; Owner: dekker_lab
--

CREATE INDEX "wetLab_biosource_ddb78b12" ON "wetLab_biosource" USING btree (biosource_type_id);


--
-- Name: wetLab_biosource_ed2dd1ce; Type: INDEX; Schema: public; Owner: dekker_lab
--

CREATE INDEX "wetLab_biosource_ed2dd1ce" ON "wetLab_biosource" USING btree (dcic_alias);


--
-- Name: wetLab_biosource_modifications_c96123d5; Type: INDEX; Schema: public; Owner: dekker_lab
--

CREATE INDEX "wetLab_biosource_modifications_c96123d5" ON "wetLab_biosource_modifications" USING btree (biosource_id);


--
-- Name: wetLab_biosource_modifications_d3e67576; Type: INDEX; Schema: public; Owner: dekker_lab
--

CREATE INDEX "wetLab_biosource_modifications_d3e67576" ON "wetLab_biosource_modifications" USING btree (modification_id);


--
-- Name: wetLab_construct_180f36bf; Type: INDEX; Schema: public; Owner: dekker_lab
--

CREATE INDEX "wetLab_construct_180f36bf" ON "wetLab_construct" USING btree (construct_vendor_id);


--
-- Name: wetLab_construct_26ba2bd2; Type: INDEX; Schema: public; Owner: dekker_lab
--

CREATE INDEX "wetLab_construct_26ba2bd2" ON "wetLab_construct" USING btree (document_id);


--
-- Name: wetLab_construct_4698abe3; Type: INDEX; Schema: public; Owner: dekker_lab
--

CREATE INDEX "wetLab_construct_4698abe3" ON "wetLab_construct" USING btree (dcic_alias);


--
-- Name: wetLab_construct_b8031b35; Type: INDEX; Schema: public; Owner: dekker_lab
--

CREATE INDEX "wetLab_construct_b8031b35" ON "wetLab_construct" USING btree (references_id);


--
-- Name: wetLab_construct_c6afd5d5; Type: INDEX; Schema: public; Owner: dekker_lab
--

CREATE INDEX "wetLab_construct_c6afd5d5" ON "wetLab_construct" USING btree (construct_type_id);


--
-- Name: wetLab_construct_construct_name_f3188688_like; Type: INDEX; Schema: public; Owner: dekker_lab
--

CREATE INDEX "wetLab_construct_construct_name_f3188688_like" ON "wetLab_construct" USING btree (construct_name varchar_pattern_ops);


--
-- Name: wetLab_document_bafc53fc; Type: INDEX; Schema: public; Owner: dekker_lab
--

CREATE INDEX "wetLab_document_bafc53fc" ON "wetLab_document" USING btree (dcic_alias);


--
-- Name: wetLab_document_bd49ca7f; Type: INDEX; Schema: public; Owner: dekker_lab
--

CREATE INDEX "wetLab_document_bd49ca7f" ON "wetLab_document" USING btree (type_id);


--
-- Name: wetLab_document_db7620b1; Type: INDEX; Schema: public; Owner: dekker_lab
--

CREATE INDEX "wetLab_document_db7620b1" ON "wetLab_document" USING btree (references_id);


--
-- Name: wetLab_document_name_edbbc282_like; Type: INDEX; Schema: public; Owner: dekker_lab
--

CREATE INDEX "wetLab_document_name_edbbc282_like" ON "wetLab_document" USING btree (name varchar_pattern_ops);


--
-- Name: wetLab_enzyme_26ba2bd2; Type: INDEX; Schema: public; Owner: dekker_lab
--

CREATE INDEX "wetLab_enzyme_26ba2bd2" ON "wetLab_enzyme" USING btree (document_id);


--
-- Name: wetLab_enzyme_3e38ef5b; Type: INDEX; Schema: public; Owner: dekker_lab
--

CREATE INDEX "wetLab_enzyme_3e38ef5b" ON "wetLab_enzyme" USING btree (enzyme_vendor_id);


--
-- Name: wetLab_enzyme_838f23ef; Type: INDEX; Schema: public; Owner: dekker_lab
--

CREATE INDEX "wetLab_enzyme_838f23ef" ON "wetLab_enzyme" USING btree (dcic_alias);


--
-- Name: wetLab_enzyme_b8031b35; Type: INDEX; Schema: public; Owner: dekker_lab
--

CREATE INDEX "wetLab_enzyme_b8031b35" ON "wetLab_enzyme" USING btree (references_id);


--
-- Name: wetLab_enzyme_enzyme_name_2ade73e7_like; Type: INDEX; Schema: public; Owner: dekker_lab
--

CREATE INDEX "wetLab_enzyme_enzyme_name_2ade73e7_like" ON "wetLab_enzyme" USING btree (enzyme_name varchar_pattern_ops);


--
-- Name: wetLab_genomicregions_377a64c1; Type: INDEX; Schema: public; Owner: dekker_lab
--

CREATE INDEX "wetLab_genomicregions_377a64c1" ON "wetLab_genomicregions" USING btree (dcic_alias);


--
-- Name: wetLab_genomicregions_a8bc63f4; Type: INDEX; Schema: public; Owner: dekker_lab
--

CREATE INDEX "wetLab_genomicregions_a8bc63f4" ON "wetLab_genomicregions" USING btree ("genomicRegions_genome_assembly_id");


--
-- Name: wetLab_genomicregions_de491e0b; Type: INDEX; Schema: public; Owner: dekker_lab
--

CREATE INDEX "wetLab_genomicregions_de491e0b" ON "wetLab_genomicregions" USING btree ("genomicRegions_chromosome_id");


--
-- Name: wetLab_genomicregions_name_0f48ac25_like; Type: INDEX; Schema: public; Owner: dekker_lab
--

CREATE INDEX "wetLab_genomicregions_name_0f48ac25_like" ON "wetLab_genomicregions" USING btree (name varchar_pattern_ops);


--
-- Name: wetLab_individual_26ba2bd2; Type: INDEX; Schema: public; Owner: dekker_lab
--

CREATE INDEX "wetLab_individual_26ba2bd2" ON "wetLab_individual" USING btree (document_id);


--
-- Name: wetLab_individual_5ab06c9a; Type: INDEX; Schema: public; Owner: dekker_lab
--

CREATE INDEX "wetLab_individual_5ab06c9a" ON "wetLab_individual" USING btree ("userOwner_id");


--
-- Name: wetLab_individual_5d7db189; Type: INDEX; Schema: public; Owner: dekker_lab
--

CREATE INDEX "wetLab_individual_5d7db189" ON "wetLab_individual" USING btree (dcic_alias);


--
-- Name: wetLab_individual_7291c6ed; Type: INDEX; Schema: public; Owner: dekker_lab
--

CREATE INDEX "wetLab_individual_7291c6ed" ON "wetLab_individual" USING btree (individual_vendor_id);


--
-- Name: wetLab_individual_b8031b35; Type: INDEX; Schema: public; Owner: dekker_lab
--

CREATE INDEX "wetLab_individual_b8031b35" ON "wetLab_individual" USING btree (references_id);


--
-- Name: wetLab_individual_d32231a1; Type: INDEX; Schema: public; Owner: dekker_lab
--

CREATE INDEX "wetLab_individual_d32231a1" ON "wetLab_individual" USING btree (individual_type_id);


--
-- Name: wetLab_individual_individual_name_215ac6af_like; Type: INDEX; Schema: public; Owner: dekker_lab
--

CREATE INDEX "wetLab_individual_individual_name_215ac6af_like" ON "wetLab_individual" USING btree (individual_name varchar_pattern_ops);


--
-- Name: wetLab_modification_26ba2bd2; Type: INDEX; Schema: public; Owner: dekker_lab
--

CREATE INDEX "wetLab_modification_26ba2bd2" ON "wetLab_modification" USING btree (document_id);


--
-- Name: wetLab_modification_44219c4d; Type: INDEX; Schema: public; Owner: dekker_lab
--

CREATE INDEX "wetLab_modification_44219c4d" ON "wetLab_modification" USING btree (target_id);


--
-- Name: wetLab_modification_454c1184; Type: INDEX; Schema: public; Owner: dekker_lab
--

CREATE INDEX "wetLab_modification_454c1184" ON "wetLab_modification" USING btree (dcic_alias);


--
-- Name: wetLab_modification_5ab06c9a; Type: INDEX; Schema: public; Owner: dekker_lab
--

CREATE INDEX "wetLab_modification_5ab06c9a" ON "wetLab_modification" USING btree ("userOwner_id");


--
-- Name: wetLab_modification_77a25beb; Type: INDEX; Schema: public; Owner: dekker_lab
--

CREATE INDEX "wetLab_modification_77a25beb" ON "wetLab_modification" USING btree (constructs_id);


--
-- Name: wetLab_modification_a37c1183; Type: INDEX; Schema: public; Owner: dekker_lab
--

CREATE INDEX "wetLab_modification_a37c1183" ON "wetLab_modification" USING btree (modification_vendor_id);


--
-- Name: wetLab_modification_a8219f78; Type: INDEX; Schema: public; Owner: dekker_lab
--

CREATE INDEX "wetLab_modification_a8219f78" ON "wetLab_modification" USING btree ("modification_genomicRegions_id");


--
-- Name: wetLab_modification_b8031b35; Type: INDEX; Schema: public; Owner: dekker_lab
--

CREATE INDEX "wetLab_modification_b8031b35" ON "wetLab_modification" USING btree (references_id);


--
-- Name: wetLab_modification_de622e85; Type: INDEX; Schema: public; Owner: dekker_lab
--

CREATE INDEX "wetLab_modification_de622e85" ON "wetLab_modification" USING btree (modification_type_id);


--
-- Name: wetLab_modification_modification_name_9f9e3ce4_like; Type: INDEX; Schema: public; Owner: dekker_lab
--

CREATE INDEX "wetLab_modification_modification_name_9f9e3ce4_like" ON "wetLab_modification" USING btree (modification_name varchar_pattern_ops);


--
-- Name: wetLab_othertreatment_26ba2bd2; Type: INDEX; Schema: public; Owner: dekker_lab
--

CREATE INDEX "wetLab_othertreatment_26ba2bd2" ON "wetLab_othertreatment" USING btree (document_id);


--
-- Name: wetLab_othertreatment_5ab06c9a; Type: INDEX; Schema: public; Owner: dekker_lab
--

CREATE INDEX "wetLab_othertreatment_5ab06c9a" ON "wetLab_othertreatment" USING btree ("userOwner_id");


--
-- Name: wetLab_othertreatment_b8031b35; Type: INDEX; Schema: public; Owner: dekker_lab
--

CREATE INDEX "wetLab_othertreatment_b8031b35" ON "wetLab_othertreatment" USING btree (references_id);


--
-- Name: wetLab_protocol_0f3c55c9; Type: INDEX; Schema: public; Owner: dekker_lab
--

CREATE INDEX "wetLab_protocol_0f3c55c9" ON "wetLab_protocol" USING btree (dcic_alias);


--
-- Name: wetLab_protocol_251a54d4; Type: INDEX; Schema: public; Owner: dekker_lab
--

CREATE INDEX "wetLab_protocol_251a54d4" ON "wetLab_protocol" USING btree (enzyme_id);


--
-- Name: wetLab_protocol_5ab06c9a; Type: INDEX; Schema: public; Owner: dekker_lab
--

CREATE INDEX "wetLab_protocol_5ab06c9a" ON "wetLab_protocol" USING btree ("userOwner_id");


--
-- Name: wetLab_protocol_name_d1228639_like; Type: INDEX; Schema: public; Owner: dekker_lab
--

CREATE INDEX "wetLab_protocol_name_d1228639_like" ON "wetLab_protocol" USING btree (name varchar_pattern_ops);


--
-- Name: wetLab_target_30fe3183; Type: INDEX; Schema: public; Owner: dekker_lab
--

CREATE INDEX "wetLab_target_30fe3183" ON "wetLab_target" USING btree (targeted_region_id);


--
-- Name: wetLab_target_b8031b35; Type: INDEX; Schema: public; Owner: dekker_lab
--

CREATE INDEX "wetLab_target_b8031b35" ON "wetLab_target" USING btree (references_id);


--
-- Name: wetLab_target_ca8977b1; Type: INDEX; Schema: public; Owner: dekker_lab
--

CREATE INDEX "wetLab_target_ca8977b1" ON "wetLab_target" USING btree (dcic_alias);


--
-- Name: wetLab_target_e7fafc10; Type: INDEX; Schema: public; Owner: dekker_lab
--

CREATE INDEX "wetLab_target_e7fafc10" ON "wetLab_target" USING btree (document_id);


--
-- Name: wetLab_target_name_25f11b13_like; Type: INDEX; Schema: public; Owner: dekker_lab
--

CREATE INDEX "wetLab_target_name_25f11b13_like" ON "wetLab_target" USING btree (name varchar_pattern_ops);


--
-- Name: wetLab_treatmentchemical_26ba2bd2; Type: INDEX; Schema: public; Owner: dekker_lab
--

CREATE INDEX "wetLab_treatmentchemical_26ba2bd2" ON "wetLab_treatmentchemical" USING btree (document_id);


--
-- Name: wetLab_treatmentchemical_5ab06c9a; Type: INDEX; Schema: public; Owner: dekker_lab
--

CREATE INDEX "wetLab_treatmentchemical_5ab06c9a" ON "wetLab_treatmentchemical" USING btree ("userOwner_id");


--
-- Name: wetLab_treatmentchemical_6b837999; Type: INDEX; Schema: public; Owner: dekker_lab
--

CREATE INDEX "wetLab_treatmentchemical_6b837999" ON "wetLab_treatmentchemical" USING btree ("treatmentChemical_concentration_units_id");


--
-- Name: wetLab_treatmentchemical_b8031b35; Type: INDEX; Schema: public; Owner: dekker_lab
--

CREATE INDEX "wetLab_treatmentchemical_b8031b35" ON "wetLab_treatmentchemical" USING btree (references_id);


--
-- Name: wetLab_treatmentchemical_ec91958a; Type: INDEX; Schema: public; Owner: dekker_lab
--

CREATE INDEX "wetLab_treatmentchemical_ec91958a" ON "wetLab_treatmentchemical" USING btree ("treatmentChemical_duration_units_id");


--
-- Name: wetLab_treatmentchemical_f2b3aebb; Type: INDEX; Schema: public; Owner: dekker_lab
--

CREATE INDEX "wetLab_treatmentchemical_f2b3aebb" ON "wetLab_treatmentchemical" USING btree (dcic_alias);


--
-- Name: wetLab_treatmentchemical_treatmentChemical_name_36ac1053_like; Type: INDEX; Schema: public; Owner: dekker_lab
--

CREATE INDEX "wetLab_treatmentchemical_treatmentChemical_name_36ac1053_like" ON "wetLab_treatmentchemical" USING btree ("treatmentChemical_name" varchar_pattern_ops);


--
-- Name: wetLab_treatmentrnai_1362b87b; Type: INDEX; Schema: public; Owner: dekker_lab
--

CREATE INDEX "wetLab_treatmentrnai_1362b87b" ON "wetLab_treatmentrnai" USING btree ("treatmentRnai_vendor_id");


--
-- Name: wetLab_treatmentrnai_2465e48f; Type: INDEX; Schema: public; Owner: dekker_lab
--

CREATE INDEX "wetLab_treatmentrnai_2465e48f" ON "wetLab_treatmentrnai" USING btree (constructs_id);


--
-- Name: wetLab_treatmentrnai_26ba2bd2; Type: INDEX; Schema: public; Owner: dekker_lab
--

CREATE INDEX "wetLab_treatmentrnai_26ba2bd2" ON "wetLab_treatmentrnai" USING btree (document_id);


--
-- Name: wetLab_treatmentrnai_5ab06c9a; Type: INDEX; Schema: public; Owner: dekker_lab
--

CREATE INDEX "wetLab_treatmentrnai_5ab06c9a" ON "wetLab_treatmentrnai" USING btree ("userOwner_id");


--
-- Name: wetLab_treatmentrnai_90f45537; Type: INDEX; Schema: public; Owner: dekker_lab
--

CREATE INDEX "wetLab_treatmentrnai_90f45537" ON "wetLab_treatmentrnai" USING btree ("treatmentRnai_target_id");


--
-- Name: wetLab_treatmentrnai_b8031b35; Type: INDEX; Schema: public; Owner: dekker_lab
--

CREATE INDEX "wetLab_treatmentrnai_b8031b35" ON "wetLab_treatmentrnai" USING btree (references_id);


--
-- Name: wetLab_treatmentrnai_e1fdfd64; Type: INDEX; Schema: public; Owner: dekker_lab
--

CREATE INDEX "wetLab_treatmentrnai_e1fdfd64" ON "wetLab_treatmentrnai" USING btree ("treatmentRnai_type_id");


--
-- Name: wetLab_treatmentrnai_e7f25567; Type: INDEX; Schema: public; Owner: dekker_lab
--

CREATE INDEX "wetLab_treatmentrnai_e7f25567" ON "wetLab_treatmentrnai" USING btree (dcic_alias);


--
-- Name: wetLab_treatmentrnai_treatmentRnai_name_cd5cdc2a_like; Type: INDEX; Schema: public; Owner: dekker_lab
--

CREATE INDEX "wetLab_treatmentrnai_treatmentRnai_name_cd5cdc2a_like" ON "wetLab_treatmentrnai" USING btree ("treatmentRnai_name" varchar_pattern_ops);


--
-- Name: wetLab_vendor_2961f6f6; Type: INDEX; Schema: public; Owner: dekker_lab
--

CREATE INDEX "wetLab_vendor_2961f6f6" ON "wetLab_vendor" USING btree (dcic_alias);


--
-- Name: wetLab_vendor_vendor_title_4a7a9302_like; Type: INDEX; Schema: public; Owner: dekker_lab
--

CREATE INDEX "wetLab_vendor_vendor_title_4a7a9302_like" ON "wetLab_vendor" USING btree (vendor_title varchar_pattern_ops);


--
-- Name: D03fcd05fc22891093b553ffc9bfa5fb; Type: FK CONSTRAINT; Schema: public; Owner: dekker_lab
--

ALTER TABLE ONLY "wetLab_genomicregions"
    ADD CONSTRAINT "D03fcd05fc22891093b553ffc9bfa5fb" FOREIGN KEY ("genomicRegions_genome_assembly_id") REFERENCES organization_choice(id) DEFERRABLE INITIALLY DEFERRED;


--
-- Name: D07ba4034d21b374d5c6e46fa572e598; Type: FK CONSTRAINT; Schema: public; Owner: dekker_lab
--

ALTER TABLE ONLY organization_publication
    ADD CONSTRAINT "D07ba4034d21b374d5c6e46fa572e598" FOREIGN KEY (exp_sets_prod_in_pub_id) REFERENCES organization_experimentset(id) DEFERRABLE INITIALLY DEFERRED;


--
-- Name: D74c57c103f2e16e5b7e9dc477b14505; Type: FK CONSTRAINT; Schema: public; Owner: dekker_lab
--

ALTER TABLE ONLY organization_publication
    ADD CONSTRAINT "D74c57c103f2e16e5b7e9dc477b14505" FOREIGN KEY (exp_sets_used_in_pub_id) REFERENCES organization_experimentset(id) DEFERRABLE INITIALLY DEFERRED;


--
-- Name: D82520d8b11b05c4a89f3094cb107a3e; Type: FK CONSTRAINT; Schema: public; Owner: dekker_lab
--

ALTER TABLE ONLY "wetLab_modification"
    ADD CONSTRAINT "D82520d8b11b05c4a89f3094cb107a3e" FOREIGN KEY ("modification_genomicRegions_id") REFERENCES "wetLab_genomicregions"(id) DEFERRABLE INITIALLY DEFERRED;


--
-- Name: D991b6635c5b3f0489a70038f4deaa4c; Type: FK CONSTRAINT; Schema: public; Owner: dekker_lab
--

ALTER TABLE ONLY "wetLab_genomicregions"
    ADD CONSTRAINT "D991b6635c5b3f0489a70038f4deaa4c" FOREIGN KEY ("genomicRegions_chromosome_id") REFERENCES organization_choice(id) DEFERRABLE INITIALLY DEFERRED;


--
-- Name: D9e4d399c385bf5e7cefe130ea31acce; Type: FK CONSTRAINT; Schema: public; Owner: dekker_lab
--

ALTER TABLE ONLY "wetLab_treatmentchemical"
    ADD CONSTRAINT "D9e4d399c385bf5e7cefe130ea31acce" FOREIGN KEY ("treatmentChemical_duration_units_id") REFERENCES organization_choice(id) DEFERRABLE INITIALLY DEFERRED;


--
-- Name: auth_group_permiss_permission_id_84c5c92e_fk_auth_permission_id; Type: FK CONSTRAINT; Schema: public; Owner: dekker_lab
--

ALTER TABLE ONLY auth_group_permissions
    ADD CONSTRAINT auth_group_permiss_permission_id_84c5c92e_fk_auth_permission_id FOREIGN KEY (permission_id) REFERENCES auth_permission(id) DEFERRABLE INITIALLY DEFERRED;


--
-- Name: auth_group_permissions_group_id_b120cbf9_fk_auth_group_id; Type: FK CONSTRAINT; Schema: public; Owner: dekker_lab
--

ALTER TABLE ONLY auth_group_permissions
    ADD CONSTRAINT auth_group_permissions_group_id_b120cbf9_fk_auth_group_id FOREIGN KEY (group_id) REFERENCES auth_group(id) DEFERRABLE INITIALLY DEFERRED;


--
-- Name: auth_permiss_content_type_id_2f476e4b_fk_django_content_type_id; Type: FK CONSTRAINT; Schema: public; Owner: dekker_lab
--

ALTER TABLE ONLY auth_permission
    ADD CONSTRAINT auth_permiss_content_type_id_2f476e4b_fk_django_content_type_id FOREIGN KEY (content_type_id) REFERENCES django_content_type(id) DEFERRABLE INITIALLY DEFERRED;


--
-- Name: auth_user_groups_group_id_97559544_fk_auth_group_id; Type: FK CONSTRAINT; Schema: public; Owner: dekker_lab
--

ALTER TABLE ONLY auth_user_groups
    ADD CONSTRAINT auth_user_groups_group_id_97559544_fk_auth_group_id FOREIGN KEY (group_id) REFERENCES auth_group(id) DEFERRABLE INITIALLY DEFERRED;


--
-- Name: auth_user_groups_user_id_6a12ed8b_fk_auth_user_id; Type: FK CONSTRAINT; Schema: public; Owner: dekker_lab
--

ALTER TABLE ONLY auth_user_groups
    ADD CONSTRAINT auth_user_groups_user_id_6a12ed8b_fk_auth_user_id FOREIGN KEY (user_id) REFERENCES auth_user(id) DEFERRABLE INITIALLY DEFERRED;


--
-- Name: auth_user_user_per_permission_id_1fbb5f2c_fk_auth_permission_id; Type: FK CONSTRAINT; Schema: public; Owner: dekker_lab
--

ALTER TABLE ONLY auth_user_user_permissions
    ADD CONSTRAINT auth_user_user_per_permission_id_1fbb5f2c_fk_auth_permission_id FOREIGN KEY (permission_id) REFERENCES auth_permission(id) DEFERRABLE INITIALLY DEFERRED;


--
-- Name: auth_user_user_permissions_user_id_a95ead1b_fk_auth_user_id; Type: FK CONSTRAINT; Schema: public; Owner: dekker_lab
--

ALTER TABLE ONLY auth_user_user_permissions
    ADD CONSTRAINT auth_user_user_permissions_user_id_a95ead1b_fk_auth_user_id FOREIGN KEY (user_id) REFERENCES auth_user(id) DEFERRABLE INITIALLY DEFERRED;


--
-- Name: b99bd57d0c5ddb68d6a7a74be84b668b; Type: FK CONSTRAINT; Schema: public; Owner: dekker_lab
--

ALTER TABLE ONLY "wetLab_treatmentchemical"
    ADD CONSTRAINT b99bd57d0c5ddb68d6a7a74be84b668b FOREIGN KEY ("treatmentChemical_concentration_units_id") REFERENCES organization_choice(id) DEFERRABLE INITIALLY DEFERRED;


--
-- Name: biosource_cell_line_tier_id_f5243234_fk_organization_choice_id; Type: FK CONSTRAINT; Schema: public; Owner: dekker_lab
--

ALTER TABLE ONLY "wetLab_biosource"
    ADD CONSTRAINT biosource_cell_line_tier_id_f5243234_fk_organization_choice_id FOREIGN KEY (biosource_cell_line_tier_id) REFERENCES organization_choice(id) DEFERRABLE INITIALLY DEFERRED;


--
-- Name: c344805e7995f171b0d268feb31e3756; Type: FK CONSTRAINT; Schema: public; Owner: dekker_lab
--

ALTER TABLE ONLY "dryLab_sequencingrun"
    ADD CONSTRAINT c344805e7995f171b0d268feb31e3756 FOREIGN KEY (run_sequencing_instrument_id) REFERENCES organization_choice(id) DEFERRABLE INITIALLY DEFERRED;


--
-- Name: django_admin_content_type_id_c4bce8eb_fk_django_content_type_id; Type: FK CONSTRAINT; Schema: public; Owner: dekker_lab
--

ALTER TABLE ONLY django_admin_log
    ADD CONSTRAINT django_admin_content_type_id_c4bce8eb_fk_django_content_type_id FOREIGN KEY (content_type_id) REFERENCES django_content_type(id) DEFERRABLE INITIALLY DEFERRED;


--
-- Name: django_admin_log_user_id_c564eba6_fk_auth_user_id; Type: FK CONSTRAINT; Schema: public; Owner: dekker_lab
--

ALTER TABLE ONLY django_admin_log
    ADD CONSTRAINT django_admin_log_user_id_c564eba6_fk_auth_user_id FOREIGN KEY (user_id) REFERENCES auth_user(id) DEFERRABLE INITIALLY DEFERRED;


--
-- Name: dr_file_format_specifications_id_f3fa48d4_fk_wetLab_document_id; Type: FK CONSTRAINT; Schema: public; Owner: dekker_lab
--

ALTER TABLE ONLY "dryLab_seqencingfile"
    ADD CONSTRAINT "dr_file_format_specifications_id_f3fa48d4_fk_wetLab_document_id" FOREIGN KEY (file_format_specifications_id) REFERENCES "wetLab_document"(id) DEFERRABLE INITIALLY DEFERRED;


--
-- Name: dr_run_sequencing_machine_id_dbb815bb_fk_organization_choice_id; Type: FK CONSTRAINT; Schema: public; Owner: dekker_lab
--

ALTER TABLE ONLY "dryLab_sequencingrun"
    ADD CONSTRAINT dr_run_sequencing_machine_id_dbb815bb_fk_organization_choice_id FOREIGN KEY (run_sequencing_machine_id) REFERENCES organization_choice(id) DEFERRABLE INITIALLY DEFERRED;


--
-- Name: dr_sequencingFile_exp_id_e0ad46c3_fk_organization_experiment_id; Type: FK CONSTRAINT; Schema: public; Owner: dekker_lab
--

ALTER TABLE ONLY "dryLab_seqencingfile"
    ADD CONSTRAINT "dr_sequencingFile_exp_id_e0ad46c3_fk_organization_experiment_id" FOREIGN KEY ("sequencingFile_exp_id") REFERENCES organization_experiment(id) DEFERRABLE INITIALLY DEFERRED;


--
-- Name: dryLa_analysis_type_id_2a82ed6e_fk_organization_jsonobjfield_id; Type: FK CONSTRAINT; Schema: public; Owner: dekker_lab
--

ALTER TABLE ONLY "dryLab_analysis"
    ADD CONSTRAINT "dryLa_analysis_type_id_2a82ed6e_fk_organization_jsonobjfield_id" FOREIGN KEY (analysis_type_id) REFERENCES organization_jsonobjfield(id) DEFERRABLE INITIALLY DEFERRED;


--
-- Name: dryLa_file_classification_id_743729b7_fk_organization_choice_id; Type: FK CONSTRAINT; Schema: public; Owner: dekker_lab
--

ALTER TABLE ONLY "dryLab_seqencingfile"
    ADD CONSTRAINT "dryLa_file_classification_id_743729b7_fk_organization_choice_id" FOREIGN KEY (file_classification_id) REFERENCES organization_choice(id) DEFERRABLE INITIALLY DEFERRED;


--
-- Name: dryLa_sequencingFile_run_id_4a73108b_fk_dryLab_sequencingrun_id; Type: FK CONSTRAINT; Schema: public; Owner: dekker_lab
--

ALTER TABLE ONLY "dryLab_seqencingfile"
    ADD CONSTRAINT "dryLa_sequencingFile_run_id_4a73108b_fk_dryLab_sequencingrun_id" FOREIGN KEY ("sequencingFile_run_id") REFERENCES "dryLab_sequencingrun"(id) DEFERRABLE INITIALLY DEFERRED;


--
-- Name: dryLab__imageObjects_type_id_d06ab94f_fk_organization_choice_id; Type: FK CONSTRAINT; Schema: public; Owner: dekker_lab
--

ALTER TABLE ONLY "dryLab_imageobjects"
    ADD CONSTRAINT "dryLab__imageObjects_type_id_d06ab94f_fk_organization_choice_id" FOREIGN KEY ("imageObjects_type_id") REFERENCES organization_choice(id) DEFERRABLE INITIALLY DEFERRED;


--
-- Name: dryLab_a_analysis_exp_id_167d8837_fk_organization_experiment_id; Type: FK CONSTRAINT; Schema: public; Owner: dekker_lab
--

ALTER TABLE ONLY "dryLab_analysis"
    ADD CONSTRAINT "dryLab_a_analysis_exp_id_167d8837_fk_organization_experiment_id" FOREIGN KEY (analysis_exp_id) REFERENCES organization_experiment(id) DEFERRABLE INITIALLY DEFERRED;


--
-- Name: dryLab_ana_seqencingfile_id_25f7ead1_fk_dryLab_seqencingfile_id; Type: FK CONSTRAINT; Schema: public; Owner: dekker_lab
--

ALTER TABLE ONLY "dryLab_analysis_analysis_file"
    ADD CONSTRAINT "dryLab_ana_seqencingfile_id_25f7ead1_fk_dryLab_seqencingfile_id" FOREIGN KEY (seqencingfile_id) REFERENCES "dryLab_seqencingfile"(id) DEFERRABLE INITIALLY DEFERRED;


--
-- Name: dryLab_analysis_anal_analysis_id_69e68d51_fk_dryLab_analysis_id; Type: FK CONSTRAINT; Schema: public; Owner: dekker_lab
--

ALTER TABLE ONLY "dryLab_analysis_analysis_file"
    ADD CONSTRAINT "dryLab_analysis_anal_analysis_id_69e68d51_fk_dryLab_analysis_id" FOREIGN KEY (analysis_id) REFERENCES "dryLab_analysis"(id) DEFERRABLE INITIALLY DEFERRED;


--
-- Name: dryLab_fil_seqencingfile_id_f5707c96_fk_dryLab_seqencingfile_id; Type: FK CONSTRAINT; Schema: public; Owner: dekker_lab
--

ALTER TABLE ONLY "dryLab_fileset_fileSet_file"
    ADD CONSTRAINT "dryLab_fil_seqencingfile_id_f5707c96_fk_dryLab_seqencingfile_id" FOREIGN KEY (seqencingfile_id) REFERENCES "dryLab_seqencingfile"(id) DEFERRABLE INITIALLY DEFERRED;


--
-- Name: dryLab_files_fileset_type_id_36fb1eff_fk_organization_choice_id; Type: FK CONSTRAINT; Schema: public; Owner: dekker_lab
--

ALTER TABLE ONLY "dryLab_fileset"
    ADD CONSTRAINT "dryLab_files_fileset_type_id_36fb1eff_fk_organization_choice_id" FOREIGN KEY (fileset_type_id) REFERENCES organization_choice(id) DEFERRABLE INITIALLY DEFERRED;


--
-- Name: dryLab_fileset_fileSet_fileset_id_06f44b7c_fk_dryLab_fileset_id; Type: FK CONSTRAINT; Schema: public; Owner: dekker_lab
--

ALTER TABLE ONLY "dryLab_fileset_fileSet_file"
    ADD CONSTRAINT "dryLab_fileset_fileSet_fileset_id_06f44b7c_fk_dryLab_fileset_id" FOREIGN KEY (fileset_id) REFERENCES "dryLab_fileset"(id) DEFERRABLE INITIALLY DEFERRED;


--
-- Name: dryLab_fileset_project_id_a6587463_fk_organization_project_id; Type: FK CONSTRAINT; Schema: public; Owner: dekker_lab
--

ALTER TABLE ONLY "dryLab_fileset"
    ADD CONSTRAINT "dryLab_fileset_project_id_a6587463_fk_organization_project_id" FOREIGN KEY (project_id) REFERENCES organization_project(id) DEFERRABLE INITIALLY DEFERRED;


--
-- Name: dryLab_imageobje_project_id_17d1cc79_fk_organization_project_id; Type: FK CONSTRAINT; Schema: public; Owner: dekker_lab
--

ALTER TABLE ONLY "dryLab_imageobjects"
    ADD CONSTRAINT "dryLab_imageobje_project_id_17d1cc79_fk_organization_project_id" FOREIGN KEY (project_id) REFERENCES organization_project(id) DEFERRABLE INITIALLY DEFERRED;


--
-- Name: dryLab_images_image_analysis_id_fdbb9eaa_fk_dryLab_analysis_id; Type: FK CONSTRAINT; Schema: public; Owner: dekker_lab
--

ALTER TABLE ONLY "dryLab_images"
    ADD CONSTRAINT "dryLab_images_image_analysis_id_fdbb9eaa_fk_dryLab_analysis_id" FOREIGN KEY (image_analysis_id) REFERENCES "dryLab_analysis"(id) DEFERRABLE INITIALLY DEFERRED;


--
-- Name: dryLab_seq_experiment_id_10732a7d_fk_organization_experiment_id; Type: FK CONSTRAINT; Schema: public; Owner: dekker_lab
--

ALTER TABLE ONLY "dryLab_sequencingrun_run_Experiment"
    ADD CONSTRAINT "dryLab_seq_experiment_id_10732a7d_fk_organization_experiment_id" FOREIGN KEY (experiment_id) REFERENCES organization_experiment(id) DEFERRABLE INITIALLY DEFERRED;


--
-- Name: dryLab_seq_sequencingrun_id_0a3e645f_fk_dryLab_sequencingrun_id; Type: FK CONSTRAINT; Schema: public; Owner: dekker_lab
--

ALTER TABLE ONLY "dryLab_sequencingrun_run_Experiment"
    ADD CONSTRAINT "dryLab_seq_sequencingrun_id_0a3e645f_fk_dryLab_sequencingrun_id" FOREIGN KEY (sequencingrun_id) REFERENCES "dryLab_sequencingrun"(id) DEFERRABLE INITIALLY DEFERRED;


--
-- Name: dryLab_seqenc_file_format_id_0a856400_fk_organization_choice_id; Type: FK CONSTRAINT; Schema: public; Owner: dekker_lab
--

ALTER TABLE ONLY "dryLab_seqencingfile"
    ADD CONSTRAINT "dryLab_seqenc_file_format_id_0a856400_fk_organization_choice_id" FOREIGN KEY (file_format_id) REFERENCES organization_choice(id) DEFERRABLE INITIALLY DEFERRED;


--
-- Name: dryLab_seqencing_project_id_24194491_fk_organization_project_id; Type: FK CONSTRAINT; Schema: public; Owner: dekker_lab
--

ALTER TABLE ONLY "dryLab_seqencingfile"
    ADD CONSTRAINT "dryLab_seqencing_project_id_24194491_fk_organization_project_id" FOREIGN KEY (project_id) REFERENCES organization_project(id) DEFERRABLE INITIALLY DEFERRED;


--
-- Name: dryLab_seqencingf_file_barcode_id_6e43b7ce_fk_wetLab_barcode_id; Type: FK CONSTRAINT; Schema: public; Owner: dekker_lab
--

ALTER TABLE ONLY "dryLab_seqencingfile"
    ADD CONSTRAINT "dryLab_seqencingf_file_barcode_id_6e43b7ce_fk_wetLab_barcode_id" FOREIGN KEY (file_barcode_id) REFERENCES "wetLab_barcode"(id) DEFERRABLE INITIALLY DEFERRED;


--
-- Name: dryLab_sequencin_project_id_efa87906_fk_organization_project_id; Type: FK CONSTRAINT; Schema: public; Owner: dekker_lab
--

ALTER TABLE ONLY "dryLab_sequencingrun"
    ADD CONSTRAINT "dryLab_sequencin_project_id_efa87906_fk_organization_project_id" FOREIGN KEY (project_id) REFERENCES organization_project(id) DEFERRABLE INITIALLY DEFERRED;


--
-- Name: dry_run_sequencing_center_id_6fa757f9_fk_organization_choice_id; Type: FK CONSTRAINT; Schema: public; Owner: dekker_lab
--

ALTER TABLE ONLY "dryLab_sequencingrun"
    ADD CONSTRAINT dry_run_sequencing_center_id_6fa757f9_fk_organization_choice_id FOREIGN KEY (run_sequencing_center_id) REFERENCES organization_choice(id) DEFERRABLE INITIALLY DEFERRED;


--
-- Name: or_publication_categories_id_a13f7549_fk_organization_choice_id; Type: FK CONSTRAINT; Schema: public; Owner: dekker_lab
--

ALTER TABLE ONLY organization_publication
    ADD CONSTRAINT or_publication_categories_id_a13f7549_fk_organization_choice_id FOREIGN KEY (publication_categories_id) REFERENCES organization_choice(id) DEFERRABLE INITIALLY DEFERRED;


--
-- Name: orga_experimentset_id_434e2223_fk_organization_experimentset_id; Type: FK CONSTRAINT; Schema: public; Owner: dekker_lab
--

ALTER TABLE ONLY "organization_experimentset_experimentSet_exp"
    ADD CONSTRAINT orga_experimentset_id_434e2223_fk_organization_experimentset_id FOREIGN KEY (experimentset_id) REFERENCES organization_experimentset(id) DEFERRABLE INITIALLY DEFERRED;


--
-- Name: organi_experimentSet_type_id_33827643_fk_organization_choice_id; Type: FK CONSTRAINT; Schema: public; Owner: dekker_lab
--

ALTER TABLE ONLY organization_experimentset
    ADD CONSTRAINT "organi_experimentSet_type_id_33827643_fk_organization_choice_id" FOREIGN KEY ("experimentSet_type_id") REFERENCES organization_choice(id) DEFERRABLE INITIALLY DEFERRED;


--
-- Name: organiz_experiment_biosample_id_b0e1dec8_fk_wetLab_biosample_id; Type: FK CONSTRAINT; Schema: public; Owner: dekker_lab
--

ALTER TABLE ONLY organization_experiment
    ADD CONSTRAINT "organiz_experiment_biosample_id_b0e1dec8_fk_wetLab_biosample_id" FOREIGN KEY (experiment_biosample_id) REFERENCES "wetLab_biosample"(id) DEFERRABLE INITIALLY DEFERRED;


--
-- Name: organizat_references_id_7f299209_fk_organization_publication_id; Type: FK CONSTRAINT; Schema: public; Owner: dekker_lab
--

ALTER TABLE ONLY organization_experiment
    ADD CONSTRAINT organizat_references_id_7f299209_fk_organization_publication_id FOREIGN KEY (references_id) REFERENCES organization_publication(id) DEFERRABLE INITIALLY DEFERRED;


--
-- Name: organizati_experiment_id_0fae58f5_fk_organization_experiment_id; Type: FK CONSTRAINT; Schema: public; Owner: dekker_lab
--

ALTER TABLE ONLY "organization_experiment_imageObjects"
    ADD CONSTRAINT organizati_experiment_id_0fae58f5_fk_organization_experiment_id FOREIGN KEY (experiment_id) REFERENCES organization_experiment(id) DEFERRABLE INITIALLY DEFERRED;


--
-- Name: organizati_experiment_id_37ec6f1a_fk_organization_experiment_id; Type: FK CONSTRAINT; Schema: public; Owner: dekker_lab
--

ALTER TABLE ONLY "organization_experimentset_experimentSet_exp"
    ADD CONSTRAINT organizati_experiment_id_37ec6f1a_fk_organization_experiment_id FOREIGN KEY (experiment_id) REFERENCES organization_experiment(id) DEFERRABLE INITIALLY DEFERRED;


--
-- Name: organizati_experiment_id_6c4f6459_fk_organization_experiment_id; Type: FK CONSTRAINT; Schema: public; Owner: dekker_lab
--

ALTER TABLE ONLY organization_award_award_exp
    ADD CONSTRAINT organizati_experiment_id_6c4f6459_fk_organization_experiment_id FOREIGN KEY (experiment_id) REFERENCES organization_experiment(id) DEFERRABLE INITIALLY DEFERRED;


--
-- Name: organizati_experiment_id_a08827b0_fk_organization_experiment_id; Type: FK CONSTRAINT; Schema: public; Owner: dekker_lab
--

ALTER TABLE ONLY organization_tag_tag_exp
    ADD CONSTRAINT organizati_experiment_id_a08827b0_fk_organization_experiment_id FOREIGN KEY (experiment_id) REFERENCES organization_experiment(id) DEFERRABLE INITIALLY DEFERRED;


--
-- Name: organization__experiment_enzyme_id_532e44d5_fk_wetLab_enzyme_id; Type: FK CONSTRAINT; Schema: public; Owner: dekker_lab
--

ALTER TABLE ONLY organization_experiment
    ADD CONSTRAINT "organization__experiment_enzyme_id_532e44d5_fk_wetLab_enzyme_id" FOREIGN KEY (experiment_enzyme_id) REFERENCES "wetLab_enzyme"(id) DEFERRABLE INITIALLY DEFERRED;


--
-- Name: organization_awa_project_id_bb349048_fk_organization_project_id; Type: FK CONSTRAINT; Schema: public; Owner: dekker_lab
--

ALTER TABLE ONLY organization_award_award_project
    ADD CONSTRAINT organization_awa_project_id_bb349048_fk_organization_project_id FOREIGN KEY (project_id) REFERENCES organization_project(id) DEFERRABLE INITIALLY DEFERRED;


--
-- Name: organization_award_a_award_id_477ed007_fk_organization_award_id; Type: FK CONSTRAINT; Schema: public; Owner: dekker_lab
--

ALTER TABLE ONLY organization_award_award_exp
    ADD CONSTRAINT organization_award_a_award_id_477ed007_fk_organization_award_id FOREIGN KEY (award_id) REFERENCES organization_award(id) DEFERRABLE INITIALLY DEFERRED;


--
-- Name: organization_award_a_award_id_724ee4b7_fk_organization_award_id; Type: FK CONSTRAINT; Schema: public; Owner: dekker_lab
--

ALTER TABLE ONLY organization_award_award_project
    ADD CONSTRAINT organization_award_a_award_id_724ee4b7_fk_organization_award_id FOREIGN KEY (award_id) REFERENCES organization_award(id) DEFERRABLE INITIALLY DEFERRED;


--
-- Name: organization_e_type_id_46da51ab_fk_organization_jsonobjfield_id; Type: FK CONSTRAINT; Schema: public; Owner: dekker_lab
--

ALTER TABLE ONLY organization_experiment
    ADD CONSTRAINT organization_e_type_id_46da51ab_fk_organization_jsonobjfield_id FOREIGN KEY (type_id) REFERENCES organization_jsonobjfield(id) DEFERRABLE INITIALLY DEFERRED;


--
-- Name: organization_exp_project_id_2bcb6077_fk_organization_project_id; Type: FK CONSTRAINT; Schema: public; Owner: dekker_lab
--

ALTER TABLE ONLY organization_experiment
    ADD CONSTRAINT organization_exp_project_id_2bcb6077_fk_organization_project_id FOREIGN KEY (project_id) REFERENCES organization_project(id) DEFERRABLE INITIALLY DEFERRED;


--
-- Name: organization_exp_project_id_744a3675_fk_organization_project_id; Type: FK CONSTRAINT; Schema: public; Owner: dekker_lab
--

ALTER TABLE ONLY organization_experimentset
    ADD CONSTRAINT organization_exp_project_id_744a3675_fk_organization_project_id FOREIGN KEY (project_id) REFERENCES organization_project(id) DEFERRABLE INITIALLY DEFERRED;


--
-- Name: organization_experim_document_id_0fba3fbc_fk_wetLab_document_id; Type: FK CONSTRAINT; Schema: public; Owner: dekker_lab
--

ALTER TABLE ONLY organization_experimentset
    ADD CONSTRAINT "organization_experim_document_id_0fba3fbc_fk_wetLab_document_id" FOREIGN KEY (document_id) REFERENCES "wetLab_document"(id) DEFERRABLE INITIALLY DEFERRED;


--
-- Name: organization_experim_document_id_905584bd_fk_wetLab_document_id; Type: FK CONSTRAINT; Schema: public; Owner: dekker_lab
--

ALTER TABLE ONLY organization_experiment
    ADD CONSTRAINT "organization_experim_document_id_905584bd_fk_wetLab_document_id" FOREIGN KEY (document_id) REFERENCES "wetLab_document"(id) DEFERRABLE INITIALLY DEFERRED;


--
-- Name: organization_experim_protocol_id_bcddb3bc_fk_wetLab_protocol_id; Type: FK CONSTRAINT; Schema: public; Owner: dekker_lab
--

ALTER TABLE ONLY organization_experiment
    ADD CONSTRAINT "organization_experim_protocol_id_bcddb3bc_fk_wetLab_protocol_id" FOREIGN KEY (protocol_id) REFERENCES "wetLab_protocol"(id) DEFERRABLE INITIALLY DEFERRED;


--
-- Name: organization_imageobjects_id_80df63aa_fk_dryLab_imageobjects_id; Type: FK CONSTRAINT; Schema: public; Owner: dekker_lab
--

ALTER TABLE ONLY "organization_experiment_imageObjects"
    ADD CONSTRAINT "organization_imageobjects_id_80df63aa_fk_dryLab_imageobjects_id" FOREIGN KEY (imageobjects_id) REFERENCES "dryLab_imageobjects"(id) DEFERRABLE INITIALLY DEFERRED;


--
-- Name: organization_pro_project_id_7b7e9931_fk_organization_project_id; Type: FK CONSTRAINT; Schema: public; Owner: dekker_lab
--

ALTER TABLE ONLY organization_project_project_contributor
    ADD CONSTRAINT organization_pro_project_id_7b7e9931_fk_organization_project_id FOREIGN KEY (project_id) REFERENCES organization_project(id) DEFERRABLE INITIALLY DEFERRED;


--
-- Name: organization_project_project_c_user_id_c1e7ad30_fk_auth_user_id; Type: FK CONSTRAINT; Schema: public; Owner: dekker_lab
--

ALTER TABLE ONLY organization_project_project_contributor
    ADD CONSTRAINT organization_project_project_c_user_id_c1e7ad30_fk_auth_user_id FOREIGN KEY (user_id) REFERENCES auth_user(id) DEFERRABLE INITIALLY DEFERRED;


--
-- Name: organization_project_project_owner_id_b89ac7ac_fk_auth_user_id; Type: FK CONSTRAINT; Schema: public; Owner: dekker_lab
--

ALTER TABLE ONLY organization_project
    ADD CONSTRAINT organization_project_project_owner_id_b89ac7ac_fk_auth_user_id FOREIGN KEY (project_owner_id) REFERENCES auth_user(id) DEFERRABLE INITIALLY DEFERRED;


--
-- Name: organization_tag_project_id_0b59715e_fk_organization_project_id; Type: FK CONSTRAINT; Schema: public; Owner: dekker_lab
--

ALTER TABLE ONLY organization_tag
    ADD CONSTRAINT organization_tag_project_id_0b59715e_fk_organization_project_id FOREIGN KEY (project_id) REFERENCES organization_project(id) DEFERRABLE INITIALLY DEFERRED;


--
-- Name: organization_tag_tag_exp_tag_id_74aa5398_fk_organization_tag_id; Type: FK CONSTRAINT; Schema: public; Owner: dekker_lab
--

ALTER TABLE ONLY organization_tag_tag_exp
    ADD CONSTRAINT organization_tag_tag_exp_tag_id_74aa5398_fk_organization_tag_id FOREIGN KEY (tag_id) REFERENCES organization_tag(id) DEFERRABLE INITIALLY DEFERRED;


--
-- Name: organization_tag_tag_user_id_7b646a8d_fk_auth_user_id; Type: FK CONSTRAINT; Schema: public; Owner: dekker_lab
--

ALTER TABLE ONLY organization_tag
    ADD CONSTRAINT organization_tag_tag_user_id_7b646a8d_fk_auth_user_id FOREIGN KEY (tag_user_id) REFERENCES auth_user(id) DEFERRABLE INITIALLY DEFERRED;


--
-- Name: publication_published_by_id_9e741235_fk_organization_choice_id; Type: FK CONSTRAINT; Schema: public; Owner: dekker_lab
--

ALTER TABLE ONLY organization_publication
    ADD CONSTRAINT publication_published_by_id_9e741235_fk_organization_choice_id FOREIGN KEY (publication_published_by_id) REFERENCES organization_choice(id) DEFERRABLE INITIALLY DEFERRED;


--
-- Name: we_treatmentchemical_id_c169692c_fk_wetLab_treatmentchemical_id; Type: FK CONSTRAINT; Schema: public; Owner: dekker_lab
--

ALTER TABLE ONLY "wetLab_biosample_biosample_TreatmentChemical"
    ADD CONSTRAINT "we_treatmentchemical_id_c169692c_fk_wetLab_treatmentchemical_id" FOREIGN KEY (treatmentchemical_id) REFERENCES "wetLab_treatmentchemical"(id) DEFERRABLE INITIALLY DEFERRED;


--
-- Name: wetL_biosample_type_id_f7e06166_fk_organization_jsonobjfield_id; Type: FK CONSTRAINT; Schema: public; Owner: dekker_lab
--

ALTER TABLE ONLY "wetLab_biosample"
    ADD CONSTRAINT "wetL_biosample_type_id_f7e06166_fk_organization_jsonobjfield_id" FOREIGN KEY (biosample_type_id) REFERENCES organization_jsonobjfield(id) DEFERRABLE INITIALLY DEFERRED;


--
-- Name: wetLab__modification_type_id_30848c9d_fk_organization_choice_id; Type: FK CONSTRAINT; Schema: public; Owner: dekker_lab
--

ALTER TABLE ONLY "wetLab_modification"
    ADD CONSTRAINT "wetLab__modification_type_id_30848c9d_fk_organization_choice_id" FOREIGN KEY (modification_type_id) REFERENCES organization_choice(id) DEFERRABLE INITIALLY DEFERRED;


--
-- Name: wetLab__targeted_region_id_c915f0ca_fk_wetLab_genomicregions_id; Type: FK CONSTRAINT; Schema: public; Owner: dekker_lab
--

ALTER TABLE ONLY "wetLab_target"
    ADD CONSTRAINT "wetLab__targeted_region_id_c915f0ca_fk_wetLab_genomicregions_id" FOREIGN KEY (targeted_region_id) REFERENCES "wetLab_genomicregions"(id) DEFERRABLE INITIALLY DEFERRED;


--
-- Name: wetLab_b_biosample_biosource_id_82ea3a64_fk_wetLab_biosource_id; Type: FK CONSTRAINT; Schema: public; Owner: dekker_lab
--

ALTER TABLE ONLY "wetLab_biosample"
    ADD CONSTRAINT "wetLab_b_biosample_biosource_id_82ea3a64_fk_wetLab_biosource_id" FOREIGN KEY (biosample_biosource_id) REFERENCES "wetLab_biosource"(id) DEFERRABLE INITIALLY DEFERRED;


--
-- Name: wetLab_b_othertreatment_id_0ff5988a_fk_wetLab_othertreatment_id; Type: FK CONSTRAINT; Schema: public; Owner: dekker_lab
--

ALTER TABLE ONLY "wetLab_biosample_biosample_OtherTreatment"
    ADD CONSTRAINT "wetLab_b_othertreatment_id_0ff5988a_fk_wetLab_othertreatment_id" FOREIGN KEY (othertreatment_id) REFERENCES "wetLab_othertreatment"(id) DEFERRABLE INITIALLY DEFERRED;


--
-- Name: wetLab_barc_barcode_index_id_751115d5_fk_organization_choice_id; Type: FK CONSTRAINT; Schema: public; Owner: dekker_lab
--

ALTER TABLE ONLY "wetLab_barcode"
    ADD CONSTRAINT "wetLab_barc_barcode_index_id_751115d5_fk_organization_choice_id" FOREIGN KEY (barcode_index_id) REFERENCES organization_choice(id) DEFERRABLE INITIALLY DEFERRED;


--
-- Name: wetLab_bi_references_id_703e4a56_fk_organization_publication_id; Type: FK CONSTRAINT; Schema: public; Owner: dekker_lab
--

ALTER TABLE ONLY "wetLab_biosample"
    ADD CONSTRAINT "wetLab_bi_references_id_703e4a56_fk_organization_publication_id" FOREIGN KEY (references_id) REFERENCES organization_publication(id) DEFERRABLE INITIALLY DEFERRED;


--
-- Name: wetLab_bi_references_id_7c47cdb4_fk_organization_publication_id; Type: FK CONSTRAINT; Schema: public; Owner: dekker_lab
--

ALTER TABLE ONLY "wetLab_biosource"
    ADD CONSTRAINT "wetLab_bi_references_id_7c47cdb4_fk_organization_publication_id" FOREIGN KEY (references_id) REFERENCES organization_publication(id) DEFERRABLE INITIALLY DEFERRED;


--
-- Name: wetLab_bio_biosource_type_id_d26559e3_fk_organization_choice_id; Type: FK CONSTRAINT; Schema: public; Owner: dekker_lab
--

ALTER TABLE ONLY "wetLab_biosource"
    ADD CONSTRAINT "wetLab_bio_biosource_type_id_d26559e3_fk_organization_choice_id" FOREIGN KEY (biosource_type_id) REFERENCES organization_choice(id) DEFERRABLE INITIALLY DEFERRED;


--
-- Name: wetLab_bio_treatmentrnai_id_ae1b6d2f_fk_wetLab_treatmentrnai_id; Type: FK CONSTRAINT; Schema: public; Owner: dekker_lab
--

ALTER TABLE ONLY "wetLab_biosample_biosample_TreatmentRnai"
    ADD CONSTRAINT "wetLab_bio_treatmentrnai_id_ae1b6d2f_fk_wetLab_treatmentrnai_id" FOREIGN KEY (treatmentrnai_id) REFERENCES "wetLab_treatmentrnai"(id) DEFERRABLE INITIALLY DEFERRED;


--
-- Name: wetLab_biosa_imageobjects_id_eca7cf1c_fk_dryLab_imageobjects_id; Type: FK CONSTRAINT; Schema: public; Owner: dekker_lab
--

ALTER TABLE ONLY "wetLab_biosample_imageObjects"
    ADD CONSTRAINT "wetLab_biosa_imageobjects_id_eca7cf1c_fk_dryLab_imageobjects_id" FOREIGN KEY (imageobjects_id) REFERENCES "dryLab_imageobjects"(id) DEFERRABLE INITIALLY DEFERRED;


--
-- Name: wetLab_biosa_modification_id_2f7fb9c4_fk_wetLab_modification_id; Type: FK CONSTRAINT; Schema: public; Owner: dekker_lab
--

ALTER TABLE ONLY "wetLab_biosample_modifications"
    ADD CONSTRAINT "wetLab_biosa_modification_id_2f7fb9c4_fk_wetLab_modification_id" FOREIGN KEY (modification_id) REFERENCES "wetLab_modification"(id) DEFERRABLE INITIALLY DEFERRED;


--
-- Name: wetLab_biosample_b_biosample_id_59b26aa0_fk_wetLab_biosample_id; Type: FK CONSTRAINT; Schema: public; Owner: dekker_lab
--

ALTER TABLE ONLY "wetLab_biosample_biosample_TreatmentRnai"
    ADD CONSTRAINT "wetLab_biosample_b_biosample_id_59b26aa0_fk_wetLab_biosample_id" FOREIGN KEY (biosample_id) REFERENCES "wetLab_biosample"(id) DEFERRABLE INITIALLY DEFERRED;


--
-- Name: wetLab_biosample_b_biosample_id_af7f64b2_fk_wetLab_biosample_id; Type: FK CONSTRAINT; Schema: public; Owner: dekker_lab
--

ALTER TABLE ONLY "wetLab_biosample_biosample_OtherTreatment"
    ADD CONSTRAINT "wetLab_biosample_b_biosample_id_af7f64b2_fk_wetLab_biosample_id" FOREIGN KEY (biosample_id) REFERENCES "wetLab_biosample"(id) DEFERRABLE INITIALLY DEFERRED;


--
-- Name: wetLab_biosample_b_biosample_id_c08ea550_fk_wetLab_biosample_id; Type: FK CONSTRAINT; Schema: public; Owner: dekker_lab
--

ALTER TABLE ONLY "wetLab_biosample_biosample_TreatmentChemical"
    ADD CONSTRAINT "wetLab_biosample_b_biosample_id_c08ea550_fk_wetLab_biosample_id" FOREIGN KEY (biosample_id) REFERENCES "wetLab_biosample"(id) DEFERRABLE INITIALLY DEFERRED;


--
-- Name: wetLab_biosample_document_id_31113ac5_fk_wetLab_document_id; Type: FK CONSTRAINT; Schema: public; Owner: dekker_lab
--

ALTER TABLE ONLY "wetLab_biosample"
    ADD CONSTRAINT "wetLab_biosample_document_id_31113ac5_fk_wetLab_document_id" FOREIGN KEY (document_id) REFERENCES "wetLab_document"(id) DEFERRABLE INITIALLY DEFERRED;


--
-- Name: wetLab_biosample_i_biosample_id_da4aa17d_fk_wetLab_biosample_id; Type: FK CONSTRAINT; Schema: public; Owner: dekker_lab
--

ALTER TABLE ONLY "wetLab_biosample_imageObjects"
    ADD CONSTRAINT "wetLab_biosample_i_biosample_id_da4aa17d_fk_wetLab_biosample_id" FOREIGN KEY (biosample_id) REFERENCES "wetLab_biosample"(id) DEFERRABLE INITIALLY DEFERRED;


--
-- Name: wetLab_biosample_individual_id_3ab38a35_fk_wetLab_individual_id; Type: FK CONSTRAINT; Schema: public; Owner: dekker_lab
--

ALTER TABLE ONLY "wetLab_biosample"
    ADD CONSTRAINT "wetLab_biosample_individual_id_3ab38a35_fk_wetLab_individual_id" FOREIGN KEY (biosample_individual_id) REFERENCES "wetLab_individual"(id) DEFERRABLE INITIALLY DEFERRED;


--
-- Name: wetLab_biosample_m_biosample_id_f42dbdd7_fk_wetLab_biosample_id; Type: FK CONSTRAINT; Schema: public; Owner: dekker_lab
--

ALTER TABLE ONLY "wetLab_biosample_modifications"
    ADD CONSTRAINT "wetLab_biosample_m_biosample_id_f42dbdd7_fk_wetLab_biosample_id" FOREIGN KEY (biosample_id) REFERENCES "wetLab_biosample"(id) DEFERRABLE INITIALLY DEFERRED;


--
-- Name: wetLab_biosample_protocol_id_9351798d_fk_wetLab_protocol_id; Type: FK CONSTRAINT; Schema: public; Owner: dekker_lab
--

ALTER TABLE ONLY "wetLab_biosample"
    ADD CONSTRAINT "wetLab_biosample_protocol_id_9351798d_fk_wetLab_protocol_id" FOREIGN KEY (protocol_id) REFERENCES "wetLab_protocol"(id) DEFERRABLE INITIALLY DEFERRED;


--
-- Name: wetLab_biosample_userOwner_id_57ad95fa_fk_auth_user_id; Type: FK CONSTRAINT; Schema: public; Owner: dekker_lab
--

ALTER TABLE ONLY "wetLab_biosample"
    ADD CONSTRAINT "wetLab_biosample_userOwner_id_57ad95fa_fk_auth_user_id" FOREIGN KEY ("userOwner_id") REFERENCES auth_user(id) DEFERRABLE INITIALLY DEFERRED;


--
-- Name: wetLab_bioso_modification_id_4ea34fa6_fk_wetLab_modification_id; Type: FK CONSTRAINT; Schema: public; Owner: dekker_lab
--

ALTER TABLE ONLY "wetLab_biosource_modifications"
    ADD CONSTRAINT "wetLab_bioso_modification_id_4ea34fa6_fk_wetLab_modification_id" FOREIGN KEY (modification_id) REFERENCES "wetLab_modification"(id) DEFERRABLE INITIALLY DEFERRED;


--
-- Name: wetLab_biosour_biosource_vendor_id_4a1ed00a_fk_wetLab_vendor_id; Type: FK CONSTRAINT; Schema: public; Owner: dekker_lab
--

ALTER TABLE ONLY "wetLab_biosource"
    ADD CONSTRAINT "wetLab_biosour_biosource_vendor_id_4a1ed00a_fk_wetLab_vendor_id" FOREIGN KEY (biosource_vendor_id) REFERENCES "wetLab_vendor"(id) DEFERRABLE INITIALLY DEFERRED;


--
-- Name: wetLab_biosource_document_id_9e29a94e_fk_wetLab_document_id; Type: FK CONSTRAINT; Schema: public; Owner: dekker_lab
--

ALTER TABLE ONLY "wetLab_biosource"
    ADD CONSTRAINT "wetLab_biosource_document_id_9e29a94e_fk_wetLab_document_id" FOREIGN KEY (document_id) REFERENCES "wetLab_document"(id) DEFERRABLE INITIALLY DEFERRED;


--
-- Name: wetLab_biosource_individual_id_3ca7f7da_fk_wetLab_individual_id; Type: FK CONSTRAINT; Schema: public; Owner: dekker_lab
--

ALTER TABLE ONLY "wetLab_biosource"
    ADD CONSTRAINT "wetLab_biosource_individual_id_3ca7f7da_fk_wetLab_individual_id" FOREIGN KEY (biosource_individual_id) REFERENCES "wetLab_individual"(id) DEFERRABLE INITIALLY DEFERRED;


--
-- Name: wetLab_biosource_m_biosource_id_7afa9996_fk_wetLab_biosource_id; Type: FK CONSTRAINT; Schema: public; Owner: dekker_lab
--

ALTER TABLE ONLY "wetLab_biosource_modifications"
    ADD CONSTRAINT "wetLab_biosource_m_biosource_id_7afa9996_fk_wetLab_biosource_id" FOREIGN KEY (biosource_id) REFERENCES "wetLab_biosource"(id) DEFERRABLE INITIALLY DEFERRED;


--
-- Name: wetLab_biosource_protocol_id_71dc0718_fk_wetLab_protocol_id; Type: FK CONSTRAINT; Schema: public; Owner: dekker_lab
--

ALTER TABLE ONLY "wetLab_biosource"
    ADD CONSTRAINT "wetLab_biosource_protocol_id_71dc0718_fk_wetLab_protocol_id" FOREIGN KEY (protocol_id) REFERENCES "wetLab_protocol"(id) DEFERRABLE INITIALLY DEFERRED;


--
-- Name: wetLab_co_references_id_ce7f8367_fk_organization_publication_id; Type: FK CONSTRAINT; Schema: public; Owner: dekker_lab
--

ALTER TABLE ONLY "wetLab_construct"
    ADD CONSTRAINT "wetLab_co_references_id_ce7f8367_fk_organization_publication_id" FOREIGN KEY (references_id) REFERENCES organization_publication(id) DEFERRABLE INITIALLY DEFERRED;


--
-- Name: wetLab_con_construct_type_id_91051673_fk_organization_choice_id; Type: FK CONSTRAINT; Schema: public; Owner: dekker_lab
--

ALTER TABLE ONLY "wetLab_construct"
    ADD CONSTRAINT "wetLab_con_construct_type_id_91051673_fk_organization_choice_id" FOREIGN KEY (construct_type_id) REFERENCES organization_choice(id) DEFERRABLE INITIALLY DEFERRED;


--
-- Name: wetLab_constru_construct_vendor_id_5eb47aff_fk_wetLab_vendor_id; Type: FK CONSTRAINT; Schema: public; Owner: dekker_lab
--

ALTER TABLE ONLY "wetLab_construct"
    ADD CONSTRAINT "wetLab_constru_construct_vendor_id_5eb47aff_fk_wetLab_vendor_id" FOREIGN KEY (construct_vendor_id) REFERENCES "wetLab_vendor"(id) DEFERRABLE INITIALLY DEFERRED;


--
-- Name: wetLab_construct_document_id_09a4c4d7_fk_wetLab_document_id; Type: FK CONSTRAINT; Schema: public; Owner: dekker_lab
--

ALTER TABLE ONLY "wetLab_construct"
    ADD CONSTRAINT "wetLab_construct_document_id_09a4c4d7_fk_wetLab_document_id" FOREIGN KEY (document_id) REFERENCES "wetLab_document"(id) DEFERRABLE INITIALLY DEFERRED;


--
-- Name: wetLab_do_references_id_a1ad0764_fk_organization_publication_id; Type: FK CONSTRAINT; Schema: public; Owner: dekker_lab
--

ALTER TABLE ONLY "wetLab_document"
    ADD CONSTRAINT "wetLab_do_references_id_a1ad0764_fk_organization_publication_id" FOREIGN KEY (references_id) REFERENCES organization_publication(id) DEFERRABLE INITIALLY DEFERRED;


--
-- Name: wetLab_document_type_id_8b911b7d_fk_organization_choice_id; Type: FK CONSTRAINT; Schema: public; Owner: dekker_lab
--

ALTER TABLE ONLY "wetLab_document"
    ADD CONSTRAINT "wetLab_document_type_id_8b911b7d_fk_organization_choice_id" FOREIGN KEY (type_id) REFERENCES organization_choice(id) DEFERRABLE INITIALLY DEFERRED;


--
-- Name: wetLab_en_references_id_9a59a362_fk_organization_publication_id; Type: FK CONSTRAINT; Schema: public; Owner: dekker_lab
--

ALTER TABLE ONLY "wetLab_enzyme"
    ADD CONSTRAINT "wetLab_en_references_id_9a59a362_fk_organization_publication_id" FOREIGN KEY (references_id) REFERENCES organization_publication(id) DEFERRABLE INITIALLY DEFERRED;


--
-- Name: wetLab_enzyme_document_id_bd8ef6dc_fk_wetLab_document_id; Type: FK CONSTRAINT; Schema: public; Owner: dekker_lab
--

ALTER TABLE ONLY "wetLab_enzyme"
    ADD CONSTRAINT "wetLab_enzyme_document_id_bd8ef6dc_fk_wetLab_document_id" FOREIGN KEY (document_id) REFERENCES "wetLab_document"(id) DEFERRABLE INITIALLY DEFERRED;


--
-- Name: wetLab_enzyme_enzyme_vendor_id_f3eed508_fk_wetLab_vendor_id; Type: FK CONSTRAINT; Schema: public; Owner: dekker_lab
--

ALTER TABLE ONLY "wetLab_enzyme"
    ADD CONSTRAINT "wetLab_enzyme_enzyme_vendor_id_f3eed508_fk_wetLab_vendor_id" FOREIGN KEY (enzyme_vendor_id) REFERENCES "wetLab_vendor"(id) DEFERRABLE INITIALLY DEFERRED;


--
-- Name: wetLab_in_references_id_ddae2447_fk_organization_publication_id; Type: FK CONSTRAINT; Schema: public; Owner: dekker_lab
--

ALTER TABLE ONLY "wetLab_individual"
    ADD CONSTRAINT "wetLab_in_references_id_ddae2447_fk_organization_publication_id" FOREIGN KEY (references_id) REFERENCES organization_publication(id) DEFERRABLE INITIALLY DEFERRED;


--
-- Name: wetLab_indivi_individual_vendor_id_f2042631_fk_wetLab_vendor_id; Type: FK CONSTRAINT; Schema: public; Owner: dekker_lab
--

ALTER TABLE ONLY "wetLab_individual"
    ADD CONSTRAINT "wetLab_indivi_individual_vendor_id_f2042631_fk_wetLab_vendor_id" FOREIGN KEY (individual_vendor_id) REFERENCES "wetLab_vendor"(id) DEFERRABLE INITIALLY DEFERRED;


--
-- Name: wetLab_individual_document_id_b7d445c8_fk_wetLab_document_id; Type: FK CONSTRAINT; Schema: public; Owner: dekker_lab
--

ALTER TABLE ONLY "wetLab_individual"
    ADD CONSTRAINT "wetLab_individual_document_id_b7d445c8_fk_wetLab_document_id" FOREIGN KEY (document_id) REFERENCES "wetLab_document"(id) DEFERRABLE INITIALLY DEFERRED;


--
-- Name: wetLab_individual_userOwner_id_110ef1f8_fk_auth_user_id; Type: FK CONSTRAINT; Schema: public; Owner: dekker_lab
--

ALTER TABLE ONLY "wetLab_individual"
    ADD CONSTRAINT "wetLab_individual_userOwner_id_110ef1f8_fk_auth_user_id" FOREIGN KEY ("userOwner_id") REFERENCES auth_user(id) DEFERRABLE INITIALLY DEFERRED;


--
-- Name: wetLab_mo_references_id_0a8f371b_fk_organization_publication_id; Type: FK CONSTRAINT; Schema: public; Owner: dekker_lab
--

ALTER TABLE ONLY "wetLab_modification"
    ADD CONSTRAINT "wetLab_mo_references_id_0a8f371b_fk_organization_publication_id" FOREIGN KEY (references_id) REFERENCES organization_publication(id) DEFERRABLE INITIALLY DEFERRED;


--
-- Name: wetLab_modi_modification_vendor_id_81e41062_fk_wetLab_vendor_id; Type: FK CONSTRAINT; Schema: public; Owner: dekker_lab
--

ALTER TABLE ONLY "wetLab_modification"
    ADD CONSTRAINT "wetLab_modi_modification_vendor_id_81e41062_fk_wetLab_vendor_id" FOREIGN KEY (modification_vendor_id) REFERENCES "wetLab_vendor"(id) DEFERRABLE INITIALLY DEFERRED;


--
-- Name: wetLab_modificati_constructs_id_6498ba2c_fk_wetLab_construct_id; Type: FK CONSTRAINT; Schema: public; Owner: dekker_lab
--

ALTER TABLE ONLY "wetLab_modification"
    ADD CONSTRAINT "wetLab_modificati_constructs_id_6498ba2c_fk_wetLab_construct_id" FOREIGN KEY (constructs_id) REFERENCES "wetLab_construct"(id) DEFERRABLE INITIALLY DEFERRED;


--
-- Name: wetLab_modification_document_id_602fd2f6_fk_wetLab_document_id; Type: FK CONSTRAINT; Schema: public; Owner: dekker_lab
--

ALTER TABLE ONLY "wetLab_modification"
    ADD CONSTRAINT "wetLab_modification_document_id_602fd2f6_fk_wetLab_document_id" FOREIGN KEY (document_id) REFERENCES "wetLab_document"(id) DEFERRABLE INITIALLY DEFERRED;


--
-- Name: wetLab_modification_target_id_5e814bd6_fk_wetLab_target_id; Type: FK CONSTRAINT; Schema: public; Owner: dekker_lab
--

ALTER TABLE ONLY "wetLab_modification"
    ADD CONSTRAINT "wetLab_modification_target_id_5e814bd6_fk_wetLab_target_id" FOREIGN KEY (target_id) REFERENCES "wetLab_target"(id) DEFERRABLE INITIALLY DEFERRED;


--
-- Name: wetLab_modification_userOwner_id_79361801_fk_auth_user_id; Type: FK CONSTRAINT; Schema: public; Owner: dekker_lab
--

ALTER TABLE ONLY "wetLab_modification"
    ADD CONSTRAINT "wetLab_modification_userOwner_id_79361801_fk_auth_user_id" FOREIGN KEY ("userOwner_id") REFERENCES auth_user(id) DEFERRABLE INITIALLY DEFERRED;


--
-- Name: wetLab_ot_references_id_9e300c23_fk_organization_publication_id; Type: FK CONSTRAINT; Schema: public; Owner: dekker_lab
--

ALTER TABLE ONLY "wetLab_othertreatment"
    ADD CONSTRAINT "wetLab_ot_references_id_9e300c23_fk_organization_publication_id" FOREIGN KEY (references_id) REFERENCES organization_publication(id) DEFERRABLE INITIALLY DEFERRED;


--
-- Name: wetLab_othertreatmen_document_id_bb8cd5d4_fk_wetLab_document_id; Type: FK CONSTRAINT; Schema: public; Owner: dekker_lab
--

ALTER TABLE ONLY "wetLab_othertreatment"
    ADD CONSTRAINT "wetLab_othertreatmen_document_id_bb8cd5d4_fk_wetLab_document_id" FOREIGN KEY (document_id) REFERENCES "wetLab_document"(id) DEFERRABLE INITIALLY DEFERRED;


--
-- Name: wetLab_othertreatment_userOwner_id_4cd54f2d_fk_auth_user_id; Type: FK CONSTRAINT; Schema: public; Owner: dekker_lab
--

ALTER TABLE ONLY "wetLab_othertreatment"
    ADD CONSTRAINT "wetLab_othertreatment_userOwner_id_4cd54f2d_fk_auth_user_id" FOREIGN KEY ("userOwner_id") REFERENCES auth_user(id) DEFERRABLE INITIALLY DEFERRED;


--
-- Name: wetLab_protocol_enzyme_id_8b474619_fk_wetLab_enzyme_id; Type: FK CONSTRAINT; Schema: public; Owner: dekker_lab
--

ALTER TABLE ONLY "wetLab_protocol"
    ADD CONSTRAINT "wetLab_protocol_enzyme_id_8b474619_fk_wetLab_enzyme_id" FOREIGN KEY (enzyme_id) REFERENCES "wetLab_enzyme"(id) DEFERRABLE INITIALLY DEFERRED;


--
-- Name: wetLab_protocol_userOwner_id_6757ad30_fk_auth_user_id; Type: FK CONSTRAINT; Schema: public; Owner: dekker_lab
--

ALTER TABLE ONLY "wetLab_protocol"
    ADD CONSTRAINT "wetLab_protocol_userOwner_id_6757ad30_fk_auth_user_id" FOREIGN KEY ("userOwner_id") REFERENCES auth_user(id) DEFERRABLE INITIALLY DEFERRED;


--
-- Name: wetLab_ta_references_id_4b04ce4e_fk_organization_publication_id; Type: FK CONSTRAINT; Schema: public; Owner: dekker_lab
--

ALTER TABLE ONLY "wetLab_target"
    ADD CONSTRAINT "wetLab_ta_references_id_4b04ce4e_fk_organization_publication_id" FOREIGN KEY (references_id) REFERENCES organization_publication(id) DEFERRABLE INITIALLY DEFERRED;


--
-- Name: wetLab_target_document_id_21a4b1ed_fk_wetLab_document_id; Type: FK CONSTRAINT; Schema: public; Owner: dekker_lab
--

ALTER TABLE ONLY "wetLab_target"
    ADD CONSTRAINT "wetLab_target_document_id_21a4b1ed_fk_wetLab_document_id" FOREIGN KEY (document_id) REFERENCES "wetLab_document"(id) DEFERRABLE INITIALLY DEFERRED;


--
-- Name: wetLab_tr_references_id_939f24c4_fk_organization_publication_id; Type: FK CONSTRAINT; Schema: public; Owner: dekker_lab
--

ALTER TABLE ONLY "wetLab_treatmentrnai"
    ADD CONSTRAINT "wetLab_tr_references_id_939f24c4_fk_organization_publication_id" FOREIGN KEY (references_id) REFERENCES organization_publication(id) DEFERRABLE INITIALLY DEFERRED;


--
-- Name: wetLab_tr_references_id_f8814838_fk_organization_publication_id; Type: FK CONSTRAINT; Schema: public; Owner: dekker_lab
--

ALTER TABLE ONLY "wetLab_treatmentchemical"
    ADD CONSTRAINT "wetLab_tr_references_id_f8814838_fk_organization_publication_id" FOREIGN KEY (references_id) REFERENCES organization_publication(id) DEFERRABLE INITIALLY DEFERRED;


--
-- Name: wetLab_tre_treatmentRnai_target_id_aeba71e9_fk_wetLab_target_id; Type: FK CONSTRAINT; Schema: public; Owner: dekker_lab
--

ALTER TABLE ONLY "wetLab_treatmentrnai"
    ADD CONSTRAINT "wetLab_tre_treatmentRnai_target_id_aeba71e9_fk_wetLab_target_id" FOREIGN KEY ("treatmentRnai_target_id") REFERENCES "wetLab_target"(id) DEFERRABLE INITIALLY DEFERRED;


--
-- Name: wetLab_tre_treatmentRnai_vendor_id_7e3bf8a9_fk_wetLab_vendor_id; Type: FK CONSTRAINT; Schema: public; Owner: dekker_lab
--

ALTER TABLE ONLY "wetLab_treatmentrnai"
    ADD CONSTRAINT "wetLab_tre_treatmentRnai_vendor_id_7e3bf8a9_fk_wetLab_vendor_id" FOREIGN KEY ("treatmentRnai_vendor_id") REFERENCES "wetLab_vendor"(id) DEFERRABLE INITIALLY DEFERRED;


--
-- Name: wetLab_treatmentRnai_type_id_46d1d8cc_fk_organization_choice_id; Type: FK CONSTRAINT; Schema: public; Owner: dekker_lab
--

ALTER TABLE ONLY "wetLab_treatmentrnai"
    ADD CONSTRAINT "wetLab_treatmentRnai_type_id_46d1d8cc_fk_organization_choice_id" FOREIGN KEY ("treatmentRnai_type_id") REFERENCES organization_choice(id) DEFERRABLE INITIALLY DEFERRED;


--
-- Name: wetLab_treatmentchem_document_id_5a28e27d_fk_wetLab_document_id; Type: FK CONSTRAINT; Schema: public; Owner: dekker_lab
--

ALTER TABLE ONLY "wetLab_treatmentchemical"
    ADD CONSTRAINT "wetLab_treatmentchem_document_id_5a28e27d_fk_wetLab_document_id" FOREIGN KEY (document_id) REFERENCES "wetLab_document"(id) DEFERRABLE INITIALLY DEFERRED;


--
-- Name: wetLab_treatmentchemical_userOwner_id_02d3cff4_fk_auth_user_id; Type: FK CONSTRAINT; Schema: public; Owner: dekker_lab
--

ALTER TABLE ONLY "wetLab_treatmentchemical"
    ADD CONSTRAINT "wetLab_treatmentchemical_userOwner_id_02d3cff4_fk_auth_user_id" FOREIGN KEY ("userOwner_id") REFERENCES auth_user(id) DEFERRABLE INITIALLY DEFERRED;


--
-- Name: wetLab_treatmentr_constructs_id_1d5977e5_fk_wetLab_construct_id; Type: FK CONSTRAINT; Schema: public; Owner: dekker_lab
--

ALTER TABLE ONLY "wetLab_treatmentrnai"
    ADD CONSTRAINT "wetLab_treatmentr_constructs_id_1d5977e5_fk_wetLab_construct_id" FOREIGN KEY (constructs_id) REFERENCES "wetLab_construct"(id) DEFERRABLE INITIALLY DEFERRED;


--
-- Name: wetLab_treatmentrnai_document_id_b3b0e94b_fk_wetLab_document_id; Type: FK CONSTRAINT; Schema: public; Owner: dekker_lab
--

ALTER TABLE ONLY "wetLab_treatmentrnai"
    ADD CONSTRAINT "wetLab_treatmentrnai_document_id_b3b0e94b_fk_wetLab_document_id" FOREIGN KEY (document_id) REFERENCES "wetLab_document"(id) DEFERRABLE INITIALLY DEFERRED;


--
-- Name: wetLab_treatmentrnai_userOwner_id_57cdc28c_fk_auth_user_id; Type: FK CONSTRAINT; Schema: public; Owner: dekker_lab
--

ALTER TABLE ONLY "wetLab_treatmentrnai"
    ADD CONSTRAINT "wetLab_treatmentrnai_userOwner_id_57cdc28c_fk_auth_user_id" FOREIGN KEY ("userOwner_id") REFERENCES auth_user(id) DEFERRABLE INITIALLY DEFERRED;


--
-- Name: wet_individual_type_id_71610160_fk_organization_jsonobjfield_id; Type: FK CONSTRAINT; Schema: public; Owner: dekker_lab
--

ALTER TABLE ONLY "wetLab_individual"
    ADD CONSTRAINT wet_individual_type_id_71610160_fk_organization_jsonobjfield_id FOREIGN KEY (individual_type_id) REFERENCES organization_jsonobjfield(id) DEFERRABLE INITIALLY DEFERRED;


--
-- Name: public; Type: ACL; Schema: -; Owner: nanda
--

REVOKE ALL ON SCHEMA public FROM PUBLIC;
REVOKE ALL ON SCHEMA public FROM nanda;
GRANT ALL ON SCHEMA public TO nanda;
GRANT ALL ON SCHEMA public TO PUBLIC;


--
-- PostgreSQL database dump complete
--

