[
{
  "model": "auth.group",
  "pk": 1,
  "fields": {
    "name": "Collaborator",
    "permissions": []
  }
},
{
  "model": "auth.group",
  "pk": 2,
  "fields": {
    "name": "Admin",
    "permissions": [
      1,
      2,
      3,
      7,
      8,
      9,
      4,
      5,
      6,
      10,
      11,
      12,
      13,
      14,
      15,
      52,
      53,
      54,
      49,
      50,
      51,
      46,
      47,
      48,
      43,
      44,
      45,
      37,
      38,
      39,
      22,
      23,
      24,
      28,
      29,
      30,
      31,
      32,
      33,
      19,
      20,
      21,
      25,
      26,
      27,
      34,
      35,
      36,
      40,
      41,
      42,
      16,
      17,
      18,
      91,
      92,
      93,
      85,
      86,
      87,
      82,
      83,
      84,
      61,
      62,
      63,
      55,
      56,
      57,
      76,
      77,
      78,
      64,
      65,
      66,
      73,
      74,
      75,
      70,
      71,
      72,
      79,
      80,
      81,
      67,
      68,
      69,
      58,
      59,
      60
    ]
  }
},
{
  "model": "auth.group",
  "pk": 3,
  "fields": {
    "name": "Principal Investigator",
    "permissions": [
      52,
      53,
      54,
      49,
      50,
      51,
      46,
      47,
      48,
      43,
      44,
      45,
      37,
      38,
      39,
      22,
      23,
      24,
      28,
      29,
      30,
      31,
      32,
      33,
      19,
      20,
      21,
      25,
      26,
      27,
      34,
      35,
      36,
      40,
      41,
      42,
      16,
      17,
      18,
      91,
      92,
      93,
      85,
      86,
      87,
      82,
      83,
      84,
      61,
      62,
      63,
      55,
      56,
      57,
      76,
      77,
      78,
      64,
      65,
      66,
      73,
      74,
      75,
      70,
      71,
      72,
      79,
      80,
      81,
      67,
      68,
      69,
      58,
      59,
      60
    ]
  }
},
{
  "model": "auth.group",
  "pk": 4,
  "fields": {
    "name": "Member",
    "permissions": [
      52,
      53,
      54,
      49,
      50,
      51,
      46,
      47,
      48,
      43,
      44,
      45,
      28,
      29,
      30,
      31,
      32,
      33,
      25,
      26,
      27,
      34,
      35,
      36,
      40,
      41,
      42,
      16,
      17,
      18,
      91,
      92,
      93,
      85,
      86,
      87,
      82,
      83,
      84,
      61,
      62,
      63,
      55,
      56,
      57,
      64,
      65,
      66,
      73,
      74,
      75,
      70,
      71,
      72,
      79,
      80,
      81,
      67,
      68,
      69,
      58,
      59,
      60
    ]
  }
},
{
  "model": "auth.user",
  "pk": 1,
  "fields": {
    "password": "pbkdf2_sha256$24000$vpV1R1QMywoL$WBFwXA0UPx8fRHMCICeInMX4fdtEJ+8XjpYyYDtvyJU=",
    "last_login": "2016-11-22T19:30:25.144Z",
    "is_superuser": true,
    "username": "admin",
    "first_name": "",
    "last_name": "",
    "email": "nand@gmail.com",
    "is_staff": true,
    "is_active": true,
    "date_joined": "2016-11-02T19:11:29Z",
    "groups": [
      2
    ],
    "user_permissions": []
  }
},
{
  "model": "auth.user",
  "pk": 2,
  "fields": {
    "password": "pbkdf2_sha256$24000$JTY8e3XBPc74$QQvGzaZrO1oPuwRHDJj4xmhqbHsaXyL+oAF4D1myv1E=",
    "last_login": "2016-11-20T20:12:49.240Z",
    "is_superuser": false,
    "username": "hakan",
    "first_name": "Hakan",
    "last_name": "Ozadam",
    "email": "",
    "is_staff": false,
    "is_active": true,
    "date_joined": "2016-11-07T22:16:30Z",
    "groups": [
      4
    ],
    "user_permissions": []
  }
},
{
  "model": "auth.user",
  "pk": 3,
  "fields": {
    "password": "pbkdf2_sha256$24000$dIiAg1g9qgpv$iZjesX5Oq4Hp5ATggLiBzH1pKyt7V25UdA7myV4R2tA=",
    "last_login": "2016-11-20T20:13:22.993Z",
    "is_superuser": false,
    "username": "ram",
    "first_name": "Ram",
    "last_name": "Mathur",
    "email": "",
    "is_staff": false,
    "is_active": true,
    "date_joined": "2016-11-20T20:09:37Z",
    "groups": [
      1
    ],
    "user_permissions": []
  }
},
{
  "model": "auth.user",
  "pk": 4,
  "fields": {
    "password": "pbkdf2_sha256$24000$m2j9vw3bVSjt$VEi1/ljDgTWWUBFwBpOqVBQ0dycxZjxcaAuN281aoVo=",
    "last_login": null,
    "is_superuser": false,
    "username": "job",
    "first_name": "Job",
    "last_name": "Dekker",
    "email": "",
    "is_staff": false,
    "is_active": true,
    "date_joined": "2016-11-20T20:10:27Z",
    "groups": [
      3
    ],
    "user_permissions": []
  }
},
{
  "model": "sessions.session",
  "pk": "b2p5h8q10uhh9jno8a6yps3lamuj0y3u",
  "fields": {
    "session_data": "OTY1OGI3YzgxYTliMjkwZjA1YTgwNTIzYjgwNzFlYTdlNjRlMWU2ZTp7InByb2plY3RJZCI6IjciLCJfYXV0aF91c2VyX2JhY2tlbmQiOiJkamFuZ28uY29udHJpYi5hdXRoLmJhY2tlbmRzLk1vZGVsQmFja2VuZCIsIl9hdXRoX3VzZXJfaGFzaCI6IjcwNmY5OTRkYTA2MWFiNGJhZmEwOTYzN2JiOWU1MTFjNTQ1NzU1M2MiLCJleHBlcmltZW50SWQiOiIyNiIsIl9hdXRoX3VzZXJfaWQiOiIxIiwiY3VycmVudEdyb3VwIjoiYWRtaW4ifQ==",
    "expire_date": "2016-12-06T20:15:21.529Z"
  }
},
{
  "model": "sessions.session",
  "pk": "c9zrsexceboafutxht2raixd9qduywva",
  "fields": {
    "session_data": "NjMzNDRjNTdiODllNThlMWZkNmM4NTVlM2U2ZDFlYThmMmYyYWM4Mzp7ImV4cGVyaW1lbnRJZCI6IjI2IiwiX2F1dGhfdXNlcl9pZCI6IjEiLCJfYXV0aF91c2VyX2hhc2giOiI3MDZmOTk0ZGEwNjFhYjRiYWZhMDk2MzdiYjllNTExYzU0NTc1NTNjIiwiX2F1dGhfdXNlcl9iYWNrZW5kIjoiZGphbmdvLmNvbnRyaWIuYXV0aC5iYWNrZW5kcy5Nb2RlbEJhY2tlbmQiLCJwcm9qZWN0SWQiOiI3IiwiY3VycmVudEdyb3VwIjoiYWRtaW4ifQ==",
    "expire_date": "2016-12-05T21:33:00.088Z"
  }
},
{
  "model": "organization.jsonobjfield",
  "pk": 1,
  "fields": {
    "field_name": "CaptureC Protocol",
    "field_type": "Protocol",
    "field_set": {
      "crosslinking_temperature": {
        "data": "number",
        "help": "Temperature of crosslinking step in degrees Celsius",
        "required": "no"
      },
      "ligation_time": {
        "data": "number",
        "help": "Time of ligation step in minutes",
        "required": "no"
      },
      "fragmentation_method": {
        "data": "choices",
        "help": "A short description or reference of the nucleic acid fragmentation protocol used in library preparation, if applicable.",
        "required": "no",
        "choices": {
          "3": "sonication",
          "5": "none",
          "1": "chemical",
          "2": "shearing",
          "4": "see protocol document",
          "6": "n/a"
        }
      },
      "digestion_temperature": {
        "data": "number",
        "help": "Temperature of digestion step in degrees Celsius",
        "required": "no"
      },
      "fragment_size_selection_method": {
        "data": "choices",
        "help": "A short description or reference of the size selection protocol used in library preparation, if applicable.",
        "required": "no",
        "choices": {
          "3": "SPRI beads",
          "1": "gel",
          "2": "see document"
        }
      },
      "experiment_type": {
        "data": "choices",
        "help": "A controlled term specifying the type of experiment.",
        "required": "yes",
        "choices": {
          "1": "capture Hi-C"
        }
      },
      "dbxrefs": {
        "data": "Array",
        "help": "Unique identifiers from external resources.",
        "required": "no"
      },
      "crosslinking_time": {
        "data": "number",
        "help": "Time of crosslinking step in minutes",
        "required": "no"
      },
      "ligation_temperature": {
        "data": "number",
        "help": "Temperature of ligation step in degrees Celsius",
        "required": "no"
      },
      "tagging_method": {
        "data": "string",
        "help": "Information on the biotinylated base used or other tagging info",
        "required": "no"
      },
      "crosslinking_method": {
        "data": "choices",
        "help": "Term used for the method for crosslinking chromatin",
        "required": "no",
        "choices": {
          "3": "1.3% Formaldehyde",
          "1": "none",
          "2": "1% Formaldehyde"
        }
      },
      "enzyme_lot_number": {
        "data": "string",
        "help": "Lot number of batch of enzyme used to digest DNA",
        "required": "no"
      },
      "digestion_time": {
        "data": "number",
        "help": "Time of digestion step in minutes",
        "required": "no"
      },
      "library_preparation_date": {
        "data": "date",
        "Date": "YYYY-MM-DD",
        "required": "no",
        "help": "The date that the library was prepared - submitted"
      },
      "fragment_size_range": {
        "data": "string",
        "help": "The measured size range of the purified nucleic acid, in bp.",
        "required": "no"
      },
      "ligation_volume": {
        "data": "number",
        "help": "Volume of ligation step in milliliters",
        "required": "no"
      },
      "average_fragment_size": {
        "data": "integer",
        "help": "Size of average fragment in base pairs after fragmentation step",
        "required": "no"
      }
    },
    "jsonField_description": ""
  }
},
{
  "model": "organization.jsonobjfield",
  "pk": 2,
  "fields": {
    "field_name": "Hi-C Protocol",
    "field_type": "Protocol",
    "field_set": {
      "crosslinking_temperature": {
        "data": "number",
        "help": "Temperature of crosslinking step in degrees Celsius",
        "required": "no"
      },
      "ligation_time": {
        "data": "number",
        "help": "Time of ligation step in minutes",
        "required": "no"
      },
      "fragmentation_method": {
        "data": "choices",
        "help": "A short description or reference of the nucleic acid fragmentation protocol used in library preparation, if applicable.",
        "required": "no",
        "choices": {
          "3": "sonication",
          "5": "none",
          "1": "chemical",
          "2": "shearing",
          "4": "see protocol document",
          "6": "n/a"
        }
      },
      "digestion_temperature": {
        "data": "number",
        "help": "Temperature of digestion step in degrees Celsius",
        "required": "no"
      },
      "fragment_size_selection_method": {
        "data": "choices",
        "help": "A short description or reference of the size selection protocol used in library preparation, if applicable.",
        "required": "no",
        "choices": {
          "3": "SPRI beads",
          "1": "gel",
          "2": "see document"
        }
      },
      "experiment_type": {
        "data": "choices",
        "help": "A controlled term specifying the type of experiment.",
        "required": "yes",
        "choices": {
          "3": "micro-C",
          "4": "DNase Hi-C",
          "1": "in situ Hi-C",
          "2": "dilution Hi-C"
        }
      },
      "dbxrefs": {
        "data": "Array",
        "help": "Unique identifiers from external resources.",
        "required": "no"
      },
      "crosslinking_time": {
        "data": "number",
        "help": "Time of crosslinking step in minutes",
        "required": "no"
      },
      "ligation_temperature": {
        "data": "number",
        "help": "Temperature of ligation step in degrees Celsius",
        "required": "no"
      },
      "tagging_method": {
        "data": "string",
        "help": "Information on the biotinylated base used or other tagging info",
        "required": "no"
      },
      "crosslinking_method": {
        "data": "choices",
        "help": "Term used for the method for crosslinking chromatin",
        "required": "no",
        "choices": {
          "3": "1.3% Formaldehyde",
          "1": "none",
          "2": "1% Formaldehyde"
        }
      },
      "enzyme_lot_number": {
        "data": "string",
        "help": "Lot number of batch of enzyme used to digest DNA",
        "required": "no"
      },
      "digestion_time": {
        "data": "number",
        "help": "Time of digestion step in minutes",
        "required": "no"
      },
      "library_preparation_date": {
        "data": "date",
        "Date": "YYYY-MM-DD",
        "required": "no",
        "help": "The date that the library was prepared - submitted"
      },
      "fragment_size_range": {
        "data": "string",
        "help": "The measured size range of the purified nucleic acid, in bp.",
        "required": "no"
      },
      "ligation_volume": {
        "data": "number",
        "help": "Volume of ligation step in milliliters",
        "required": "no"
      },
      "average_fragment_size": {
        "data": "integer",
        "help": "Size of average fragment in base pairs after fragmentation step",
        "required": "no"
      }
    },
    "jsonField_description": ""
  }
},
{
  "model": "organization.jsonobjfield",
  "pk": 3,
  "fields": {
    "field_name": "BiosampleCellCulture",
    "field_type": "Biosample",
    "field_set": {
      "culture_start_date": {
        "data": "string",
        "help": "The date the culture was started.",
        "required": "yes"
      },
      "culture_duration": {
        "data": "number",
        "help": "Time cells in culture since first thaw",
        "required": "no"
      },
      "starting_amount_units": {
        "data": "integer",
        "required": "no",
        "choices": {
          "3": "mg",
          "4": "\u03bcg",
          "1": "cells",
          "2": "g"
        }
      },
      "karyotype": {
        "data": "string",
        "help": "Chromosome count and any noted rearrangements or copy number variation",
        "required": "no"
      },
      "culture_duration_units": {
        "data": "choices",
        "required": "no",
        "choices": {
          "3": "days",
          "5": "months",
          "1": "minutes",
          "2": "hours",
          "4": "weeks",
          "6": "years"
        }
      },
      "differentiation_state": {
        "data": "string",
        "help": "Description of markers used to determine the differentiation state of embryonic stem cells.",
        "required": "no"
      },
      "synchronization_stage": {
        "data": "string",
        "help": "Cell cycle stage at which culture is synchronized",
        "required": "no"
      },
      "passage_number": {
        "data": "integer",
        "help": "Number of passages of the cell culture",
        "required": "no"
      },
      "dbxrefs": {
        "data": "array",
        "help": "Unique identifiers from external resources.",
        "required": "no"
      },
      "starting_amount": {
        "data": "integer",
        "help": "The initial quantity of cells used for the culture.",
        "required": "no"
      }
    },
    "jsonField_description": ""
  }
},
{
  "model": "organization.jsonobjfield",
  "pk": 4,
  "fields": {
    "field_name": "IndividualHuman",
    "field_type": "Individual",
    "field_set": {
      "age": {
        "data": "number",
        "help": "The age of the individual when biological material was sampled.",
        "required": "no"
      },
      "ethnicity": {
        "data": "string",
        "required": "no"
      },
      "age_units": {
        "data": "choices",
        "required": "no",
        "choices": {
          "3": "month",
          "4": "year",
          "1": "day",
          "2": "week"
        }
      },
      "sex": {
        "data": "choices",
        "required": "no",
        "choices": {
          "3": "unknown",
          "4": "mixed",
          "1": "male",
          "2": "female"
        }
      },
      "health_status": {
        "data": "choices",
        "required": "no",
        "choices": {
          "3": "child",
          "5": "unknown",
          "1": "fetal",
          "2": "newborn",
          "4": "adult",
          "6": "embryonic",
          "7": "postnatal"
        }
      }
    },
    "jsonField_description": ""
  }
},
{
  "model": "organization.jsonobjfield",
  "pk": 5,
  "fields": {
    "field_name": "IndividualMouse",
    "field_type": "Individual",
    "field_set": {
      "age": {
        "data": "number",
        "help": "The age of the individual when biological material was sampled.",
        "required": "no"
      },
      "mouse_life_stage": {
        "data": "choices",
        "required": "no",
        "choices": {
          "3": "adult",
          "1": "pup",
          "2": "fetus"
        }
      },
      "age_units": {
        "data": "choices",
        "required": "no",
        "choices": {
          "3": "month",
          "4": "year",
          "1": "day",
          "2": "week"
        }
      },
      "sex": {
        "data": "choices",
        "required": "no",
        "choices": {
          "3": "unknown",
          "4": "mixed",
          "1": "male",
          "2": "female"
        }
      },
      "mouse_strain": {
        "data": "string",
        "help": "Can be an object of straing with dbxref for strain",
        "required": "no"
      }
    },
    "jsonField_description": ""
  }
},
{
  "model": "organization.jsonobjfield",
  "pk": 6,
  "fields": {
    "field_name": "None",
    "field_type": "None",
    "field_set": {
      "None": ""
    },
    "jsonField_description": ""
  }
},
{
  "model": "organization.jsonobjfield",
  "pk": 7,
  "fields": {
    "field_name": "CRISPR Protocol",
    "field_type": "Protocol",
    "field_set": null,
    "jsonField_description": ""
  }
},
{
  "model": "organization.jsonobjfield",
  "pk": 8,
  "fields": {
    "field_name": "Hi-C Analysis",
    "field_type": "Analysis",
    "field_set": {
      "side2NoMapPer": {
        "data": "float",
        "help": "",
        "order": 50,
        "required": "no"
      },
      "iterativeMappingStart": {
        "data": "integer",
        "help": "",
        "order": 38,
        "required": "no"
      },
      "side2File": {
        "data": "string",
        "help": "",
        "order": 20,
        "required": "no"
      },
      "bounded": {
        "data": "integer",
        "help": "",
        "order": 68,
        "required": "no"
      },
      "reduceScratchDir": {
        "data": "string",
        "help": "",
        "order": 9,
        "required": "no"
      },
      "boundedPer": {
        "data": "float",
        "help": "",
        "order": 69,
        "required": "no"
      },
      "iterativeMappingStep": {
        "data": "integer",
        "help": "",
        "order": 40,
        "required": "no"
      },
      "alignmentOptions": {
        "data": "string",
        "help": "",
        "order": 28,
        "required": "no"
      },
      "internal": {
        "data": "integer",
        "help": "",
        "order": 70,
        "required": "no"
      },
      "cMapping": {
        "data": "string",
        "help": "",
        "order": 5,
        "required": "no"
      },
      "validPairPer": {
        "data": "float",
        "help": "",
        "order": 75,
        "required": "no"
      },
      "singleSided": {
        "data": "integer",
        "help": "",
        "order": 58,
        "required": "no"
      },
      "laneNum": {
        "data": "integer",
        "help": "",
        "order": 18,
        "required": "no"
      },
      "mapScratchSize": {
        "data": "string",
        "help": "",
        "order": 11,
        "required": "no"
      },
      "readLength": {
        "data": "integer",
        "help": "",
        "order": 21,
        "required": "no"
      },
      "side1MultiMap": {
        "data": "integer",
        "help": "",
        "order": 44,
        "required": "no"
      },
      "errorPer": {
        "data": "float",
        "help": "",
        "order": 73,
        "required": "no"
      },
      "genomeSize": {
        "data": "string",
        "help": "",
        "order": 36,
        "required": "no"
      },
      "UUID": {
        "data": "integer",
        "help": "",
        "order": 4,
        "required": "no"
      },
      "logDirectory": {
        "data": "string",
        "help": "",
        "order": 3,
        "required": "no"
      },
      "splitSize": {
        "data": "integer",
        "help": "",
        "order": 24,
        "required": "no"
      },
      "aligner": {
        "data": "string",
        "help": "",
        "order": 26,
        "required": "no"
      },
      "mapResources": {
        "data": "string",
        "help": "",
        "order": 8,
        "required": "no"
      },
      "side2UniqueMapPer": {
        "data": "float",
        "help": "",
        "order": 54,
        "required": "no"
      },
      "internalPer": {
        "data": "float",
        "help": "",
        "order": 71,
        "required": "no"
      },
      "mapScratchDir": {
        "data": "string",
        "help": "",
        "order": 10,
        "required": "no"
      },
      "totalReads": {
        "data": "integer",
        "help": "",
        "order": 55,
        "required": "no"
      },
      "reduceResources": {
        "data": "string",
        "help": "",
        "order": 7,
        "required": "no"
      },
      "bothSideMappedPer": {
        "data": "float",
        "help": "",
        "order": 61,
        "required": "no"
      },
      "sameFragment": {
        "data": "integer",
        "help": "",
        "order": 62,
        "required": "no"
      },
      "validPairRed": {
        "data": "integer",
        "help": "",
        "order": 80,
        "required": "no"
      },
      "restrictionSite": {
        "data": "string",
        "help": "",
        "order": 32,
        "required": "no"
      },
      "error": {
        "data": "integer",
        "help": "",
        "order": 72,
        "required": "no"
      },
      "side1File": {
        "data": "string",
        "help": "",
        "order": 19,
        "required": "no"
      },
      "numReads": {
        "data": "integer",
        "help": "",
        "order": 23,
        "required": "no"
      },
      "unMapped": {
        "data": "integer",
        "help": "",
        "order": 56,
        "required": "no"
      },
      "reduceMemoryNeeded": {
        "data": "string",
        "help": "",
        "order": 13,
        "required": "no"
      },
      "sameFragmentPer": {
        "data": "float",
        "help": "",
        "order": 63,
        "required": "no"
      },
      "side1AlignmentOptions": {
        "data": "string",
        "help": "",
        "order": 29,
        "required": "no"
      },
      "totalMoleculesPer": {
        "data": "float",
        "help": "",
        "order": 83,
        "required": "no"
      },
      "iterativeMapping": {
        "data": "string",
        "help": "",
        "order": 37,
        "required": "no"
      },
      "side2UniqueMap": {
        "data": "integer",
        "help": "",
        "order": 53,
        "required": "no"
      },
      "splitSizeMegabyte": {
        "data": "string",
        "help": "",
        "order": 25,
        "required": "no"
      },
      "qvEncoding": {
        "data": "string",
        "help": "",
        "order": 22,
        "required": "no"
      },
      "side2MultiMap": {
        "data": "integer",
        "help": "",
        "order": 51,
        "required": "no"
      },
      "bothSideMapped": {
        "data": "integer",
        "help": "",
        "order": 60,
        "required": "no"
      },
      "nonRedundantInteractionsPer": {
        "data": "float",
        "help": "",
        "order": 87,
        "required": "no"
      },
      "validPairRedPer": {
        "data": "float",
        "help": "",
        "order": 81,
        "required": "no"
      },
      "unMappedPer": {
        "data": "float",
        "help": "",
        "order": 57,
        "required": "no"
      },
      "side2AlignmentOptions": {
        "data": "string",
        "help": "",
        "order": 30,
        "required": "no"
      },
      "side2TotalReads": {
        "data": "integer",
        "help": "",
        "order": 48,
        "required": "no"
      },
      "computeResource": {
        "data": "string",
        "help": "",
        "order": 6,
        "required": "no"
      },
      "transPer": {
        "data": "float",
        "help": "",
        "order": 79,
        "required": "no"
      },
      "selfCirclePer": {
        "data": "float",
        "help": "",
        "order": 65,
        "required": "no"
      },
      "nonRedundantInteractions": {
        "data": "integer",
        "help": "",
        "order": 86,
        "required": "no"
      },
      "singleSidedPer": {
        "data": "float",
        "help": "",
        "order": 59,
        "required": "no"
      },
      "side1NoMap": {
        "data": "integer",
        "help": "",
        "order": 42,
        "required": "no"
      },
      "flowCell": {
        "data": "string",
        "help": "",
        "order": 16,
        "required": "no"
      },
      "cisPer": {
        "data": "float",
        "help": "",
        "order": 77,
        "required": "no"
      },
      "danglingEndPer": {
        "data": "float",
        "help": "",
        "order": 67,
        "required": "no"
      },
      "redundantInteractions": {
        "data": "integer",
        "help": "",
        "order": 84,
        "required": "no"
      },
      "side1NoMapPer": {
        "data": "float",
        "help": "",
        "order": 43,
        "required": "no"
      },
      "side1TotalReads": {
        "data": "integer",
        "help": "",
        "order": 41,
        "required": "no"
      },
      "iterativeMappingEnd": {
        "data": "integer",
        "help": "",
        "order": 39,
        "required": "no"
      },
      "alignmentSoftwarePath": {
        "data": "string",
        "help": "",
        "order": 27,
        "required": "no"
      },
      "enzyme": {
        "data": "string",
        "help": "",
        "order": 31,
        "required": "no"
      },
      "jobName": {
        "data": "string",
        "help": "",
        "order": 15,
        "required": "no"
      },
      "side2MultiMapPer": {
        "data": "float",
        "help": "",
        "order": 52,
        "required": "no"
      },
      "side2NoMap": {
        "data": "integer",
        "help": "",
        "order": 49,
        "required": "no"
      },
      "cType": {
        "data": "string",
        "help": "",
        "order": 2,
        "required": "no"
      },
      "cis": {
        "data": "integer",
        "help": "",
        "order": 76,
        "required": "no"
      },
      "nCPU": {
        "data": "integer",
        "help": "",
        "order": 12,
        "required": "no"
      },
      "side1UniqueMapPer": {
        "data": "float",
        "help": "",
        "order": 47,
        "required": "no"
      },
      "danglingEnd": {
        "data": "integer",
        "help": "",
        "order": 66,
        "required": "no"
      },
      "genome": {
        "data": "string",
        "help": "",
        "order": 34,
        "required": "no"
      },
      "selfCircle": {
        "data": "integer",
        "help": "",
        "order": 64,
        "required": "no"
      },
      "validPair": {
        "data": "integer",
        "help": "",
        "order": 74,
        "required": "no"
      },
      "laneName": {
        "data": "string",
        "help": "",
        "order": 17,
        "required": "no"
      },
      "mapMemoryNeeded": {
        "data": "string",
        "help": "",
        "order": 14,
        "required": "no"
      },
      "side1MultiMapPer": {
        "data": "float",
        "help": "",
        "order": 45,
        "required": "no"
      },
      "percentRedundant": {
        "data": "float",
        "help": "",
        "order": 88,
        "required": "no"
      },
      "genomePath": {
        "data": "string",
        "help": "",
        "order": 35,
        "required": "no"
      },
      "redundantInteractionsPer": {
        "data": "float",
        "help": "",
        "order": 85,
        "required": "no"
      },
      "trans": {
        "data": "integer",
        "help": "",
        "order": 78,
        "required": "no"
      },
      "time": {
        "data": "string",
        "help": "",
        "order": 1,
        "required": "no"
      },
      "totalMolecules": {
        "data": "integer",
        "help": "",
        "order": 82,
        "required": "no"
      },
      "side1UniqueMap": {
        "data": "integer",
        "help": "",
        "order": 46,
        "required": "no"
      },
      "restrictionFragmentFile": {
        "data": "string",
        "help": "",
        "order": 33,
        "required": "no"
      }
    },
    "jsonField_description": ""
  }
},
{
  "model": "organization.jsonobjfield",
  "pk": 9,
  "fields": {
    "field_name": "5C Analysis",
    "field_type": "Analysis",
    "field_set": {
      "same1": {
        "data": "integer",
        "help": "",
        "order": 56,
        "required": "no"
      },
      "side2File": {
        "data": "string",
        "help": "",
        "order": 20,
        "required": "no"
      },
      "different3": {
        "data": "integer",
        "help": "",
        "order": 62,
        "required": "no"
      },
      "flowCell": {
        "data": "string",
        "help": "",
        "order": 16,
        "required": "no"
      },
      "side1AlignmentOptions": {
        "data": "string",
        "help": "",
        "order": 29,
        "required": "no"
      },
      "different4": {
        "data": "integer",
        "help": "",
        "order": 63,
        "required": "no"
      },
      "reduceScratchDir": {
        "data": "string",
        "help": "",
        "order": 9,
        "required": "no"
      },
      "same4": {
        "data": "integer",
        "help": "",
        "order": 59,
        "required": "no"
      },
      "side1Mapped": {
        "data": "integer",
        "help": "",
        "order": 38,
        "required": "no"
      },
      "alignmentOptions": {
        "data": "string",
        "help": "",
        "order": 28,
        "required": "no"
      },
      "fHomoPer": {
        "data": "float",
        "help": "",
        "order": 53,
        "required": "no"
      },
      "cMapping": {
        "data": "string",
        "help": "",
        "order": 5,
        "required": "no"
      },
      "side2MappedPer": {
        "data": "float",
        "help": "",
        "order": 41,
        "required": "no"
      },
      "side2Mapped": {
        "data": "integer",
        "help": "",
        "order": 40,
        "required": "no"
      },
      "mapScratchSize": {
        "data": "string",
        "help": "",
        "order": 11,
        "required": "no"
      },
      "validPairsPer": {
        "data": "float",
        "help": "",
        "order": 51,
        "required": "no"
      },
      "rHomo": {
        "data": "integer",
        "help": "",
        "order": 54,
        "required": "no"
      },
      "readLength": {
        "data": "integer",
        "help": "",
        "order": 21,
        "required": "no"
      },
      "restrictionFragmentFile": {
        "data": "string",
        "help": "",
        "order": 33,
        "required": "no"
      },
      "genomeSize": {
        "data": "string",
        "help": "",
        "order": 36,
        "required": "no"
      },
      "UUID": {
        "data": "integer",
        "help": "",
        "order": 4,
        "required": "no"
      },
      "logDirectory": {
        "data": "string",
        "help": "",
        "order": 3,
        "required": "no"
      },
      "splitSize": {
        "data": "integer",
        "help": "",
        "order": 24,
        "required": "no"
      },
      "alignmentSoftwarePath": {
        "data": "string",
        "help": "",
        "order": 27,
        "required": "no"
      },
      "splitSizeMegabyte": {
        "data": "string",
        "help": "",
        "order": 25,
        "required": "no"
      },
      "same3": {
        "data": "integer",
        "help": "",
        "order": 58,
        "required": "no"
      },
      "rHomoPer": {
        "data": "float",
        "help": "",
        "order": 55,
        "required": "no"
      },
      "enzyme": {
        "data": "string",
        "help": "",
        "order": 31,
        "required": "no"
      },
      "laneNum": {
        "data": "integer",
        "help": "",
        "order": 18,
        "required": "no"
      },
      "side2AlignmentOptions": {
        "data": "string",
        "help": "",
        "order": 30,
        "required": "no"
      },
      "cType": {
        "data": "string",
        "help": "",
        "order": 2,
        "required": "no"
      },
      "mapScratchDir": {
        "data": "string",
        "help": "",
        "order": 10,
        "required": "no"
      },
      "computeResource": {
        "data": "string",
        "help": "",
        "order": 6,
        "required": "no"
      },
      "reduceResources": {
        "data": "string",
        "help": "",
        "order": 7,
        "required": "no"
      },
      "aligner": {
        "data": "string",
        "help": "",
        "order": 26,
        "required": "no"
      },
      "bothSideMappedPer": {
        "data": "float",
        "help": "",
        "order": 47,
        "required": "no"
      },
      "same2": {
        "data": "integer",
        "help": "",
        "order": 57,
        "required": "no"
      },
      "restrictionSite": {
        "data": "string",
        "help": "",
        "order": 32,
        "required": "no"
      },
      "jobName": {
        "data": "string",
        "help": "",
        "order": 15,
        "required": "no"
      },
      "side1File": {
        "data": "string",
        "help": "",
        "order": 19,
        "required": "no"
      },
      "nCPU": {
        "data": "integer",
        "help": "",
        "order": 12,
        "required": "no"
      },
      "numReads": {
        "data": "integer",
        "help": "",
        "order": 23,
        "required": "no"
      },
      "oneSideMapped": {
        "data": "integer",
        "help": "",
        "order": 44,
        "required": "no"
      },
      "reduceMemoryNeeded": {
        "data": "string",
        "help": "",
        "order": 13,
        "required": "no"
      },
      "different2": {
        "data": "integer",
        "help": "",
        "order": 61,
        "required": "no"
      },
      "mapMemoryNeeded": {
        "data": "string",
        "help": "",
        "order": 14,
        "required": "no"
      },
      "genome": {
        "data": "string",
        "help": "",
        "order": 34,
        "required": "no"
      },
      "errorPairsPer": {
        "data": "float",
        "help": "",
        "order": 49,
        "required": "no"
      },
      "oneSideMappedPer": {
        "data": "float",
        "help": "",
        "order": 45,
        "required": "no"
      },
      "mapResources": {
        "data": "string",
        "help": "",
        "order": 8,
        "required": "no"
      },
      "laneName": {
        "data": "string",
        "help": "",
        "order": 17,
        "required": "no"
      },
      "noSideMappedPer": {
        "data": "float",
        "help": "",
        "order": 43,
        "required": "no"
      },
      "qvEncoding": {
        "data": "string",
        "help": "",
        "order": 22,
        "required": "no"
      },
      "different1": {
        "data": "integer",
        "help": "",
        "order": 60,
        "required": "no"
      },
      "bothSideMapped": {
        "data": "integer",
        "help": "",
        "order": 46,
        "required": "no"
      },
      "errorPairs": {
        "data": "integer",
        "help": "",
        "order": 48,
        "required": "no"
      },
      "invalidPairsPer": {
        "data": "float",
        "help": "",
        "order": 51,
        "required": "no"
      },
      "validPairs": {
        "data": "integer",
        "help": "",
        "order": 50,
        "required": "no"
      },
      "genomePath": {
        "data": "string",
        "help": "",
        "order": 35,
        "required": "no"
      },
      "fHomo": {
        "data": "integer",
        "help": "",
        "order": 52,
        "required": "no"
      },
      "numRawReads": {
        "data": "string",
        "help": "",
        "order": 37,
        "required": "no"
      },
      "side1MappedPer": {
        "data": "float",
        "help": "",
        "order": 39,
        "required": "no"
      },
      "time": {
        "data": "string",
        "help": "",
        "order": 1,
        "required": "no"
      },
      "noSideMapped": {
        "data": "integer",
        "help": "",
        "order": 42,
        "required": "no"
      },
      "invalidPairs": {
        "data": "integer",
        "help": "",
        "order": 50,
        "required": "no"
      }
    },
    "jsonField_description": ""
  }
},
{
  "model": "organization.choice",
  "pk": 1,
  "fields": {
    "choice_name": "excision protocol",
    "choice_type": "document_type",
    "choice_description": ""
  }
},
{
  "model": "organization.choice",
  "pk": 2,
  "fields": {
    "choice_name": "general protocol",
    "choice_type": "document_type",
    "choice_description": ""
  }
},
{
  "model": "organization.choice",
  "pk": 3,
  "fields": {
    "choice_name": "treatment protocol",
    "choice_type": "document_type",
    "choice_description": ""
  }
},
{
  "model": "organization.choice",
  "pk": 4,
  "fields": {
    "choice_name": "data sheet",
    "choice_type": "document_type",
    "choice_description": ""
  }
},
{
  "model": "organization.choice",
  "pk": 5,
  "fields": {
    "choice_name": "dedifferentiation protocol",
    "choice_type": "document_type",
    "choice_description": ""
  }
},
{
  "model": "organization.choice",
  "pk": 6,
  "fields": {
    "choice_name": "differentiation protocol",
    "choice_type": "document_type",
    "choice_description": ""
  }
},
{
  "model": "organization.choice",
  "pk": 7,
  "fields": {
    "choice_name": "data QA",
    "choice_type": "document_type",
    "choice_description": ""
  }
},
{
  "model": "organization.choice",
  "pk": 8,
  "fields": {
    "choice_name": "certificate of analysis",
    "choice_type": "document_type",
    "choice_description": ""
  }
},
{
  "model": "organization.choice",
  "pk": 9,
  "fields": {
    "choice_name": "extraction protocol",
    "choice_type": "document_type",
    "choice_description": ""
  }
},
{
  "model": "organization.choice",
  "pk": 10,
  "fields": {
    "choice_name": "growth protocol",
    "choice_type": "document_type",
    "choice_description": ""
  }
},
{
  "model": "organization.choice",
  "pk": 11,
  "fields": {
    "choice_name": "tagging construct",
    "choice_type": "construct_type",
    "choice_description": ""
  }
},
{
  "model": "organization.choice",
  "pk": 12,
  "fields": {
    "choice_name": "rnai construct",
    "choice_type": "construct_type",
    "choice_description": ""
  }
},
{
  "model": "organization.choice",
  "pk": 13,
  "fields": {
    "choice_name": "crispr construct",
    "choice_type": "construct_type",
    "choice_description": ""
  }
},
{
  "model": "organization.choice",
  "pk": 14,
  "fields": {
    "choice_name": "Stable Transfection",
    "choice_type": "modification_type",
    "choice_description": ""
  }
},
{
  "model": "organization.choice",
  "pk": 15,
  "fields": {
    "choice_name": "Crispr",
    "choice_type": "modification_type",
    "choice_description": ""
  }
},
{
  "model": "organization.choice",
  "pk": 16,
  "fields": {
    "choice_name": "stem cell",
    "choice_type": "biosource_type",
    "choice_description": ""
  }
},
{
  "model": "organization.choice",
  "pk": 17,
  "fields": {
    "choice_name": "whole organisms",
    "choice_type": "biosource_type",
    "choice_description": ""
  }
},
{
  "model": "organization.choice",
  "pk": 18,
  "fields": {
    "choice_name": "induced pluripotent stem cell line",
    "choice_type": "biosource_type",
    "choice_description": ""
  }
},
{
  "model": "organization.choice",
  "pk": 19,
  "fields": {
    "choice_name": "in vitro differentiated cells",
    "choice_type": "biosource_type",
    "choice_description": ""
  }
},
{
  "model": "organization.choice",
  "pk": 20,
  "fields": {
    "choice_name": "tissue",
    "choice_type": "biosource_type",
    "choice_description": ""
  }
},
{
  "model": "organization.choice",
  "pk": 21,
  "fields": {
    "choice_name": "primary cell",
    "choice_type": "biosource_type",
    "choice_description": ""
  }
},
{
  "model": "organization.choice",
  "pk": 22,
  "fields": {
    "choice_name": "immortalized cell line",
    "choice_type": "biosource_type",
    "choice_description": ""
  }
},
{
  "model": "organization.choice",
  "pk": 23,
  "fields": {
    "choice_name": "Tire 1",
    "choice_type": "biosource_cell_line_tier",
    "choice_description": ""
  }
},
{
  "model": "organization.choice",
  "pk": 24,
  "fields": {
    "choice_name": "Tier 2",
    "choice_type": "biosource_cell_line_tier",
    "choice_description": ""
  }
},
{
  "model": "organization.choice",
  "pk": 25,
  "fields": {
    "choice_name": "Unclassified",
    "choice_type": "biosource_cell_line_tier",
    "choice_description": ""
  }
},
{
  "model": "organization.choice",
  "pk": 27,
  "fields": {
    "choice_name": "Other",
    "choice_type": "modification_type",
    "choice_description": ""
  }
},
{
  "model": "organization.choice",
  "pk": 28,
  "fields": {
    "choice_name": "1",
    "choice_type": "genomicRegions_chromosome",
    "choice_description": ""
  }
},
{
  "model": "organization.choice",
  "pk": 29,
  "fields": {
    "choice_name": "2",
    "choice_type": "genomicRegions_chromosome",
    "choice_description": ""
  }
},
{
  "model": "organization.choice",
  "pk": 30,
  "fields": {
    "choice_name": "3",
    "choice_type": "genomicRegions_chromosome",
    "choice_description": ""
  }
},
{
  "model": "organization.choice",
  "pk": 31,
  "fields": {
    "choice_name": "4",
    "choice_type": "genomicRegions_chromosome",
    "choice_description": ""
  }
},
{
  "model": "organization.choice",
  "pk": 32,
  "fields": {
    "choice_name": "5",
    "choice_type": "genomicRegions_chromosome",
    "choice_description": ""
  }
},
{
  "model": "organization.choice",
  "pk": 33,
  "fields": {
    "choice_name": "6",
    "choice_type": "genomicRegions_chromosome",
    "choice_description": ""
  }
},
{
  "model": "organization.choice",
  "pk": 34,
  "fields": {
    "choice_name": "7",
    "choice_type": "genomicRegions_chromosome",
    "choice_description": ""
  }
},
{
  "model": "organization.choice",
  "pk": 35,
  "fields": {
    "choice_name": "8",
    "choice_type": "genomicRegions_chromosome",
    "choice_description": ""
  }
},
{
  "model": "organization.choice",
  "pk": 36,
  "fields": {
    "choice_name": "9",
    "choice_type": "genomicRegions_chromosome",
    "choice_description": ""
  }
},
{
  "model": "organization.choice",
  "pk": 37,
  "fields": {
    "choice_name": "10",
    "choice_type": "genomicRegions_chromosome",
    "choice_description": ""
  }
},
{
  "model": "organization.choice",
  "pk": 38,
  "fields": {
    "choice_name": "11",
    "choice_type": "genomicRegions_chromosome",
    "choice_description": ""
  }
},
{
  "model": "organization.choice",
  "pk": 39,
  "fields": {
    "choice_name": "12",
    "choice_type": "genomicRegions_chromosome",
    "choice_description": ""
  }
},
{
  "model": "organization.choice",
  "pk": 40,
  "fields": {
    "choice_name": "13",
    "choice_type": "genomicRegions_chromosome",
    "choice_description": ""
  }
},
{
  "model": "organization.choice",
  "pk": 41,
  "fields": {
    "choice_name": "14",
    "choice_type": "genomicRegions_chromosome",
    "choice_description": ""
  }
},
{
  "model": "organization.choice",
  "pk": 42,
  "fields": {
    "choice_name": "15",
    "choice_type": "genomicRegions_chromosome",
    "choice_description": ""
  }
},
{
  "model": "organization.choice",
  "pk": 43,
  "fields": {
    "choice_name": "16",
    "choice_type": "genomicRegions_chromosome",
    "choice_description": ""
  }
},
{
  "model": "organization.choice",
  "pk": 44,
  "fields": {
    "choice_name": "17",
    "choice_type": "genomicRegions_chromosome",
    "choice_description": ""
  }
},
{
  "model": "organization.choice",
  "pk": 45,
  "fields": {
    "choice_name": "18",
    "choice_type": "genomicRegions_chromosome",
    "choice_description": ""
  }
},
{
  "model": "organization.choice",
  "pk": 46,
  "fields": {
    "choice_name": "19",
    "choice_type": "genomicRegions_chromosome",
    "choice_description": ""
  }
},
{
  "model": "organization.choice",
  "pk": 47,
  "fields": {
    "choice_name": "20",
    "choice_type": "genomicRegions_chromosome",
    "choice_description": ""
  }
},
{
  "model": "organization.choice",
  "pk": 48,
  "fields": {
    "choice_name": "21",
    "choice_type": "genomicRegions_chromosome",
    "choice_description": ""
  }
},
{
  "model": "organization.choice",
  "pk": 49,
  "fields": {
    "choice_name": "22",
    "choice_type": "genomicRegions_chromosome",
    "choice_description": ""
  }
},
{
  "model": "organization.choice",
  "pk": 50,
  "fields": {
    "choice_name": "X",
    "choice_type": "genomicRegions_chromosome",
    "choice_description": ""
  }
},
{
  "model": "organization.choice",
  "pk": 51,
  "fields": {
    "choice_name": "Y",
    "choice_type": "genomicRegions_chromosome",
    "choice_description": ""
  }
},
{
  "model": "organization.choice",
  "pk": 52,
  "fields": {
    "choice_name": "GRCh38",
    "choice_type": "genomicRegions_genome_assembly",
    "choice_description": ""
  }
},
{
  "model": "organization.choice",
  "pk": 53,
  "fields": {
    "choice_name": "GRCh37",
    "choice_type": "genomicRegions_genome_assembly",
    "choice_description": ""
  }
},
{
  "model": "organization.choice",
  "pk": 54,
  "fields": {
    "choice_name": "GRCm38",
    "choice_type": "genomicRegions_genome_assembly",
    "choice_description": ""
  }
},
{
  "model": "organization.choice",
  "pk": 55,
  "fields": {
    "choice_name": "MGSCv37",
    "choice_type": "genomicRegions_genome_assembly",
    "choice_description": ""
  }
},
{
  "model": "organization.choice",
  "pk": 56,
  "fields": {
    "choice_name": "Treatment Document",
    "choice_type": "document_type",
    "choice_description": ""
  }
},
{
  "model": "organization.choice",
  "pk": 57,
  "fields": {
    "choice_name": "Individual Document",
    "choice_type": "document_type",
    "choice_description": ""
  }
},
{
  "model": "organization.choice",
  "pk": 58,
  "fields": {
    "choice_name": "shRNA",
    "choice_type": "treatmentRnai_rnai_type",
    "choice_description": ""
  }
},
{
  "model": "organization.choice",
  "pk": 59,
  "fields": {
    "choice_name": "siRNA",
    "choice_type": "treatmentRnai_rnai_type",
    "choice_description": ""
  }
},
{
  "model": "organization.choice",
  "pk": 60,
  "fields": {
    "choice_name": "pM",
    "choice_type": "treatmentChemical_concentration_units",
    "choice_description": ""
  }
},
{
  "model": "organization.choice",
  "pk": 61,
  "fields": {
    "choice_name": "nM",
    "choice_type": "treatmentChemical_concentration_units",
    "choice_description": ""
  }
},
{
  "model": "organization.choice",
  "pk": 62,
  "fields": {
    "choice_name": "\u03bcM",
    "choice_type": "treatmentChemical_concentration_units",
    "choice_description": ""
  }
},
{
  "model": "organization.choice",
  "pk": 63,
  "fields": {
    "choice_name": "\u03bcg/mL",
    "choice_type": "treatmentChemical_concentration_units",
    "choice_description": ""
  }
},
{
  "model": "organization.choice",
  "pk": 64,
  "fields": {
    "choice_name": "mM",
    "choice_type": "treatmentChemical_concentration_units",
    "choice_description": ""
  }
},
{
  "model": "organization.choice",
  "pk": 65,
  "fields": {
    "choice_name": "mg/mL",
    "choice_type": "treatmentChemical_concentration_units",
    "choice_description": ""
  }
},
{
  "model": "organization.choice",
  "pk": 66,
  "fields": {
    "choice_name": "ng/mL",
    "choice_type": "treatmentChemical_concentration_units",
    "choice_description": ""
  }
},
{
  "model": "organization.choice",
  "pk": 67,
  "fields": {
    "choice_name": "M",
    "choice_type": "treatmentChemical_concentration_units",
    "choice_description": ""
  }
},
{
  "model": "organization.choice",
  "pk": 68,
  "fields": {
    "choice_name": "percent",
    "choice_type": "treatmentChemical_concentration_units",
    "choice_description": ""
  }
},
{
  "model": "organization.choice",
  "pk": 69,
  "fields": {
    "choice_name": "units",
    "choice_type": "treatmentChemical_concentration_units",
    "choice_description": ""
  }
},
{
  "model": "organization.choice",
  "pk": 70,
  "fields": {
    "choice_name": "U/mL",
    "choice_type": "treatmentChemical_concentration_units",
    "choice_description": ""
  }
},
{
  "model": "organization.choice",
  "pk": 71,
  "fields": {
    "choice_name": "second",
    "choice_type": "treatmentChemical_duration_units",
    "choice_description": ""
  }
},
{
  "model": "organization.choice",
  "pk": 72,
  "fields": {
    "choice_name": "minute",
    "choice_type": "treatmentChemical_duration_units",
    "choice_description": ""
  }
},
{
  "model": "organization.choice",
  "pk": 73,
  "fields": {
    "choice_name": "hour",
    "choice_type": "treatmentChemical_duration_units",
    "choice_description": ""
  }
},
{
  "model": "organization.choice",
  "pk": 74,
  "fields": {
    "choice_name": "day",
    "choice_type": "treatmentChemical_duration_units",
    "choice_description": ""
  }
},
{
  "model": "organization.choice",
  "pk": 75,
  "fields": {
    "choice_name": "TreatmentRnai",
    "choice_type": "biosample_treatment",
    "choice_description": ""
  }
},
{
  "model": "organization.choice",
  "pk": 76,
  "fields": {
    "choice_name": "TreatmentChemical",
    "choice_type": "biosample_treatment",
    "choice_description": ""
  }
},
{
  "model": "organization.choice",
  "pk": 77,
  "fields": {
    "choice_name": "Other",
    "choice_type": "biosample_treatment",
    "choice_description": ""
  }
},
{
  "model": "organization.choice",
  "pk": 78,
  "fields": {
    "choice_name": "None",
    "choice_type": "biosample_treatment",
    "choice_description": ""
  }
},
{
  "model": "organization.choice",
  "pk": 79,
  "fields": {
    "choice_name": "Index 1-ATCACG",
    "choice_type": "barcode",
    "choice_description": ""
  }
},
{
  "model": "organization.choice",
  "pk": 80,
  "fields": {
    "choice_name": "Index 2-CGATGT",
    "choice_type": "barcode",
    "choice_description": ""
  }
},
{
  "model": "organization.choice",
  "pk": 81,
  "fields": {
    "choice_name": "Index 3-TTAGGC",
    "choice_type": "barcode",
    "choice_description": ""
  }
},
{
  "model": "organization.choice",
  "pk": 82,
  "fields": {
    "choice_name": "Index 4-TGACCA",
    "choice_type": "barcode",
    "choice_description": ""
  }
},
{
  "model": "organization.choice",
  "pk": 83,
  "fields": {
    "choice_name": "Index 5-ACAGTG",
    "choice_type": "barcode",
    "choice_description": ""
  }
},
{
  "model": "organization.choice",
  "pk": 84,
  "fields": {
    "choice_name": "Index 6-GCCAAT",
    "choice_type": "barcode",
    "choice_description": ""
  }
},
{
  "model": "organization.choice",
  "pk": 85,
  "fields": {
    "choice_name": "Index 7-CAGATC",
    "choice_type": "barcode",
    "choice_description": ""
  }
},
{
  "model": "organization.choice",
  "pk": 86,
  "fields": {
    "choice_name": "Index 8-ACTTGA",
    "choice_type": "barcode",
    "choice_description": ""
  }
},
{
  "model": "organization.choice",
  "pk": 87,
  "fields": {
    "choice_name": "Index 9-GATCAG",
    "choice_type": "barcode",
    "choice_description": ""
  }
},
{
  "model": "organization.choice",
  "pk": 88,
  "fields": {
    "choice_name": "Index 10-TAGCTT",
    "choice_type": "barcode",
    "choice_description": ""
  }
},
{
  "model": "organization.choice",
  "pk": 89,
  "fields": {
    "choice_name": "Index 11-GGCTAC",
    "choice_type": "barcode",
    "choice_description": ""
  }
},
{
  "model": "organization.choice",
  "pk": 90,
  "fields": {
    "choice_name": "Index 12-CTTGTA",
    "choice_type": "barcode",
    "choice_description": ""
  }
},
{
  "model": "organization.choice",
  "pk": 91,
  "fields": {
    "choice_name": "Illumina HiSeq 4000  (C-Monster)",
    "choice_type": "run_sequencing_platform",
    "choice_description": ""
  }
},
{
  "model": "organization.choice",
  "pk": 92,
  "fields": {
    "choice_name": "Sanger Sequencing",
    "choice_type": "run_sequencing_platform",
    "choice_description": ""
  }
},
{
  "model": "organization.choice",
  "pk": 93,
  "fields": {
    "choice_name": "UMass Deep Sequencing Core",
    "choice_type": "run_sequencing_center",
    "choice_description": ""
  }
},
{
  "model": "organization.choice",
  "pk": 94,
  "fields": {
    "choice_name": "technical replicates",
    "choice_type": "fileset_type",
    "choice_description": ""
  }
},
{
  "model": "organization.choice",
  "pk": 95,
  "fields": {
    "choice_name": "unspecified",
    "choice_type": "fileset_type",
    "choice_description": ""
  }
},
{
  "model": "organization.choice",
  "pk": 96,
  "fields": {
    "choice_name": "sequence files",
    "choice_type": "fileset_type",
    "choice_description": ""
  }
},
{
  "model": "organization.choice",
  "pk": 97,
  "fields": {
    "choice_name": "alignment files",
    "choice_type": "fileset_type",
    "choice_description": ""
  }
},
{
  "model": "organization.choice",
  "pk": 98,
  "fields": {
    "choice_name": "contact matrices",
    "choice_type": "fileset_type",
    "choice_description": ""
  }
},
{
  "model": "organization.choice",
  "pk": 99,
  "fields": {
    "choice_name": "image files (channels)",
    "choice_type": "fileset_type",
    "choice_description": ""
  }
},
{
  "model": "organization.choice",
  "pk": 100,
  "fields": {
    "choice_name": "image files (z-series)",
    "choice_type": "fileset_type",
    "choice_description": ""
  }
},
{
  "model": "organization.choice",
  "pk": 101,
  "fields": {
    "choice_name": "unspecified",
    "choice_type": "experimentSet_type",
    "choice_description": ""
  }
},
{
  "model": "organization.choice",
  "pk": 102,
  "fields": {
    "choice_name": "replicates",
    "choice_type": "experimentSet_type",
    "choice_description": ""
  }
},
{
  "model": "organization.choice",
  "pk": 103,
  "fields": {
    "choice_name": "biological replicates",
    "choice_type": "experimentSet_type",
    "choice_description": ""
  }
},
{
  "model": "organization.choice",
  "pk": 104,
  "fields": {
    "choice_name": "technical repllicates",
    "choice_type": "experimentSet_type",
    "choice_description": ""
  }
},
{
  "model": "organization.choice",
  "pk": 105,
  "fields": {
    "choice_name": "analysis set",
    "choice_type": "experimentSet_type",
    "choice_description": ""
  }
},
{
  "model": "organization.choice",
  "pk": 106,
  "fields": {
    "choice_name": "publication",
    "choice_type": "experimentSet_type",
    "choice_description": ""
  }
},
{
  "model": "organization.project",
  "pk": 7,
  "fields": {
    "project_owner": 1,
    "project_name": "U54",
    "project_notes": "Human Project",
    "project_active": true,
    "project_contributor": [
      2,
      3
    ]
  }
},
{
  "model": "organization.project",
  "pk": 8,
  "fields": {
    "project_owner": 1,
    "project_name": "Rao et al",
    "project_notes": "",
    "project_active": true,
    "project_contributor": [
      4,
      2
    ]
  }
},
{
  "model": "organization.experiment",
  "pk": 26,
  "fields": {
    "documents": null,
    "references": null,
    "url": "",
    "dbxrefs": "",
    "experiment_name": "ExperimentHiC-HindIII",
    "project": 7,
    "experiment_biosample": 21,
    "experiment_protocol": 11,
    "experiment_enzyme": 2,
    "experiment_description": "",
    "experiment_imageObjects": [
      7,
      8
    ]
  }
},
{
  "model": "organization.experiment",
  "pk": 27,
  "fields": {
    "documents": null,
    "references": null,
    "url": "",
    "dbxrefs": "",
    "experiment_name": "ExperimentHiC-Dpn||",
    "project": 7,
    "experiment_biosample": 21,
    "experiment_protocol": 12,
    "experiment_enzyme": 1,
    "experiment_description": "",
    "experiment_imageObjects": [
      7,
      8
    ]
  }
},
{
  "model": "organization.experiment",
  "pk": 28,
  "fields": {
    "documents": null,
    "references": null,
    "url": "",
    "dbxrefs": "",
    "experiment_name": "ExperimentHiC-MboI",
    "project": 8,
    "experiment_biosample": 22,
    "experiment_protocol": 13,
    "experiment_enzyme": 3,
    "experiment_description": "",
    "experiment_imageObjects": []
  }
},
{
  "model": "organization.experimentset",
  "pk": 7,
  "fields": {
    "experimentSet_name": "DpnII exp",
    "project": 7,
    "experimentSet_type": 101,
    "experimentSet_description": "",
    "experimentSet_exp": [
      27
    ]
  }
},
{
  "model": "organization.publication",
  "pk": 1,
  "fields": {
    "publication_title": "vfnfgnfnn",
    "publication_abstract": "gnfgnfgn",
    "publication_authors": "httrtr",
    "publication_categories": "rhttrh",
    "publication_dataUsed": "htrth",
    "publication_datePublished": "2015-02-02",
    "publication_dateRevised": "2015-02-02",
    "publication_issue": "htrth",
    "publication_journal": "thrh",
    "publication_supplementary": "trht",
    "publication_identifiers": "thrh",
    "publication_volume": "trhtrh"
  }
},
{
  "model": "organization.tag",
  "pk": 6,
  "fields": {
    "tag_name": "TagExport",
    "project": 7,
    "tag_user": 1,
    "tag_exp": [
      26,
      27
    ]
  }
},
{
  "model": "dryLab.sequencingrun",
  "pk": 16,
  "fields": {
    "run_name": "U54M-031116-ESC-R1",
    "project": 7,
    "run_sequencing_platform": 91,
    "run_sequencing_center": 93,
    "run_submission_date": "2016-03-20",
    "run_retrieval_date": "2016-03-30",
    "run_approved": true,
    "run_submitted": true,
    "run_Add_Barcode": "detailProject",
    "run_Experiment": [
      26
    ]
  }
},
{
  "model": "dryLab.sequencingrun",
  "pk": 17,
  "fields": {
    "run_name": "U54-ESC-FA-20160812-DpnII",
    "project": 7,
    "run_sequencing_platform": 91,
    "run_sequencing_center": 93,
    "run_submission_date": "2016-08-01",
    "run_retrieval_date": "2016-08-24",
    "run_approved": true,
    "run_submitted": true,
    "run_Add_Barcode": "detailProject",
    "run_Experiment": [
      27
    ]
  }
},
{
  "model": "dryLab.seqencingfile",
  "pk": 6,
  "fields": {
    "sequencingFile_name": "U54-031116-ESC-R1_*_L003_R1_*.fastq.gz",
    "project": 7,
    "sequencingFile_mainPath": "/farline/umw_job_dekker/HPCC/tmp_cShare/U54-031116-ESC/U54-031116-ESC-R1_*_L003_R1_*.fastq.gz",
    "sequencingFile_backupPath": "/s4s//farline/umw_job_dekker/HPCC/tmp_cShare/U54-031116-ESC/U54-031116-ESC-R1_*_L003_R1_*.fastq.gz",
    "sequencingFile_sha256sum": "diuwdiued788798",
    "sequencingFile_md5sum": "hewifu9283ydhjhkj",
    "sequencingFile_run": 16,
    "sequencingFile_exp": 26
  }
},
{
  "model": "dryLab.seqencingfile",
  "pk": 7,
  "fields": {
    "sequencingFile_name": "U54-031116-ESC-R1_*_L003_R2_*.fastq.gz",
    "project": 7,
    "sequencingFile_mainPath": "/farline/umw_job_dekker/HPCC/tmp_cShare/U54-031116-ESC/U54-031116-ESC-R1_*_L003_R2_*.fastq.gz",
    "sequencingFile_backupPath": "/s4s//farline/umw_job_dekker/HPCC/tmp_cShare/U54-031116-ESC/U54-031116-ESC-R1_*_L003_R2_*.fastq.gz",
    "sequencingFile_sha256sum": "diuwdiued788798",
    "sequencingFile_md5sum": "hewifu9283ydhjhkj",
    "sequencingFile_run": 16,
    "sequencingFile_exp": 26
  }
},
{
  "model": "dryLab.seqencingfile",
  "pk": 8,
  "fields": {
    "sequencingFile_name": "U54-ESC-FA81216DpnII_*_L001_R1_*.fastq.gz",
    "project": 7,
    "sequencingFile_mainPath": "/farline/umw_job_dekker/HPCC/tmp_cShare/U54-031116-ESC/U54-ESC-FA81216DpnII_*_L001_R1_*.fastq.gz",
    "sequencingFile_backupPath": "/s4s//farline/umw_job_dekker/HPCC/tmp_cShare/U54-031116-ESC/U54-ESC-FA81216DpnII_*_L001_R1_*.fastq.gz",
    "sequencingFile_sha256sum": "diuwdiued788798",
    "sequencingFile_md5sum": "hewifu9283ydhjhkj",
    "sequencingFile_run": 17,
    "sequencingFile_exp": 27
  }
},
{
  "model": "dryLab.seqencingfile",
  "pk": 9,
  "fields": {
    "sequencingFile_name": "U54-ESC-FA81216DpnII_*_L001_R2_*.fastq.gz",
    "project": 7,
    "sequencingFile_mainPath": "/farline/umw_job_dekker/HPCC/tmp_cShare/U54-031116-ESC/U54-ESC-FA81216DpnII_*_L001_R2_*.fastq.gz",
    "sequencingFile_backupPath": "/s4s//farline/umw_job_dekker/HPCC/tmp_cShare/U54-031116-ESC/U54-ESC-FA81216DpnII_*_L001_R2_*.fastq.gz",
    "sequencingFile_sha256sum": "diuwdiued788798",
    "sequencingFile_md5sum": "hewifu9283ydhjhkj",
    "sequencingFile_run": 17,
    "sequencingFile_exp": 27
  }
},
{
  "model": "dryLab.fileset",
  "pk": 3,
  "fields": {
    "fileSet_name": "DpnII exp",
    "project": 7,
    "fileset_type": 96,
    "fileset_description": "",
    "fileSet_file": [
      8,
      9
    ]
  }
},
{
  "model": "dryLab.fileset",
  "pk": 4,
  "fields": {
    "fileSet_name": "HindIII exp",
    "project": 7,
    "fileset_type": 96,
    "fileset_description": "",
    "fileSet_file": [
      6,
      7
    ]
  }
},
{
  "model": "dryLab.analysis",
  "pk": 111,
  "fields": {
    "analysis_name": "c-World Hi-C",
    "analysis_type": 8,
    "analysis_fields": "{\"singleSided\": 125562849, \"side1TotalReads\": 383120273, \"bounded\": 12717, \"enzyme\": \"HindIII\", \"side2NoMapPer\": 10.26, \"iterativeMappingStep\": 5, \"numReads\": 383120273, \"mapScratchSize\": \"1720M\", \"iterativeMapping\": \"on\", \"splitSize\": 4000000, \"genomePath\": \"/farline/umw_job_dekker/HPCC/cshare/genome/bowtie2/hg19/hg19\", \"danglingEnd\": 4649365, \"reduceResources\": \"long\", \"side2UniqueMap\": 289449957, \"side1MultiMapPer\": 14.42, \"restrictionSite\": \"AAGCTT\", \"errorPer\": 0.04, \"side2NoMap\": 39293578, \"time\": \"18:2:18, Wed Mar 30, 2016\", \"laneName\": \"U54M-031116-ESC-R1\", \"danglingEndPer\": 2.04, \"unMapped\": 29191092, \"reduceScratchDir\": \"/home/jg14w/farline/scratch\", \"boundedPer\": 0.27, \"nonRedundantInteractionsPer\": 68.63, \"iterativeMappingEnd\": 50, \"sameFragmentPer\": 2.69, \"internalPer\": 99.73, \"computeResource\": \"c02b01\", \"cMapping\": \"/home/jg14w/cMapping/scripts\", \"nCPU\": 384, \"error\": 83981, \"unMappedPer\": 7.62, \"totalMolecules\": 222226983, \"totalReads\": 383120273, \"totalMoleculesPer\": 100.0, \"alignmentSoftwarePath\": \"/share/pkg/bowtie2/2-2.1.0/bowtie2\", \"percentRedundant\": 31.37, \"selfCircle\": 1406003, \"reduceMemoryNeeded\": \"17,384M\", \"validPair\": 222226983, \"readLength\": 50, \"mapResources\": \"long\", \"validPairRedPer\": 100.0, \"bothSideMapped\": 228366332, \"side1MultiMap\": 55232088, \"internal\": 4636648, \"qvEncoding\": \"phred33\", \"side2File\": \"U54-031116-ESC-R1_*_L003_R2_*.fastq.gz\", \"alignmentOptions\": \"--very-sensitive --no-hd --no-sq --mm --qc-filter\", \"UUID\": \"ddf2c11c-51b7-4901-84b6-1f4e676c3cbb\", \"side2MultiMapPer\": 14.19, \"sameFragment\": 6139349, \"cType\": \"Hi-C\", \"bothSideMappedPer\": 59.61, \"trans\": 77420170, \"genome\": \"hg19\", \"side2UniqueMapPer\": 75.55, \"side2MultiMap\": 54376738, \"side1UniqueMap\": 292845556, \"redundantInteractionsPer\": 31.37, \"splitSizeMegabyte\": \"8,692M\", \"redundantInteractions\": 69720369, \"restrictionFragmentFile\": \"/farline/umw_job_dekker/HPCC/cshare/genome/restrictionFragments/hg19/hg19__AAGCTT.txt\", \"iterativeMappingStart\": 25, \"logDirectory\": \"/home/jg14w/lsf_jobs\", \"cisPer\": 65.16, \"transPer\": 34.84, \"selfCirclePer\": 0.62, \"jobName\": \"22MAR16_BH7JCHBB_PE50__U54M-031116-ESC-R1__hg19\", \"side1NoMap\": 35042629, \"cis\": 144806813, \"side1UniqueMapPer\": 76.44, \"laneNum\": 3, \"nonRedundantInteractions\": 152506614, \"side2AlignmentOptions\": \"n/a\", \"flowCell\": \"22MAR16_BH7JCHBB_PE50\", \"validPairRed\": 222226983, \"side1NoMapPer\": 9.15, \"side2TotalReads\": 383120273, \"mapMemoryNeeded\": \"16,398M\", \"mapScratchDir\": \"/tmp\", \"genomeSize\": \"16,398M\", \"side1File\": \"U54-031116-ESC-R1_*_L003_R1_*.fastq.gz\", \"aligner\": \"bowtie2\", \"side1AlignmentOptions\": \"n/a\", \"singleSidedPer\": 32.77, \"validPairPer\": 97.31}",
    "analysis_exp": 26,
    "analysis_import": "",
    "analysis_hiGlass": "uploads/kinetic_detections_fgkCvpj.png",
    "analysis_file": [
      6,
      7
    ]
  }
},
{
  "model": "dryLab.analysis",
  "pk": 112,
  "fields": {
    "analysis_name": "c-World Hi-C-DpnII",
    "analysis_type": 8,
    "analysis_fields": "{\"side1UniqueMap\": \"164500613\", \"jobName\": \"18AUG16_PE50_HCVLYBB__U54-ESC-FA-20160812-DpnII__hg19\", \"side1TotalReads\": \"234814011\", \"nCPU\": \"235\", \"cisPer\": \"33.14\", \"time\": \"10:8:14, Wed Aug 24, 2016\", \"unMapped\": \"22960699\", \"UUID\": \"dcf7009d-8e84-49d2-8972-95dfffeab8fa\", \"transPer\": \"66.86\", \"selfCirclePer\": \"0.14\", \"totalMolecules\": \"115044282\", \"errorPer\": \"0.27\", \"totalReads\": \"234814011\", \"bothSideMappedPer\": \"49.25\", \"trans\": \"76921677\", \"computeResource\": \"ghpcc06\", \"bounded\": \"8249\", \"numReads\": \"234814011\", \"internal\": \"119858\", \"cType\": \"Hi-C\", \"qvEncoding\": \"phred33\", \"side2UniqueMap\": \"163009540\", \"splitSize\": \"4000000\", \"danglingEnd\": \"128107\", \"side1NoMap\": \"20811736\", \"restrictionFragmentFile\": \"/farline/umw_job_dekker/HPCC/tmp_cshare/genome/restrictionFragments/hg19/hg19__GATC.txt\", \"side1NoMapPer\": \"8.86\", \"side2File\": \"U54-ESC-FA81216DpnII_*_L001_R2_*.fastq.gz\", \"nonRedundantInteractions\": \"63010031\", \"reduceResources\": \"long\", \"alignmentOptions\": \"--very-sensitive --no-hd --no-sq --mm --qc-filter\", \"splitSizeMegabyte\": \"8,692M\", \"sameFragment\": \"612559\", \"nonRedundantInteractionsPer\": \"54.77\", \"reduceMemoryNeeded\": \"17,384M\", \"validPair\": \"115044282\", \"readLength\": \"50\", \"cMapping\": \"/home/jg14w/cMapping/scripts\", \"mapScratchDir\": \"/tmp\", \"flowCell\": \"18AUG16_PE50_HCVLYBB\", \"laneName\": \"U54-ESC-FA-20160812-DpnII\", \"iterativeMappingStep\": \"5\", \"mapMemoryNeeded\": \"16,398M\", \"side2MultiMapPer\": \"20.5\", \"mapResources\": \"long\", \"enzyme\": \"DpnII\", \"percentRedundant\": \"45.23\", \"side1MultiMap\": \"49501662\", \"iterativeMappingStart\": \"25\", \"singleSidedPer\": \"40.97\", \"side2TotalReads\": \"234814011\", \"boundedPer\": \"6.44\", \"iterativeMapping\": \"on\", \"redundantInteractionsPer\": \"45.23\", \"side1MultiMapPer\": \"21.08\", \"side2MultiMap\": \"48132717\", \"mapScratchSize\": \"7440M\", \"singleSided\": \"96196471\", \"validPairPer\": \"99.47\", \"error\": \"317207\", \"internalPer\": \"93.56\", \"aligner\": \"bowtie2\", \"reduceScratchDir\": \"/home/jg14w/farline/scratch\", \"side2AlignmentOptions\": \"n/a\", \"side1File\": \"U54-ESC-FA81216DpnII_*_L001_R1_*.fastq.gz\", \"validPairRedPer\": \"100\", \"genome\": \"hg19\", \"iterativeMappingEnd\": \"50\", \"sameFragmentPer\": \"0.53\", \"unMappedPer\": \"9.78\", \"logDirectory\": \"/farline/umw_job_dekker/HPCC/tmp_cshare/cWorld-logs\", \"genomeSize\": \"16,398M\", \"genomePath\": \"/farline/umw_job_dekker/HPCC/tmp_cshare/genome/bowtie2/hg19/hg19\", \"side2NoMapPer\": \"10.08\", \"validPairRed\": \"115044282\", \"danglingEndPer\": \"0.11\", \"side1AlignmentOptions\": \"n/a\", \"restrictionSite\": \"GATC\", \"cis\": \"38122605\", \"side2NoMap\": \"23671754\", \"bothSideMapped\": \"115656841\", \"redundantInteractions\": \"52034251\", \"alignmentSoftwarePath\": \"/share/pkg/bowtie2/2-2.1.0/bowtie2\", \"totalMoleculesPer\": \"100\", \"selfCircle\": \"167245\", \"side1UniqueMapPer\": \"70.06\", \"side2UniqueMapPer\": \"69.42\", \"laneNum\": \"1\"}",
    "analysis_exp": 27,
    "analysis_import": "",
    "analysis_hiGlass": "uploads/gel_zWnQPbK.png",
    "analysis_file": [
      8,
      9
    ]
  }
},
{
  "model": "dryLab.images",
  "pk": 53,
  "fields": {
    "image_path": "/media/plots/22MAR16_BH7JCHBB_PE50__U54M-031116-ESC-R1__hg19.iterativeMapping.log.png",
    "image_analysis": 111
  }
},
{
  "model": "dryLab.images",
  "pk": 54,
  "fields": {
    "image_path": "/media/plots/22MAR16_BH7JCHBB_PE50__U54M-031116-ESC-R1__hg19.strandBias.log.png",
    "image_analysis": 111
  }
},
{
  "model": "dryLab.images",
  "pk": 55,
  "fields": {
    "image_path": "/media/plots/22MAR16_BH7JCHBB_PE50__U54M-031116-ESC-R1__hg19.moleculeSize.plot.log.png",
    "image_analysis": 111
  }
},
{
  "model": "dryLab.images",
  "pk": 56,
  "fields": {
    "image_path": "/media/plots/22MAR16_BH7JCHBB_PE50__U54M-031116-ESC-R1__hg19.interaction.log.png",
    "image_analysis": 111
  }
},
{
  "model": "dryLab.images",
  "pk": 57,
  "fields": {
    "image_path": "/media/plots/18AUG16_PE50_HCVLYBB__U54-ESC-FA-20160812-DpnII__hg19.strandBias.log.png",
    "image_analysis": 112
  }
},
{
  "model": "dryLab.images",
  "pk": 58,
  "fields": {
    "image_path": "/media/plots/18AUG16_PE50_HCVLYBB__U54-ESC-FA-20160812-DpnII__hg19.iterativeMapping.log.png",
    "image_analysis": 112
  }
},
{
  "model": "dryLab.images",
  "pk": 59,
  "fields": {
    "image_path": "/media/plots/18AUG16_PE50_HCVLYBB__U54-ESC-FA-20160812-DpnII__hg19.moleculeSize.plot.log.png",
    "image_analysis": 112
  }
},
{
  "model": "dryLab.images",
  "pk": 60,
  "fields": {
    "image_path": "/media/plots/18AUG16_PE50_HCVLYBB__U54-ESC-FA-20160812-DpnII__hg19.interaction.log.png",
    "image_analysis": 112
  }
},
{
  "model": "dryLab.imageobjects",
  "pk": 7,
  "fields": {
    "imageObjects_name": "gel Image",
    "imageObjects_images": "uploads/image001.png",
    "project": 7
  }
},
{
  "model": "dryLab.imageobjects",
  "pk": 8,
  "fields": {
    "imageObjects_name": "fragment analyzer image",
    "imageObjects_images": "uploads/image002.png",
    "project": 7
  }
},
{
  "model": "dryLab.imageobjects",
  "pk": 9,
  "fields": {
    "imageObjects_name": "cell image",
    "imageObjects_images": "uploads/gI_125810_cell-growth.png",
    "project": 7
  }
},
{
  "model": "wetLab.document",
  "pk": 2,
  "fields": {
    "document_description": "Doc1",
    "document_type": 3,
    "document_attachment": "uploads/Name_zJvv4MV.txt",
    "document_references": 1,
    "document_url": ""
  }
},
{
  "model": "wetLab.vendor",
  "pk": 1,
  "fields": {
    "vendor_name": "ATCC",
    "vendor_description": "Cells",
    "vendor_url": "https://www.atcc.org/"
  }
},
{
  "model": "wetLab.construct",
  "pk": 1,
  "fields": {
    "construct_name": "Construct123",
    "construct_type": 13,
    "construct_vendor": null,
    "construct_designed_to_target": "",
    "construct_insert_sequence": "",
    "construct_map": null,
    "construct_tag": "",
    "construct_vector_backbone": "",
    "construct_description": ""
  }
},
{
  "model": "wetLab.construct",
  "pk": 2,
  "fields": {
    "construct_name": "jfdgkg",
    "construct_type": 12,
    "construct_vendor": null,
    "construct_designed_to_target": "",
    "construct_insert_sequence": "",
    "construct_map": null,
    "construct_tag": "",
    "construct_vector_backbone": "",
    "construct_description": ""
  }
},
{
  "model": "wetLab.construct",
  "pk": 3,
  "fields": {
    "construct_name": "jfdgkg",
    "construct_type": 12,
    "construct_vendor": null,
    "construct_designed_to_target": "",
    "construct_insert_sequence": "",
    "construct_map": null,
    "construct_tag": "",
    "construct_vector_backbone": "",
    "construct_description": ""
  }
},
{
  "model": "wetLab.construct",
  "pk": 4,
  "fields": {
    "construct_name": "con1",
    "construct_type": 12,
    "construct_vendor": null,
    "construct_designed_to_target": "",
    "construct_insert_sequence": "",
    "construct_map": null,
    "construct_tag": "",
    "construct_vector_backbone": "",
    "construct_description": ""
  }
},
{
  "model": "wetLab.genomicregions",
  "pk": 1,
  "fields": {
    "genomicRegions_genome_assembly": 52,
    "genomicRegions_chromosome": 44,
    "genomicRegions_start_coordinate": 5,
    "genomicRegions_end_coordinate": 6,
    "genomicRegions_location_description": "",
    "genomicRegions_start_location": "",
    "genomicRegions_end_location": ""
  }
},
{
  "model": "wetLab.genomicregions",
  "pk": 2,
  "fields": {
    "genomicRegions_genome_assembly": 52,
    "genomicRegions_chromosome": null,
    "genomicRegions_start_coordinate": null,
    "genomicRegions_end_coordinate": null,
    "genomicRegions_location_description": "",
    "genomicRegions_start_location": "",
    "genomicRegions_end_location": ""
  }
},
{
  "model": "wetLab.genomicregions",
  "pk": 3,
  "fields": {
    "genomicRegions_genome_assembly": 53,
    "genomicRegions_chromosome": null,
    "genomicRegions_start_coordinate": null,
    "genomicRegions_end_coordinate": null,
    "genomicRegions_location_description": "",
    "genomicRegions_start_location": "",
    "genomicRegions_end_location": ""
  }
},
{
  "model": "wetLab.target",
  "pk": 1,
  "fields": {
    "target_genes": "fdfzdv"
  }
},
{
  "model": "wetLab.target",
  "pk": 2,
  "fields": {
    "target_genes": "fdfzdv"
  }
},
{
  "model": "wetLab.target",
  "pk": 3,
  "fields": {
    "target_genes": "wded"
  }
},
{
  "model": "wetLab.modification",
  "pk": 1,
  "fields": {
    "userOwner": 1,
    "documents": null,
    "references": null,
    "url": "",
    "dbxrefs": "",
    "modification_name": "Modification123",
    "modification_type": 15,
    "modification_constructs": 1,
    "modification_vendor": null,
    "modification_gRNA": "",
    "modification_genomicRegions": 1,
    "modification_target": 1,
    "modification_description": "Description"
  }
},
{
  "model": "wetLab.modification",
  "pk": 3,
  "fields": {
    "userOwner": 1,
    "documents": null,
    "references": null,
    "url": "",
    "dbxrefs": "",
    "modification_name": "Modif11",
    "modification_type": 14,
    "modification_constructs": 3,
    "modification_vendor": null,
    "modification_gRNA": "",
    "modification_genomicRegions": 2,
    "modification_target": 2,
    "modification_description": "xvcvv"
  }
},
{
  "model": "wetLab.modification",
  "pk": 4,
  "fields": {
    "userOwner": 1,
    "documents": null,
    "references": null,
    "url": "",
    "dbxrefs": "",
    "modification_name": "mod1",
    "modification_type": 15,
    "modification_constructs": 4,
    "modification_vendor": null,
    "modification_gRNA": "",
    "modification_genomicRegions": 3,
    "modification_target": 3,
    "modification_description": "ygdjwd"
  }
},
{
  "model": "wetLab.individual",
  "pk": 23,
  "fields": {
    "userOwner": 1,
    "documents": null,
    "references": null,
    "url": "",
    "dbxrefs": "",
    "individual_name": "DDL17human",
    "individual_vendor": null,
    "individual_type": 4,
    "individual_fields": "{\"age_units\": \"day\", \"age\": \"17\", \"ethnicity\": \"Caucasian\", \"sex\": \"male\", \"health_status\": \"embryonic\"}"
  }
},
{
  "model": "wetLab.individual",
  "pk": 24,
  "fields": {
    "userOwner": 1,
    "documents": null,
    "references": null,
    "url": "",
    "dbxrefs": "",
    "individual_name": "HeLaS3human",
    "individual_vendor": null,
    "individual_type": 4,
    "individual_fields": "{\"health_status\": \"adult\", \"sex\": \"female\", \"age\": \"31\", \"ethnicity\": \"Black\", \"age_units\": \"year\"}"
  }
},
{
  "model": "wetLab.enzyme",
  "pk": 1,
  "fields": {
    "documents": null,
    "references": null,
    "url": "",
    "dbxrefs": "",
    "enzyme_name": "DpnII",
    "enzyme_recogSeq": "",
    "enzyme_siteLen": null,
    "enzyme_cutPos": null,
    "enzyme_vendor": 1,
    "enzyme_catalog_number": "",
    "enzyme_description": ""
  }
},
{
  "model": "wetLab.enzyme",
  "pk": 2,
  "fields": {
    "documents": null,
    "references": null,
    "url": "",
    "dbxrefs": "",
    "enzyme_name": "HindIII",
    "enzyme_recogSeq": "",
    "enzyme_siteLen": null,
    "enzyme_cutPos": null,
    "enzyme_vendor": 1,
    "enzyme_catalog_number": "",
    "enzyme_description": ""
  }
},
{
  "model": "wetLab.enzyme",
  "pk": 3,
  "fields": {
    "documents": null,
    "references": null,
    "url": "",
    "dbxrefs": "",
    "enzyme_name": "MboI",
    "enzyme_recogSeq": "",
    "enzyme_siteLen": null,
    "enzyme_cutPos": null,
    "enzyme_vendor": 1,
    "enzyme_catalog_number": "",
    "enzyme_description": ""
  }
},
{
  "model": "wetLab.protocol",
  "pk": 11,
  "fields": {
    "userOwner": 1,
    "protocol_name": "ExperimentHiC Protocol-HindIII",
    "protocol_type": 2,
    "protocol_fields": "{\"experiment_type\": \"in\", \"crosslinking_method\": \"1%\", \"ligation_time\": \"240\", \"fragment_size_range\": \"150-350\", \"digestion_temperature\": \"37\", \"average_fragment_size\": \"200\", \"digestion_time\": \"960\", \"crosslinking_temperature\": \"25\", \"library_preparation_date\": \"3/6/2016\", \"ligation_temperature\": \"16\", \"fragment_size_selection_method\": \"SPRI\", \"ligation_volume\": \"1.2\", \"fragmentation_method\": \"sonication\", \"dbxrefs\": \"\", \"enzyme_lot_number\": \"\", \"tagging_method\": \"bio-dCTP\", \"crosslinking_time\": \"10\"}",
    "protocol_document": null,
    "protocol_enzyme": 2,
    "protocol_variation": "",
    "protocol_description": ""
  }
},
{
  "model": "wetLab.protocol",
  "pk": 12,
  "fields": {
    "userOwner": 1,
    "protocol_name": "ExperimentHiC Protocol-DpnII",
    "protocol_type": 2,
    "protocol_fields": "{\"crosslinking_time\": \"10\", \"digestion_temperature\": \"37\", \"fragment_size_range\": \"150-350\", \"enzyme_lot_number\": \"\", \"ligation_time\": \"240\", \"fragment_size_selection_method\": null, \"crosslinking_temperature\": \"25\", \"dbxrefs\": \"\", \"experiment_type\": \"in situ Hi-C\", \"digestion_time\": \"960\", \"tagging_method\": \"bio-dCTP\", \"fragmentation_method\": \"sonication\", \"average_fragment_size\": \"200\", \"ligation_volume\": \"1.2\", \"library_preparation_date\": \"8/8/2016\", \"crosslinking_method\": \"1% Formaldehyde\", \"ligation_temperature\": \"16\"}",
    "protocol_document": null,
    "protocol_enzyme": 1,
    "protocol_variation": "",
    "protocol_description": ""
  }
},
{
  "model": "wetLab.protocol",
  "pk": 13,
  "fields": {
    "userOwner": 1,
    "protocol_name": "ExperimentHiC Protocol-MboI",
    "protocol_type": 2,
    "protocol_fields": "{\"fragmentation_method\": \"sonication\", \"digestion_temperature\": \"37\", \"dbxrefs\": \"\", \"crosslinking_temperature\": \"25\", \"ligation_temperature\": \"25\", \"fragment_size_range\": \"\", \"experiment_type\": \"in situ Hi-C\", \"enzyme_lot_number\": \"\", \"ligation_time\": \"240\", \"tagging_method\": \"bio-dATP\", \"ligation_volume\": \"1.2\", \"digestion_time\": \"120\", \"crosslinking_time\": \"10\", \"crosslinking_method\": \"1% Formaldehyde\", \"fragment_size_selection_method\": \"SPRI beads\", \"average_fragment_size\": \"\", \"library_preparation_date\": \"\"}",
    "protocol_document": null,
    "protocol_enzyme": 3,
    "protocol_variation": "",
    "protocol_description": ""
  }
},
{
  "model": "wetLab.biosource",
  "pk": 18,
  "fields": {
    "documents": null,
    "references": null,
    "url": "http://www.wicell.org/home/stem-cell-lines/catalog-of-stem-cell-lines/wa01.cmsx",
    "dbxrefs": "",
    "biosource_name": "WA01 h1-embryonic stem cells (DDL-17)",
    "biosource_type": 16,
    "biosource_cell_line": "",
    "biosource_cell_line_tier": 23,
    "biosource_SOP_cell_line": null,
    "biosource_vendor": null,
    "biosource_individual": 23,
    "biosource_tissue": "embryonic",
    "biosource_description": ""
  }
},
{
  "model": "wetLab.biosource",
  "pk": 19,
  "fields": {
    "documents": null,
    "references": null,
    "url": "https://www.atcc.org/Products/All/CCL-2.2.aspx",
    "dbxrefs": "",
    "biosource_name": "HeLa-S3 (CCL-2.2)",
    "biosource_type": 22,
    "biosource_cell_line": "HeLa-S3",
    "biosource_cell_line_tier": null,
    "biosource_SOP_cell_line": null,
    "biosource_vendor": null,
    "biosource_individual": 24,
    "biosource_tissue": "cervix",
    "biosource_description": ""
  }
},
{
  "model": "wetLab.biosample",
  "pk": 21,
  "fields": {
    "userOwner": 1,
    "documents": null,
    "references": null,
    "url": "",
    "dbxrefs": "",
    "biosample_name": "H1-hESC stem cell",
    "biosample_biosource": 18,
    "biosample_individual": 23,
    "biosample_modification": null,
    "biosample_protocol": null,
    "biosample_treatment": 78,
    "biosample_type": null,
    "biosample_fields": null,
    "biosample_description": "",
    "biosample_imageObjects": [
      9
    ]
  }
},
{
  "model": "wetLab.biosample",
  "pk": 22,
  "fields": {
    "userOwner": 1,
    "documents": null,
    "references": null,
    "url": "",
    "dbxrefs": "",
    "biosample_name": "HeLaS3human_p1",
    "biosample_biosource": 19,
    "biosample_individual": 24,
    "biosample_modification": null,
    "biosample_protocol": null,
    "biosample_treatment": 78,
    "biosample_type": null,
    "biosample_fields": null,
    "biosample_description": "",
    "biosample_imageObjects": []
  }
},
{
  "model": "wetLab.treatmentrnai",
  "pk": 2,
  "fields": {
    "documents": null,
    "references": null,
    "url": "",
    "dbxrefs": "",
    "treatmentRnai_name": "rnainame",
    "treatmentRnai_rnai_type": 58,
    "treatmentRnai_rnai_constructs": 1,
    "treatmentRnai_rnai_vendor": 1,
    "treatmentRnai_target": 1,
    "treatmentRnai_nucleotide_seq": "",
    "treatmentRnai_description": "",
    "biosample": []
  }
},
{
  "model": "wetLab.treatmentrnai",
  "pk": 3,
  "fields": {
    "documents": null,
    "references": null,
    "url": "",
    "dbxrefs": "",
    "treatmentRnai_name": "tttt",
    "treatmentRnai_rnai_type": 58,
    "treatmentRnai_rnai_constructs": 1,
    "treatmentRnai_rnai_vendor": 1,
    "treatmentRnai_target": null,
    "treatmentRnai_nucleotide_seq": "",
    "treatmentRnai_description": "",
    "biosample": []
  }
},
{
  "model": "wetLab.treatmentrnai",
  "pk": 10,
  "fields": {
    "documents": null,
    "references": null,
    "url": "",
    "dbxrefs": "",
    "treatmentRnai_name": "dd",
    "treatmentRnai_rnai_type": 58,
    "treatmentRnai_rnai_constructs": null,
    "treatmentRnai_rnai_vendor": null,
    "treatmentRnai_target": null,
    "treatmentRnai_nucleotide_seq": "",
    "treatmentRnai_description": "",
    "biosample": []
  }
},
{
  "model": "wetLab.treatmentrnai",
  "pk": 11,
  "fields": {
    "documents": null,
    "references": null,
    "url": "",
    "dbxrefs": "",
    "treatmentRnai_name": "Tr1",
    "treatmentRnai_rnai_type": 58,
    "treatmentRnai_rnai_constructs": null,
    "treatmentRnai_rnai_vendor": null,
    "treatmentRnai_target": null,
    "treatmentRnai_nucleotide_seq": "udqwyd",
    "treatmentRnai_description": "des",
    "biosample": []
  }
},
{
  "model": "wetLab.treatmentchemical",
  "pk": 1,
  "fields": {
    "documents": null,
    "references": null,
    "url": "",
    "dbxrefs": "",
    "treatmentChemical_name": "chem123",
    "treatmentChemical_chemical": "h2so4",
    "treatmentChemical_concentration": 0.5,
    "treatmentChemical_concentration_units": 60,
    "treatmentChemical_duration": null,
    "treatmentChemical_duration_units": null,
    "treatmentChemical_temperature": null,
    "treatmentChemical_description": "",
    "biosample": []
  }
},
{
  "model": "wetLab.other",
  "pk": 1,
  "fields": {
    "documents": 2,
    "references": null,
    "url": "",
    "dbxrefs": "",
    "name": "wcwe",
    "description": "cdac",
    "biosample": []
  }
},
{
  "model": "wetLab.other",
  "pk": 2,
  "fields": {
    "documents": 2,
    "references": null,
    "url": "",
    "dbxrefs": "",
    "name": "wcwe",
    "description": "cdac",
    "biosample": []
  }
},
{
  "model": "admin.logentry",
  "pk": 1,
  "fields": {
    "action_time": "2016-11-02T19:13:07.627Z",
    "user": 1,
    "content_type": 3,
    "object_id": "1",
    "object_repr": "Member",
    "action_flag": 1,
    "change_message": "Added."
  }
},
{
  "model": "admin.logentry",
  "pk": 2,
  "fields": {
    "action_time": "2016-11-02T19:14:19.296Z",
    "user": 1,
    "content_type": 3,
    "object_id": "2",
    "object_repr": "Admin",
    "action_flag": 1,
    "change_message": "Added."
  }
},
{
  "model": "admin.logentry",
  "pk": 3,
  "fields": {
    "action_time": "2016-11-02T19:15:01.606Z",
    "user": 1,
    "content_type": 3,
    "object_id": "3",
    "object_repr": "Principal Investigator",
    "action_flag": 1,
    "change_message": "Added."
  }
},
{
  "model": "admin.logentry",
  "pk": 4,
  "fields": {
    "action_time": "2016-11-02T19:15:21.116Z",
    "user": 1,
    "content_type": 3,
    "object_id": "1",
    "object_repr": "Collaborator",
    "action_flag": 2,
    "change_message": "Changed name."
  }
},
{
  "model": "admin.logentry",
  "pk": 5,
  "fields": {
    "action_time": "2016-11-02T19:16:34.731Z",
    "user": 1,
    "content_type": 3,
    "object_id": "4",
    "object_repr": "Member",
    "action_flag": 1,
    "change_message": "Added."
  }
},
{
  "model": "admin.logentry",
  "pk": 6,
  "fields": {
    "action_time": "2016-11-02T19:21:09.726Z",
    "user": 1,
    "content_type": 8,
    "object_id": "1",
    "object_repr": "excision protocol",
    "action_flag": 1,
    "change_message": "Added."
  }
},
{
  "model": "admin.logentry",
  "pk": 7,
  "fields": {
    "action_time": "2016-11-02T19:21:20.741Z",
    "user": 1,
    "content_type": 8,
    "object_id": "2",
    "object_repr": "general protocol",
    "action_flag": 1,
    "change_message": "Added."
  }
},
{
  "model": "admin.logentry",
  "pk": 8,
  "fields": {
    "action_time": "2016-11-02T19:21:33.882Z",
    "user": 1,
    "content_type": 8,
    "object_id": "3",
    "object_repr": "treatment protocol",
    "action_flag": 1,
    "change_message": "Added."
  }
},
{
  "model": "admin.logentry",
  "pk": 9,
  "fields": {
    "action_time": "2016-11-02T19:21:45.064Z",
    "user": 1,
    "content_type": 8,
    "object_id": "4",
    "object_repr": "data sheet",
    "action_flag": 1,
    "change_message": "Added."
  }
},
{
  "model": "admin.logentry",
  "pk": 10,
  "fields": {
    "action_time": "2016-11-02T19:21:56.550Z",
    "user": 1,
    "content_type": 8,
    "object_id": "5",
    "object_repr": "dedifferentiation protocol",
    "action_flag": 1,
    "change_message": "Added."
  }
},
{
  "model": "admin.logentry",
  "pk": 11,
  "fields": {
    "action_time": "2016-11-02T19:22:05.809Z",
    "user": 1,
    "content_type": 8,
    "object_id": "6",
    "object_repr": "differentiation protocol",
    "action_flag": 1,
    "change_message": "Added."
  }
},
{
  "model": "admin.logentry",
  "pk": 12,
  "fields": {
    "action_time": "2016-11-02T19:22:19.099Z",
    "user": 1,
    "content_type": 8,
    "object_id": "7",
    "object_repr": "data QA",
    "action_flag": 1,
    "change_message": "Added."
  }
},
{
  "model": "admin.logentry",
  "pk": 13,
  "fields": {
    "action_time": "2016-11-02T19:22:28.964Z",
    "user": 1,
    "content_type": 8,
    "object_id": "8",
    "object_repr": "certificate of analysis",
    "action_flag": 1,
    "change_message": "Added."
  }
},
{
  "model": "admin.logentry",
  "pk": 14,
  "fields": {
    "action_time": "2016-11-02T19:22:37.940Z",
    "user": 1,
    "content_type": 8,
    "object_id": "9",
    "object_repr": "extraction protocol",
    "action_flag": 1,
    "change_message": "Added."
  }
},
{
  "model": "admin.logentry",
  "pk": 15,
  "fields": {
    "action_time": "2016-11-02T19:22:47.851Z",
    "user": 1,
    "content_type": 8,
    "object_id": "10",
    "object_repr": "growth protocol",
    "action_flag": 1,
    "change_message": "Added."
  }
},
{
  "model": "admin.logentry",
  "pk": 16,
  "fields": {
    "action_time": "2016-11-02T19:23:00.936Z",
    "user": 1,
    "content_type": 8,
    "object_id": "11",
    "object_repr": "tagging construct",
    "action_flag": 1,
    "change_message": "Added."
  }
},
{
  "model": "admin.logentry",
  "pk": 17,
  "fields": {
    "action_time": "2016-11-02T19:23:12.231Z",
    "user": 1,
    "content_type": 8,
    "object_id": "12",
    "object_repr": "rnai construct",
    "action_flag": 1,
    "change_message": "Added."
  }
},
{
  "model": "admin.logentry",
  "pk": 18,
  "fields": {
    "action_time": "2016-11-02T19:23:24.258Z",
    "user": 1,
    "content_type": 8,
    "object_id": "13",
    "object_repr": "crispr construct",
    "action_flag": 1,
    "change_message": "Added."
  }
},
{
  "model": "admin.logentry",
  "pk": 19,
  "fields": {
    "action_time": "2016-11-02T19:23:47.659Z",
    "user": 1,
    "content_type": 8,
    "object_id": "14",
    "object_repr": "Stable Transfection",
    "action_flag": 1,
    "change_message": "Added."
  }
},
{
  "model": "admin.logentry",
  "pk": 20,
  "fields": {
    "action_time": "2016-11-02T19:24:02.792Z",
    "user": 1,
    "content_type": 8,
    "object_id": "15",
    "object_repr": "Crispr",
    "action_flag": 1,
    "change_message": "Added."
  }
},
{
  "model": "admin.logentry",
  "pk": 21,
  "fields": {
    "action_time": "2016-11-02T19:24:20.186Z",
    "user": 1,
    "content_type": 8,
    "object_id": "13",
    "object_repr": "crispr construct",
    "action_flag": 2,
    "change_message": "Changed choice_type."
  }
},
{
  "model": "admin.logentry",
  "pk": 22,
  "fields": {
    "action_time": "2016-11-02T19:24:29.264Z",
    "user": 1,
    "content_type": 8,
    "object_id": "12",
    "object_repr": "rnai construct",
    "action_flag": 2,
    "change_message": "Changed choice_type."
  }
},
{
  "model": "admin.logentry",
  "pk": 23,
  "fields": {
    "action_time": "2016-11-02T19:24:37.412Z",
    "user": 1,
    "content_type": 8,
    "object_id": "11",
    "object_repr": "tagging construct",
    "action_flag": 2,
    "change_message": "Changed choice_type."
  }
},
{
  "model": "admin.logentry",
  "pk": 24,
  "fields": {
    "action_time": "2016-11-02T19:25:05.388Z",
    "user": 1,
    "content_type": 8,
    "object_id": "16",
    "object_repr": "stem cell",
    "action_flag": 1,
    "change_message": "Added."
  }
},
{
  "model": "admin.logentry",
  "pk": 25,
  "fields": {
    "action_time": "2016-11-02T19:25:17.447Z",
    "user": 1,
    "content_type": 8,
    "object_id": "17",
    "object_repr": "whole organisms",
    "action_flag": 1,
    "change_message": "Added."
  }
},
{
  "model": "admin.logentry",
  "pk": 26,
  "fields": {
    "action_time": "2016-11-02T19:25:27.799Z",
    "user": 1,
    "content_type": 8,
    "object_id": "18",
    "object_repr": "induced pluripotent stem cell line",
    "action_flag": 1,
    "change_message": "Added."
  }
},
{
  "model": "admin.logentry",
  "pk": 27,
  "fields": {
    "action_time": "2016-11-02T19:25:38.688Z",
    "user": 1,
    "content_type": 8,
    "object_id": "19",
    "object_repr": "in vitro differentiated cells",
    "action_flag": 1,
    "change_message": "Added."
  }
},
{
  "model": "admin.logentry",
  "pk": 28,
  "fields": {
    "action_time": "2016-11-02T19:26:28.506Z",
    "user": 1,
    "content_type": 8,
    "object_id": "20",
    "object_repr": "tissue",
    "action_flag": 1,
    "change_message": "Added."
  }
},
{
  "model": "admin.logentry",
  "pk": 29,
  "fields": {
    "action_time": "2016-11-02T19:26:41.264Z",
    "user": 1,
    "content_type": 8,
    "object_id": "21",
    "object_repr": "primary cell",
    "action_flag": 1,
    "change_message": "Added."
  }
},
{
  "model": "admin.logentry",
  "pk": 30,
  "fields": {
    "action_time": "2016-11-02T19:26:53.990Z",
    "user": 1,
    "content_type": 8,
    "object_id": "22",
    "object_repr": "immortalized cell line",
    "action_flag": 1,
    "change_message": "Added."
  }
},
{
  "model": "admin.logentry",
  "pk": 31,
  "fields": {
    "action_time": "2016-11-02T19:27:29.281Z",
    "user": 1,
    "content_type": 7,
    "object_id": "1",
    "object_repr": "ExperimentCaptureC",
    "action_flag": 1,
    "change_message": "Added."
  }
},
{
  "model": "admin.logentry",
  "pk": 32,
  "fields": {
    "action_time": "2016-11-02T19:27:50.465Z",
    "user": 1,
    "content_type": 7,
    "object_id": "2",
    "object_repr": "ExperimentHiC",
    "action_flag": 1,
    "change_message": "Added."
  }
},
{
  "model": "admin.logentry",
  "pk": 33,
  "fields": {
    "action_time": "2016-11-02T19:28:12.067Z",
    "user": 1,
    "content_type": 7,
    "object_id": "3",
    "object_repr": "BiosampleCellCulture",
    "action_flag": 1,
    "change_message": "Added."
  }
},
{
  "model": "admin.logentry",
  "pk": 34,
  "fields": {
    "action_time": "2016-11-02T19:28:31.844Z",
    "user": 1,
    "content_type": 7,
    "object_id": "4",
    "object_repr": "IndividualHuman",
    "action_flag": 1,
    "change_message": "Added."
  }
},
{
  "model": "admin.logentry",
  "pk": 35,
  "fields": {
    "action_time": "2016-11-02T19:29:12.706Z",
    "user": 1,
    "content_type": 7,
    "object_id": "5",
    "object_repr": "IndividualMouse",
    "action_flag": 1,
    "change_message": "Added."
  }
},
{
  "model": "admin.logentry",
  "pk": 36,
  "fields": {
    "action_time": "2016-11-02T19:32:25.162Z",
    "user": 1,
    "content_type": 9,
    "object_id": "1",
    "object_repr": "Pr123",
    "action_flag": 1,
    "change_message": "Added."
  }
},
{
  "model": "admin.logentry",
  "pk": 37,
  "fields": {
    "action_time": "2016-11-02T19:33:25.287Z",
    "user": 1,
    "content_type": 7,
    "object_id": "6",
    "object_repr": "None",
    "action_flag": 1,
    "change_message": "Added."
  }
},
{
  "model": "admin.logentry",
  "pk": 38,
  "fields": {
    "action_time": "2016-11-02T19:33:54.793Z",
    "user": 1,
    "content_type": 27,
    "object_id": "1",
    "object_repr": "None",
    "action_flag": 1,
    "change_message": "Added."
  }
},
{
  "model": "admin.logentry",
  "pk": 39,
  "fields": {
    "action_time": "2016-11-02T19:36:28.638Z",
    "user": 1,
    "content_type": 4,
    "object_id": "1",
    "object_repr": "admin",
    "action_flag": 2,
    "change_message": "Changed groups."
  }
},
{
  "model": "admin.logentry",
  "pk": 40,
  "fields": {
    "action_time": "2016-11-02T19:51:15.524Z",
    "user": 1,
    "content_type": 21,
    "object_id": "1",
    "object_repr": "Construct123",
    "action_flag": 1,
    "change_message": "Added."
  }
},
{
  "model": "admin.logentry",
  "pk": 41,
  "fields": {
    "action_time": "2016-11-02T19:51:52.710Z",
    "user": 1,
    "content_type": 24,
    "object_id": "1",
    "object_repr": "Modification123",
    "action_flag": 1,
    "change_message": "Added."
  }
},
{
  "model": "admin.logentry",
  "pk": 42,
  "fields": {
    "action_time": "2016-11-02T19:52:29.856Z",
    "user": 1,
    "content_type": 20,
    "object_id": "1",
    "object_repr": "ATCC",
    "action_flag": 1,
    "change_message": "Added."
  }
},
{
  "model": "admin.logentry",
  "pk": 43,
  "fields": {
    "action_time": "2016-11-02T19:53:46.693Z",
    "user": 1,
    "content_type": 26,
    "object_id": "1",
    "object_repr": "DpnII",
    "action_flag": 1,
    "change_message": "Added."
  }
},
{
  "model": "admin.logentry",
  "pk": 44,
  "fields": {
    "action_time": "2016-11-02T19:56:36.009Z",
    "user": 1,
    "content_type": 8,
    "object_id": "23",
    "object_repr": "Tire 1",
    "action_flag": 1,
    "change_message": "Added."
  }
},
{
  "model": "admin.logentry",
  "pk": 45,
  "fields": {
    "action_time": "2016-11-02T19:56:56.034Z",
    "user": 1,
    "content_type": 8,
    "object_id": "24",
    "object_repr": "Tier 2",
    "action_flag": 1,
    "change_message": "Added."
  }
},
{
  "model": "admin.logentry",
  "pk": 46,
  "fields": {
    "action_time": "2016-11-02T19:57:07.272Z",
    "user": 1,
    "content_type": 8,
    "object_id": "25",
    "object_repr": "Unclassified",
    "action_flag": 1,
    "change_message": "Added."
  }
},
{
  "model": "admin.logentry",
  "pk": 47,
  "fields": {
    "action_time": "2016-11-02T19:57:55.761Z",
    "user": 1,
    "content_type": 8,
    "object_id": "26",
    "object_repr": "wsws",
    "action_flag": 1,
    "change_message": "Added."
  }
},
{
  "model": "admin.logentry",
  "pk": 48,
  "fields": {
    "action_time": "2016-11-02T19:58:03.028Z",
    "user": 1,
    "content_type": 8,
    "object_id": "26",
    "object_repr": "wsws",
    "action_flag": 3,
    "change_message": ""
  }
},
{
  "model": "admin.logentry",
  "pk": 49,
  "fields": {
    "action_time": "2016-11-03T19:01:15.033Z",
    "user": 1,
    "content_type": 8,
    "object_id": "15",
    "object_repr": "Crispr",
    "action_flag": 2,
    "change_message": "No fields changed."
  }
},
{
  "model": "admin.logentry",
  "pk": 50,
  "fields": {
    "action_time": "2016-11-03T19:38:52.950Z",
    "user": 1,
    "content_type": 8,
    "object_id": "27",
    "object_repr": "Other",
    "action_flag": 1,
    "change_message": "Added."
  }
},
{
  "model": "admin.logentry",
  "pk": 51,
  "fields": {
    "action_time": "2016-11-03T19:49:12.252Z",
    "user": 1,
    "content_type": 8,
    "object_id": "28",
    "object_repr": "1",
    "action_flag": 1,
    "change_message": "Added."
  }
},
{
  "model": "admin.logentry",
  "pk": 52,
  "fields": {
    "action_time": "2016-11-03T19:49:16.068Z",
    "user": 1,
    "content_type": 8,
    "object_id": "29",
    "object_repr": "2",
    "action_flag": 1,
    "change_message": "Added."
  }
},
{
  "model": "admin.logentry",
  "pk": 53,
  "fields": {
    "action_time": "2016-11-03T19:49:20.576Z",
    "user": 1,
    "content_type": 8,
    "object_id": "30",
    "object_repr": "3",
    "action_flag": 1,
    "change_message": "Added."
  }
},
{
  "model": "admin.logentry",
  "pk": 54,
  "fields": {
    "action_time": "2016-11-03T19:49:25.707Z",
    "user": 1,
    "content_type": 8,
    "object_id": "31",
    "object_repr": "4",
    "action_flag": 1,
    "change_message": "Added."
  }
},
{
  "model": "admin.logentry",
  "pk": 55,
  "fields": {
    "action_time": "2016-11-03T19:49:30.208Z",
    "user": 1,
    "content_type": 8,
    "object_id": "32",
    "object_repr": "5",
    "action_flag": 1,
    "change_message": "Added."
  }
},
{
  "model": "admin.logentry",
  "pk": 56,
  "fields": {
    "action_time": "2016-11-03T19:49:34.601Z",
    "user": 1,
    "content_type": 8,
    "object_id": "33",
    "object_repr": "6",
    "action_flag": 1,
    "change_message": "Added."
  }
},
{
  "model": "admin.logentry",
  "pk": 57,
  "fields": {
    "action_time": "2016-11-03T19:49:39.275Z",
    "user": 1,
    "content_type": 8,
    "object_id": "34",
    "object_repr": "7",
    "action_flag": 1,
    "change_message": "Added."
  }
},
{
  "model": "admin.logentry",
  "pk": 58,
  "fields": {
    "action_time": "2016-11-03T19:49:46.981Z",
    "user": 1,
    "content_type": 8,
    "object_id": "35",
    "object_repr": "8",
    "action_flag": 1,
    "change_message": "Added."
  }
},
{
  "model": "admin.logentry",
  "pk": 59,
  "fields": {
    "action_time": "2016-11-03T19:49:51.147Z",
    "user": 1,
    "content_type": 8,
    "object_id": "36",
    "object_repr": "9",
    "action_flag": 1,
    "change_message": "Added."
  }
},
{
  "model": "admin.logentry",
  "pk": 60,
  "fields": {
    "action_time": "2016-11-03T19:49:55.620Z",
    "user": 1,
    "content_type": 8,
    "object_id": "37",
    "object_repr": "10",
    "action_flag": 1,
    "change_message": "Added."
  }
},
{
  "model": "admin.logentry",
  "pk": 61,
  "fields": {
    "action_time": "2016-11-03T19:49:59.311Z",
    "user": 1,
    "content_type": 8,
    "object_id": "38",
    "object_repr": "11",
    "action_flag": 1,
    "change_message": "Added."
  }
},
{
  "model": "admin.logentry",
  "pk": 62,
  "fields": {
    "action_time": "2016-11-03T19:50:03.068Z",
    "user": 1,
    "content_type": 8,
    "object_id": "39",
    "object_repr": "12",
    "action_flag": 1,
    "change_message": "Added."
  }
},
{
  "model": "admin.logentry",
  "pk": 63,
  "fields": {
    "action_time": "2016-11-03T19:50:07.151Z",
    "user": 1,
    "content_type": 8,
    "object_id": "40",
    "object_repr": "13",
    "action_flag": 1,
    "change_message": "Added."
  }
},
{
  "model": "admin.logentry",
  "pk": 64,
  "fields": {
    "action_time": "2016-11-03T19:50:11.746Z",
    "user": 1,
    "content_type": 8,
    "object_id": "41",
    "object_repr": "14",
    "action_flag": 1,
    "change_message": "Added."
  }
},
{
  "model": "admin.logentry",
  "pk": 65,
  "fields": {
    "action_time": "2016-11-03T19:50:16.017Z",
    "user": 1,
    "content_type": 8,
    "object_id": "42",
    "object_repr": "15",
    "action_flag": 1,
    "change_message": "Added."
  }
},
{
  "model": "admin.logentry",
  "pk": 66,
  "fields": {
    "action_time": "2016-11-03T19:50:20.461Z",
    "user": 1,
    "content_type": 8,
    "object_id": "43",
    "object_repr": "16",
    "action_flag": 1,
    "change_message": "Added."
  }
},
{
  "model": "admin.logentry",
  "pk": 67,
  "fields": {
    "action_time": "2016-11-03T19:50:25.462Z",
    "user": 1,
    "content_type": 8,
    "object_id": "44",
    "object_repr": "17",
    "action_flag": 1,
    "change_message": "Added."
  }
},
{
  "model": "admin.logentry",
  "pk": 68,
  "fields": {
    "action_time": "2016-11-03T19:50:30.011Z",
    "user": 1,
    "content_type": 8,
    "object_id": "45",
    "object_repr": "18",
    "action_flag": 1,
    "change_message": "Added."
  }
},
{
  "model": "admin.logentry",
  "pk": 69,
  "fields": {
    "action_time": "2016-11-03T19:50:35.050Z",
    "user": 1,
    "content_type": 8,
    "object_id": "46",
    "object_repr": "19",
    "action_flag": 1,
    "change_message": "Added."
  }
},
{
  "model": "admin.logentry",
  "pk": 70,
  "fields": {
    "action_time": "2016-11-03T19:50:39.522Z",
    "user": 1,
    "content_type": 8,
    "object_id": "47",
    "object_repr": "20",
    "action_flag": 1,
    "change_message": "Added."
  }
},
{
  "model": "admin.logentry",
  "pk": 71,
  "fields": {
    "action_time": "2016-11-03T19:50:45.184Z",
    "user": 1,
    "content_type": 8,
    "object_id": "48",
    "object_repr": "21",
    "action_flag": 1,
    "change_message": "Added."
  }
},
{
  "model": "admin.logentry",
  "pk": 72,
  "fields": {
    "action_time": "2016-11-03T19:51:09.016Z",
    "user": 1,
    "content_type": 8,
    "object_id": "49",
    "object_repr": "22",
    "action_flag": 1,
    "change_message": "Added."
  }
},
{
  "model": "admin.logentry",
  "pk": 73,
  "fields": {
    "action_time": "2016-11-03T19:51:15.451Z",
    "user": 1,
    "content_type": 8,
    "object_id": "50",
    "object_repr": "X",
    "action_flag": 1,
    "change_message": "Added."
  }
},
{
  "model": "admin.logentry",
  "pk": 74,
  "fields": {
    "action_time": "2016-11-03T19:51:21.402Z",
    "user": 1,
    "content_type": 8,
    "object_id": "51",
    "object_repr": "Y",
    "action_flag": 1,
    "change_message": "Added."
  }
},
{
  "model": "admin.logentry",
  "pk": 75,
  "fields": {
    "action_time": "2016-11-03T19:52:40.175Z",
    "user": 1,
    "content_type": 8,
    "object_id": "52",
    "object_repr": "GRCh38",
    "action_flag": 1,
    "change_message": "Added."
  }
},
{
  "model": "admin.logentry",
  "pk": 76,
  "fields": {
    "action_time": "2016-11-03T19:52:53.192Z",
    "user": 1,
    "content_type": 8,
    "object_id": "53",
    "object_repr": "GRCh37",
    "action_flag": 1,
    "change_message": "Added."
  }
},
{
  "model": "admin.logentry",
  "pk": 77,
  "fields": {
    "action_time": "2016-11-03T19:53:07.244Z",
    "user": 1,
    "content_type": 8,
    "object_id": "54",
    "object_repr": "GRCm38",
    "action_flag": 1,
    "change_message": "Added."
  }
},
{
  "model": "admin.logentry",
  "pk": 78,
  "fields": {
    "action_time": "2016-11-03T19:53:17.559Z",
    "user": 1,
    "content_type": 8,
    "object_id": "55",
    "object_repr": "MGSCv37",
    "action_flag": 1,
    "change_message": "Added."
  }
},
{
  "model": "admin.logentry",
  "pk": 79,
  "fields": {
    "action_time": "2016-11-03T21:00:31.586Z",
    "user": 1,
    "content_type": 7,
    "object_id": "7",
    "object_repr": "CRISPR Protocol",
    "action_flag": 1,
    "change_message": "Added."
  }
},
{
  "model": "admin.logentry",
  "pk": 80,
  "fields": {
    "action_time": "2016-11-03T21:03:04.850Z",
    "user": 1,
    "content_type": 7,
    "object_id": "2",
    "object_repr": "HiC Experiment Protocol",
    "action_flag": 2,
    "change_message": "Changed field_name and field_type."
  }
},
{
  "model": "admin.logentry",
  "pk": 81,
  "fields": {
    "action_time": "2016-11-03T21:03:26.680Z",
    "user": 1,
    "content_type": 7,
    "object_id": "1",
    "object_repr": "CaptureC Experiment Protocol",
    "action_flag": 2,
    "change_message": "Changed field_name and field_type."
  }
},
{
  "model": "admin.logentry",
  "pk": 82,
  "fields": {
    "action_time": "2016-11-03T21:37:53.462Z",
    "user": 1,
    "content_type": 7,
    "object_id": "2",
    "object_repr": "ExperimentHiC",
    "action_flag": 2,
    "change_message": "Changed field_name and field_type."
  }
},
{
  "model": "admin.logentry",
  "pk": 83,
  "fields": {
    "action_time": "2016-11-03T21:38:25.906Z",
    "user": 1,
    "content_type": 7,
    "object_id": "1",
    "object_repr": "ExperimentCaptureC",
    "action_flag": 2,
    "change_message": "Changed field_name and field_type."
  }
},
{
  "model": "admin.logentry",
  "pk": 84,
  "fields": {
    "action_time": "2016-11-03T21:46:35.037Z",
    "user": 1,
    "content_type": 19,
    "object_id": "1",
    "object_repr": "Document object",
    "action_flag": 1,
    "change_message": "Added."
  }
},
{
  "model": "admin.logentry",
  "pk": 85,
  "fields": {
    "action_time": "2016-11-03T21:54:51.624Z",
    "user": 1,
    "content_type": 27,
    "object_id": "2",
    "object_repr": "Hi-C Experiment Protocol",
    "action_flag": 1,
    "change_message": "Added."
  }
},
{
  "model": "admin.logentry",
  "pk": 86,
  "fields": {
    "action_time": "2016-11-03T22:27:31.246Z",
    "user": 1,
    "content_type": 27,
    "object_id": "2",
    "object_repr": "Hi-C Experiment Protocol",
    "action_flag": 3,
    "change_message": ""
  }
},
{
  "model": "admin.logentry",
  "pk": 87,
  "fields": {
    "action_time": "2016-11-04T14:26:24.680Z",
    "user": 1,
    "content_type": 7,
    "object_id": "2",
    "object_repr": "Hi-C",
    "action_flag": 2,
    "change_message": "Changed field_name and field_type."
  }
},
{
  "model": "admin.logentry",
  "pk": 88,
  "fields": {
    "action_time": "2016-11-04T14:26:38.442Z",
    "user": 1,
    "content_type": 7,
    "object_id": "1",
    "object_repr": "CaptureC",
    "action_flag": 2,
    "change_message": "Changed field_name and field_type."
  }
},
{
  "model": "admin.logentry",
  "pk": 89,
  "fields": {
    "action_time": "2016-11-04T16:11:29.571Z",
    "user": 1,
    "content_type": 8,
    "object_id": "56",
    "object_repr": "Treatment Document",
    "action_flag": 1,
    "change_message": "Added."
  }
},
{
  "model": "admin.logentry",
  "pk": 90,
  "fields": {
    "action_time": "2016-11-04T16:12:09.391Z",
    "user": 1,
    "content_type": 8,
    "object_id": "57",
    "object_repr": "Individual Document",
    "action_flag": 1,
    "change_message": "Added."
  }
},
{
  "model": "admin.logentry",
  "pk": 91,
  "fields": {
    "action_time": "2016-11-07T15:10:39.865Z",
    "user": 1,
    "content_type": 8,
    "object_id": "58",
    "object_repr": "shRNA",
    "action_flag": 1,
    "change_message": "Added."
  }
},
{
  "model": "admin.logentry",
  "pk": 92,
  "fields": {
    "action_time": "2016-11-07T15:10:57.189Z",
    "user": 1,
    "content_type": 8,
    "object_id": "59",
    "object_repr": "siRNA",
    "action_flag": 1,
    "change_message": "Added."
  }
},
{
  "model": "admin.logentry",
  "pk": 93,
  "fields": {
    "action_time": "2016-11-07T15:34:12.953Z",
    "user": 1,
    "content_type": 8,
    "object_id": "60",
    "object_repr": "pM",
    "action_flag": 1,
    "change_message": "Added."
  }
},
{
  "model": "admin.logentry",
  "pk": 94,
  "fields": {
    "action_time": "2016-11-07T15:34:30.795Z",
    "user": 1,
    "content_type": 8,
    "object_id": "61",
    "object_repr": "nM",
    "action_flag": 1,
    "change_message": "Added."
  }
},
{
  "model": "admin.logentry",
  "pk": 95,
  "fields": {
    "action_time": "2016-11-07T15:34:45.781Z",
    "user": 1,
    "content_type": 8,
    "object_id": "62",
    "object_repr": "\u03bcM",
    "action_flag": 1,
    "change_message": "Added."
  }
},
{
  "model": "admin.logentry",
  "pk": 96,
  "fields": {
    "action_time": "2016-11-07T15:35:04.951Z",
    "user": 1,
    "content_type": 8,
    "object_id": "63",
    "object_repr": "\u03bcg/mL",
    "action_flag": 1,
    "change_message": "Added."
  }
},
{
  "model": "admin.logentry",
  "pk": 97,
  "fields": {
    "action_time": "2016-11-07T15:35:27.182Z",
    "user": 1,
    "content_type": 8,
    "object_id": "64",
    "object_repr": "mM",
    "action_flag": 1,
    "change_message": "Added."
  }
},
{
  "model": "admin.logentry",
  "pk": 98,
  "fields": {
    "action_time": "2016-11-07T15:35:39.872Z",
    "user": 1,
    "content_type": 8,
    "object_id": "65",
    "object_repr": "mg/mL",
    "action_flag": 1,
    "change_message": "Added."
  }
},
{
  "model": "admin.logentry",
  "pk": 99,
  "fields": {
    "action_time": "2016-11-07T15:35:52.326Z",
    "user": 1,
    "content_type": 8,
    "object_id": "66",
    "object_repr": "ng/mL",
    "action_flag": 1,
    "change_message": "Added."
  }
},
{
  "model": "admin.logentry",
  "pk": 100,
  "fields": {
    "action_time": "2016-11-07T15:36:04.680Z",
    "user": 1,
    "content_type": 8,
    "object_id": "67",
    "object_repr": "M",
    "action_flag": 1,
    "change_message": "Added."
  }
},
{
  "model": "admin.logentry",
  "pk": 101,
  "fields": {
    "action_time": "2016-11-07T15:36:20.631Z",
    "user": 1,
    "content_type": 8,
    "object_id": "68",
    "object_repr": "percent",
    "action_flag": 1,
    "change_message": "Added."
  }
},
{
  "model": "admin.logentry",
  "pk": 102,
  "fields": {
    "action_time": "2016-11-07T15:36:31.702Z",
    "user": 1,
    "content_type": 8,
    "object_id": "69",
    "object_repr": "units",
    "action_flag": 1,
    "change_message": "Added."
  }
},
{
  "model": "admin.logentry",
  "pk": 103,
  "fields": {
    "action_time": "2016-11-07T15:36:43.278Z",
    "user": 1,
    "content_type": 8,
    "object_id": "70",
    "object_repr": "U/mL",
    "action_flag": 1,
    "change_message": "Added."
  }
},
{
  "model": "admin.logentry",
  "pk": 104,
  "fields": {
    "action_time": "2016-11-07T15:37:46.393Z",
    "user": 1,
    "content_type": 8,
    "object_id": "71",
    "object_repr": "second",
    "action_flag": 1,
    "change_message": "Added."
  }
},
{
  "model": "admin.logentry",
  "pk": 105,
  "fields": {
    "action_time": "2016-11-07T15:38:00.691Z",
    "user": 1,
    "content_type": 8,
    "object_id": "72",
    "object_repr": "minute",
    "action_flag": 1,
    "change_message": "Added."
  }
},
{
  "model": "admin.logentry",
  "pk": 106,
  "fields": {
    "action_time": "2016-11-07T15:38:14.892Z",
    "user": 1,
    "content_type": 8,
    "object_id": "73",
    "object_repr": "hour",
    "action_flag": 1,
    "change_message": "Added."
  }
},
{
  "model": "admin.logentry",
  "pk": 107,
  "fields": {
    "action_time": "2016-11-07T15:38:27.108Z",
    "user": 1,
    "content_type": 8,
    "object_id": "74",
    "object_repr": "day",
    "action_flag": 1,
    "change_message": "Added."
  }
},
{
  "model": "admin.logentry",
  "pk": 108,
  "fields": {
    "action_time": "2016-11-07T16:36:32.084Z",
    "user": 1,
    "content_type": 9,
    "object_id": "1",
    "object_repr": "Pr123",
    "action_flag": 3,
    "change_message": ""
  }
},
{
  "model": "admin.logentry",
  "pk": 109,
  "fields": {
    "action_time": "2016-11-07T19:14:18.128Z",
    "user": 1,
    "content_type": 8,
    "object_id": "75",
    "object_repr": "TreatmentRnai",
    "action_flag": 1,
    "change_message": "Added."
  }
},
{
  "model": "admin.logentry",
  "pk": 110,
  "fields": {
    "action_time": "2016-11-07T19:14:33.028Z",
    "user": 1,
    "content_type": 8,
    "object_id": "76",
    "object_repr": "TreatmentChemical",
    "action_flag": 1,
    "change_message": "Added."
  }
},
{
  "model": "admin.logentry",
  "pk": 111,
  "fields": {
    "action_time": "2016-11-07T19:14:58.213Z",
    "user": 1,
    "content_type": 8,
    "object_id": "77",
    "object_repr": "Others",
    "action_flag": 1,
    "change_message": "Added."
  }
},
{
  "model": "admin.logentry",
  "pk": 112,
  "fields": {
    "action_time": "2016-11-07T19:21:29.930Z",
    "user": 1,
    "content_type": 8,
    "object_id": "77",
    "object_repr": "Other",
    "action_flag": 2,
    "change_message": "Changed choice_name."
  }
},
{
  "model": "admin.logentry",
  "pk": 113,
  "fields": {
    "action_time": "2016-11-07T19:22:01.047Z",
    "user": 1,
    "content_type": 8,
    "object_id": "78",
    "object_repr": "None",
    "action_flag": 1,
    "change_message": "Added."
  }
},
{
  "model": "admin.logentry",
  "pk": 114,
  "fields": {
    "action_time": "2016-11-07T22:16:30.499Z",
    "user": 1,
    "content_type": 4,
    "object_id": "2",
    "object_repr": "hakan",
    "action_flag": 1,
    "change_message": "Added."
  }
},
{
  "model": "admin.logentry",
  "pk": 115,
  "fields": {
    "action_time": "2016-11-07T22:16:43.001Z",
    "user": 1,
    "content_type": 4,
    "object_id": "2",
    "object_repr": "hakan",
    "action_flag": 2,
    "change_message": "Changed groups."
  }
},
{
  "model": "admin.logentry",
  "pk": 116,
  "fields": {
    "action_time": "2016-11-08T16:02:27.163Z",
    "user": 1,
    "content_type": 8,
    "object_id": "79",
    "object_repr": "Index 1-ATCACG",
    "action_flag": 1,
    "change_message": "Added."
  }
},
{
  "model": "admin.logentry",
  "pk": 117,
  "fields": {
    "action_time": "2016-11-08T16:02:47.404Z",
    "user": 1,
    "content_type": 8,
    "object_id": "80",
    "object_repr": "Index 2-CGATGT",
    "action_flag": 1,
    "change_message": "Added."
  }
},
{
  "model": "admin.logentry",
  "pk": 118,
  "fields": {
    "action_time": "2016-11-08T16:03:04.406Z",
    "user": 1,
    "content_type": 8,
    "object_id": "81",
    "object_repr": "Index 3",
    "action_flag": 1,
    "change_message": "Added."
  }
},
{
  "model": "admin.logentry",
  "pk": 119,
  "fields": {
    "action_time": "2016-11-08T16:03:23.834Z",
    "user": 1,
    "content_type": 8,
    "object_id": "82",
    "object_repr": "Index 4",
    "action_flag": 1,
    "change_message": "Added."
  }
},
{
  "model": "admin.logentry",
  "pk": 120,
  "fields": {
    "action_time": "2016-11-08T16:03:45.701Z",
    "user": 1,
    "content_type": 8,
    "object_id": "81",
    "object_repr": "Index 3-TTAGGC",
    "action_flag": 2,
    "change_message": "Changed choice_name and choice_type."
  }
},
{
  "model": "admin.logentry",
  "pk": 121,
  "fields": {
    "action_time": "2016-11-08T16:03:55.549Z",
    "user": 1,
    "content_type": 8,
    "object_id": "82",
    "object_repr": "Index 4-TGACCA",
    "action_flag": 2,
    "change_message": "Changed choice_name and choice_type."
  }
},
{
  "model": "admin.logentry",
  "pk": 122,
  "fields": {
    "action_time": "2016-11-08T16:04:17.539Z",
    "user": 1,
    "content_type": 8,
    "object_id": "83",
    "object_repr": "Index 5-ACAGTG",
    "action_flag": 1,
    "change_message": "Added."
  }
},
{
  "model": "admin.logentry",
  "pk": 123,
  "fields": {
    "action_time": "2016-11-08T16:04:39.349Z",
    "user": 1,
    "content_type": 8,
    "object_id": "84",
    "object_repr": "Index 6-GCCAAT",
    "action_flag": 1,
    "change_message": "Added."
  }
},
{
  "model": "admin.logentry",
  "pk": 124,
  "fields": {
    "action_time": "2016-11-08T16:05:03.619Z",
    "user": 1,
    "content_type": 8,
    "object_id": "85",
    "object_repr": "Index 7-CAGATC",
    "action_flag": 1,
    "change_message": "Added."
  }
},
{
  "model": "admin.logentry",
  "pk": 125,
  "fields": {
    "action_time": "2016-11-08T16:05:20.528Z",
    "user": 1,
    "content_type": 8,
    "object_id": "86",
    "object_repr": "Index 8-ACTTGA",
    "action_flag": 1,
    "change_message": "Added."
  }
},
{
  "model": "admin.logentry",
  "pk": 126,
  "fields": {
    "action_time": "2016-11-08T16:05:40.732Z",
    "user": 1,
    "content_type": 8,
    "object_id": "87",
    "object_repr": "Index 9-GATCAG",
    "action_flag": 1,
    "change_message": "Added."
  }
},
{
  "model": "admin.logentry",
  "pk": 127,
  "fields": {
    "action_time": "2016-11-08T16:06:00.168Z",
    "user": 1,
    "content_type": 8,
    "object_id": "88",
    "object_repr": "Index 10-TAGCTT",
    "action_flag": 1,
    "change_message": "Added."
  }
},
{
  "model": "admin.logentry",
  "pk": 128,
  "fields": {
    "action_time": "2016-11-08T16:06:23.898Z",
    "user": 1,
    "content_type": 8,
    "object_id": "89",
    "object_repr": "Index 11-GGCTAC",
    "action_flag": 1,
    "change_message": "Added."
  }
},
{
  "model": "admin.logentry",
  "pk": 129,
  "fields": {
    "action_time": "2016-11-08T16:07:16.695Z",
    "user": 1,
    "content_type": 8,
    "object_id": "90",
    "object_repr": "Index 12-CTTGTA",
    "action_flag": 1,
    "change_message": "Added."
  }
},
{
  "model": "admin.logentry",
  "pk": 130,
  "fields": {
    "action_time": "2016-11-08T19:09:51.156Z",
    "user": 1,
    "content_type": 31,
    "object_id": "3",
    "object_repr": "Barcode object",
    "action_flag": 3,
    "change_message": ""
  }
},
{
  "model": "admin.logentry",
  "pk": 131,
  "fields": {
    "action_time": "2016-11-08T19:09:51.160Z",
    "user": 1,
    "content_type": 31,
    "object_id": "2",
    "object_repr": "Barcode object",
    "action_flag": 3,
    "change_message": ""
  }
},
{
  "model": "admin.logentry",
  "pk": 132,
  "fields": {
    "action_time": "2016-11-08T19:09:51.161Z",
    "user": 1,
    "content_type": 31,
    "object_id": "1",
    "object_repr": "Barcode object",
    "action_flag": 3,
    "change_message": ""
  }
},
{
  "model": "admin.logentry",
  "pk": 133,
  "fields": {
    "action_time": "2016-11-08T20:55:23.683Z",
    "user": 1,
    "content_type": 25,
    "object_id": "13",
    "object_repr": "Indnew",
    "action_flag": 2,
    "change_message": "Changed userOwner."
  }
},
{
  "model": "admin.logentry",
  "pk": 134,
  "fields": {
    "action_time": "2016-11-08T21:26:17.691Z",
    "user": 1,
    "content_type": 25,
    "object_id": "16",
    "object_repr": "90kkk",
    "action_flag": 3,
    "change_message": ""
  }
},
{
  "model": "admin.logentry",
  "pk": 135,
  "fields": {
    "action_time": "2016-11-08T21:26:17.694Z",
    "user": 1,
    "content_type": 25,
    "object_id": "15",
    "object_repr": "individualHuman",
    "action_flag": 3,
    "change_message": ""
  }
},
{
  "model": "admin.logentry",
  "pk": 136,
  "fields": {
    "action_time": "2016-11-08T21:26:17.695Z",
    "user": 1,
    "content_type": 25,
    "object_id": "14",
    "object_repr": "Ijijijijiji",
    "action_flag": 3,
    "change_message": ""
  }
},
{
  "model": "admin.logentry",
  "pk": 137,
  "fields": {
    "action_time": "2016-11-08T21:26:17.696Z",
    "user": 1,
    "content_type": 25,
    "object_id": "13",
    "object_repr": "Indnew",
    "action_flag": 3,
    "change_message": ""
  }
},
{
  "model": "admin.logentry",
  "pk": 138,
  "fields": {
    "action_time": "2016-11-08T21:26:17.697Z",
    "user": 1,
    "content_type": 25,
    "object_id": "12",
    "object_repr": "hjkghf",
    "action_flag": 3,
    "change_message": ""
  }
},
{
  "model": "admin.logentry",
  "pk": 139,
  "fields": {
    "action_time": "2016-11-08T21:26:17.698Z",
    "user": 1,
    "content_type": 25,
    "object_id": "11",
    "object_repr": "hdfjsdf",
    "action_flag": 3,
    "change_message": ""
  }
},
{
  "model": "admin.logentry",
  "pk": 140,
  "fields": {
    "action_time": "2016-11-08T21:26:17.699Z",
    "user": 1,
    "content_type": 25,
    "object_id": "10",
    "object_repr": "fref",
    "action_flag": 3,
    "change_message": ""
  }
},
{
  "model": "admin.logentry",
  "pk": 141,
  "fields": {
    "action_time": "2016-11-08T21:26:17.699Z",
    "user": 1,
    "content_type": 25,
    "object_id": "9",
    "object_repr": "fref",
    "action_flag": 3,
    "change_message": ""
  }
},
{
  "model": "admin.logentry",
  "pk": 142,
  "fields": {
    "action_time": "2016-11-08T21:26:17.700Z",
    "user": 1,
    "content_type": 25,
    "object_id": "8",
    "object_repr": "fref",
    "action_flag": 3,
    "change_message": ""
  }
},
{
  "model": "admin.logentry",
  "pk": 143,
  "fields": {
    "action_time": "2016-11-08T21:26:17.701Z",
    "user": 1,
    "content_type": 25,
    "object_id": "7",
    "object_repr": "fvdfg",
    "action_flag": 3,
    "change_message": ""
  }
},
{
  "model": "admin.logentry",
  "pk": 144,
  "fields": {
    "action_time": "2016-11-08T21:26:17.702Z",
    "user": 1,
    "content_type": 25,
    "object_id": "6",
    "object_repr": "vfdv",
    "action_flag": 3,
    "change_message": ""
  }
},
{
  "model": "admin.logentry",
  "pk": 145,
  "fields": {
    "action_time": "2016-11-08T21:26:17.702Z",
    "user": 1,
    "content_type": 25,
    "object_id": "5",
    "object_repr": "cdsdc",
    "action_flag": 3,
    "change_message": ""
  }
},
{
  "model": "admin.logentry",
  "pk": 146,
  "fields": {
    "action_time": "2016-11-08T21:26:17.703Z",
    "user": 1,
    "content_type": 25,
    "object_id": "4",
    "object_repr": "fwfe",
    "action_flag": 3,
    "change_message": ""
  }
},
{
  "model": "admin.logentry",
  "pk": 147,
  "fields": {
    "action_time": "2016-11-08T21:26:17.704Z",
    "user": 1,
    "content_type": 25,
    "object_id": "3",
    "object_repr": "dgfg",
    "action_flag": 3,
    "change_message": ""
  }
},
{
  "model": "admin.logentry",
  "pk": 148,
  "fields": {
    "action_time": "2016-11-08T21:26:17.704Z",
    "user": 1,
    "content_type": 25,
    "object_id": "2",
    "object_repr": "ujuyujy",
    "action_flag": 3,
    "change_message": ""
  }
},
{
  "model": "admin.logentry",
  "pk": 149,
  "fields": {
    "action_time": "2016-11-08T21:26:17.705Z",
    "user": 1,
    "content_type": 25,
    "object_id": "1",
    "object_repr": "Ind12",
    "action_flag": 3,
    "change_message": ""
  }
},
{
  "model": "admin.logentry",
  "pk": 150,
  "fields": {
    "action_time": "2016-11-09T20:21:06.918Z",
    "user": 1,
    "content_type": 32,
    "object_id": "4",
    "object_repr": "raniOO",
    "action_flag": 2,
    "change_message": "Changed biosample."
  }
},
{
  "model": "admin.logentry",
  "pk": 151,
  "fields": {
    "action_time": "2016-11-10T17:27:29.160Z",
    "user": 1,
    "content_type": 24,
    "object_id": "1",
    "object_repr": "Modification123",
    "action_flag": 2,
    "change_message": "Changed modification_genomicRegions and modification_target."
  }
},
{
  "model": "admin.logentry",
  "pk": 152,
  "fields": {
    "action_time": "2016-11-14T23:34:39.766Z",
    "user": 1,
    "content_type": 15,
    "object_id": "10",
    "object_repr": "vv",
    "action_flag": 2,
    "change_message": "Changed run_Experiment."
  }
},
{
  "model": "admin.logentry",
  "pk": 153,
  "fields": {
    "action_time": "2016-11-15T15:52:33.374Z",
    "user": 1,
    "content_type": 8,
    "object_id": "91",
    "object_repr": "HiSeq 4000 Illumina (C-Monster)",
    "action_flag": 1,
    "change_message": "Added."
  }
},
{
  "model": "admin.logentry",
  "pk": 154,
  "fields": {
    "action_time": "2016-11-15T15:53:19.762Z",
    "user": 1,
    "content_type": 8,
    "object_id": "91",
    "object_repr": "Illumina HiSeq 4000  (C-Monster)",
    "action_flag": 2,
    "change_message": "Changed choice_name."
  }
},
{
  "model": "admin.logentry",
  "pk": 155,
  "fields": {
    "action_time": "2016-11-15T15:54:16.656Z",
    "user": 1,
    "content_type": 8,
    "object_id": "92",
    "object_repr": "Sanger Sequencing",
    "action_flag": 1,
    "change_message": "Added."
  }
},
{
  "model": "admin.logentry",
  "pk": 156,
  "fields": {
    "action_time": "2016-11-15T15:54:50.977Z",
    "user": 1,
    "content_type": 8,
    "object_id": "93",
    "object_repr": "UMass Deep Sequencing Core",
    "action_flag": 1,
    "change_message": "Added."
  }
},
{
  "model": "admin.logentry",
  "pk": 157,
  "fields": {
    "action_time": "2016-11-15T20:43:29.133Z",
    "user": 1,
    "content_type": 7,
    "object_id": "8",
    "object_repr": "Hi-C Analysis",
    "action_flag": 1,
    "change_message": "Added."
  }
},
{
  "model": "admin.logentry",
  "pk": 158,
  "fields": {
    "action_time": "2016-11-15T20:43:43.087Z",
    "user": 1,
    "content_type": 7,
    "object_id": "2",
    "object_repr": "Hi-C Protocol",
    "action_flag": 2,
    "change_message": "Changed field_name."
  }
},
{
  "model": "admin.logentry",
  "pk": 159,
  "fields": {
    "action_time": "2016-11-15T20:43:52.986Z",
    "user": 1,
    "content_type": 7,
    "object_id": "1",
    "object_repr": "CaptureC Protocol",
    "action_flag": 2,
    "change_message": "Changed field_name."
  }
},
{
  "model": "admin.logentry",
  "pk": 160,
  "fields": {
    "action_time": "2016-11-16T17:34:48.034Z",
    "user": 1,
    "content_type": 18,
    "object_id": "39",
    "object_repr": "nhn",
    "action_flag": 3,
    "change_message": ""
  }
},
{
  "model": "admin.logentry",
  "pk": 161,
  "fields": {
    "action_time": "2016-11-16T17:34:48.039Z",
    "user": 1,
    "content_type": 18,
    "object_id": "38",
    "object_repr": "tnhn",
    "action_flag": 3,
    "change_message": ""
  }
},
{
  "model": "admin.logentry",
  "pk": 162,
  "fields": {
    "action_time": "2016-11-16T17:34:48.040Z",
    "user": 1,
    "content_type": 18,
    "object_id": "37",
    "object_repr": "fgbgb",
    "action_flag": 3,
    "change_message": ""
  }
},
{
  "model": "admin.logentry",
  "pk": 163,
  "fields": {
    "action_time": "2016-11-16T17:34:48.041Z",
    "user": 1,
    "content_type": 18,
    "object_id": "36",
    "object_repr": "fgbgb",
    "action_flag": 3,
    "change_message": ""
  }
},
{
  "model": "admin.logentry",
  "pk": 164,
  "fields": {
    "action_time": "2016-11-16T17:34:48.042Z",
    "user": 1,
    "content_type": 18,
    "object_id": "35",
    "object_repr": "fgbgb",
    "action_flag": 3,
    "change_message": ""
  }
},
{
  "model": "admin.logentry",
  "pk": 165,
  "fields": {
    "action_time": "2016-11-16T17:34:48.043Z",
    "user": 1,
    "content_type": 18,
    "object_id": "34",
    "object_repr": "mhm",
    "action_flag": 3,
    "change_message": ""
  }
},
{
  "model": "admin.logentry",
  "pk": 166,
  "fields": {
    "action_time": "2016-11-16T17:34:48.050Z",
    "user": 1,
    "content_type": 18,
    "object_id": "33",
    "object_repr": "rtbhr",
    "action_flag": 3,
    "change_message": ""
  }
},
{
  "model": "admin.logentry",
  "pk": 167,
  "fields": {
    "action_time": "2016-11-16T17:34:48.057Z",
    "user": 1,
    "content_type": 18,
    "object_id": "32",
    "object_repr": "hgnn",
    "action_flag": 3,
    "change_message": ""
  }
},
{
  "model": "admin.logentry",
  "pk": 168,
  "fields": {
    "action_time": "2016-11-16T17:34:48.065Z",
    "user": 1,
    "content_type": 18,
    "object_id": "31",
    "object_repr": "ghgm",
    "action_flag": 3,
    "change_message": ""
  }
},
{
  "model": "admin.logentry",
  "pk": 169,
  "fields": {
    "action_time": "2016-11-16T17:34:48.071Z",
    "user": 1,
    "content_type": 18,
    "object_id": "30",
    "object_repr": "nhg",
    "action_flag": 3,
    "change_message": ""
  }
},
{
  "model": "admin.logentry",
  "pk": 170,
  "fields": {
    "action_time": "2016-11-16T17:34:48.072Z",
    "user": 1,
    "content_type": 18,
    "object_id": "29",
    "object_repr": "nghn",
    "action_flag": 3,
    "change_message": ""
  }
},
{
  "model": "admin.logentry",
  "pk": 171,
  "fields": {
    "action_time": "2016-11-16T17:34:48.073Z",
    "user": 1,
    "content_type": 18,
    "object_id": "28",
    "object_repr": "nghn",
    "action_flag": 3,
    "change_message": ""
  }
},
{
  "model": "admin.logentry",
  "pk": 172,
  "fields": {
    "action_time": "2016-11-16T17:34:48.074Z",
    "user": 1,
    "content_type": 18,
    "object_id": "27",
    "object_repr": "nghn",
    "action_flag": 3,
    "change_message": ""
  }
},
{
  "model": "admin.logentry",
  "pk": 173,
  "fields": {
    "action_time": "2016-11-16T17:34:48.075Z",
    "user": 1,
    "content_type": 18,
    "object_id": "26",
    "object_repr": "nghn",
    "action_flag": 3,
    "change_message": ""
  }
},
{
  "model": "admin.logentry",
  "pk": 174,
  "fields": {
    "action_time": "2016-11-16T17:34:48.076Z",
    "user": 1,
    "content_type": 18,
    "object_id": "25",
    "object_repr": "nghn",
    "action_flag": 3,
    "change_message": ""
  }
},
{
  "model": "admin.logentry",
  "pk": 175,
  "fields": {
    "action_time": "2016-11-16T17:34:48.077Z",
    "user": 1,
    "content_type": 18,
    "object_id": "24",
    "object_repr": "nghn",
    "action_flag": 3,
    "change_message": ""
  }
},
{
  "model": "admin.logentry",
  "pk": 176,
  "fields": {
    "action_time": "2016-11-16T17:34:48.078Z",
    "user": 1,
    "content_type": 18,
    "object_id": "23",
    "object_repr": "nghn",
    "action_flag": 3,
    "change_message": ""
  }
},
{
  "model": "admin.logentry",
  "pk": 177,
  "fields": {
    "action_time": "2016-11-16T17:34:48.079Z",
    "user": 1,
    "content_type": 18,
    "object_id": "22",
    "object_repr": "fgbfgb",
    "action_flag": 3,
    "change_message": ""
  }
},
{
  "model": "admin.logentry",
  "pk": 178,
  "fields": {
    "action_time": "2016-11-16T17:34:48.080Z",
    "user": 1,
    "content_type": 18,
    "object_id": "21",
    "object_repr": "rtrht",
    "action_flag": 3,
    "change_message": ""
  }
},
{
  "model": "admin.logentry",
  "pk": 179,
  "fields": {
    "action_time": "2016-11-16T17:34:48.081Z",
    "user": 1,
    "content_type": 18,
    "object_id": "20",
    "object_repr": "sdcdc",
    "action_flag": 3,
    "change_message": ""
  }
},
{
  "model": "admin.logentry",
  "pk": 180,
  "fields": {
    "action_time": "2016-11-16T17:34:48.082Z",
    "user": 1,
    "content_type": 18,
    "object_id": "19",
    "object_repr": "sdcdc",
    "action_flag": 3,
    "change_message": ""
  }
},
{
  "model": "admin.logentry",
  "pk": 181,
  "fields": {
    "action_time": "2016-11-16T17:34:48.083Z",
    "user": 1,
    "content_type": 18,
    "object_id": "18",
    "object_repr": "ghmhm",
    "action_flag": 3,
    "change_message": ""
  }
},
{
  "model": "admin.logentry",
  "pk": 182,
  "fields": {
    "action_time": "2016-11-16T17:34:48.083Z",
    "user": 1,
    "content_type": 18,
    "object_id": "17",
    "object_repr": "ghmhm",
    "action_flag": 3,
    "change_message": ""
  }
},
{
  "model": "admin.logentry",
  "pk": 183,
  "fields": {
    "action_time": "2016-11-16T17:34:48.084Z",
    "user": 1,
    "content_type": 18,
    "object_id": "16",
    "object_repr": "dfv",
    "action_flag": 3,
    "change_message": ""
  }
},
{
  "model": "admin.logentry",
  "pk": 184,
  "fields": {
    "action_time": "2016-11-16T17:34:48.085Z",
    "user": 1,
    "content_type": 18,
    "object_id": "15",
    "object_repr": "fgfbgb",
    "action_flag": 3,
    "change_message": ""
  }
},
{
  "model": "admin.logentry",
  "pk": 185,
  "fields": {
    "action_time": "2016-11-16T17:34:48.086Z",
    "user": 1,
    "content_type": 18,
    "object_id": "14",
    "object_repr": "fgfbgb",
    "action_flag": 3,
    "change_message": ""
  }
},
{
  "model": "admin.logentry",
  "pk": 186,
  "fields": {
    "action_time": "2016-11-16T17:34:48.087Z",
    "user": 1,
    "content_type": 18,
    "object_id": "13",
    "object_repr": "fgfbgb",
    "action_flag": 3,
    "change_message": ""
  }
},
{
  "model": "admin.logentry",
  "pk": 187,
  "fields": {
    "action_time": "2016-11-16T17:34:48.088Z",
    "user": 1,
    "content_type": 18,
    "object_id": "12",
    "object_repr": "verv",
    "action_flag": 3,
    "change_message": ""
  }
},
{
  "model": "admin.logentry",
  "pk": 188,
  "fields": {
    "action_time": "2016-11-16T17:34:48.089Z",
    "user": 1,
    "content_type": 18,
    "object_id": "11",
    "object_repr": "trhrth",
    "action_flag": 3,
    "change_message": ""
  }
},
{
  "model": "admin.logentry",
  "pk": 189,
  "fields": {
    "action_time": "2016-11-16T17:34:48.090Z",
    "user": 1,
    "content_type": 18,
    "object_id": "10",
    "object_repr": "ytyjytj",
    "action_flag": 3,
    "change_message": ""
  }
},
{
  "model": "admin.logentry",
  "pk": 190,
  "fields": {
    "action_time": "2016-11-16T17:34:48.090Z",
    "user": 1,
    "content_type": 18,
    "object_id": "9",
    "object_repr": "mnyn",
    "action_flag": 3,
    "change_message": ""
  }
},
{
  "model": "admin.logentry",
  "pk": 191,
  "fields": {
    "action_time": "2016-11-16T17:34:48.091Z",
    "user": 1,
    "content_type": 18,
    "object_id": "8",
    "object_repr": "mnyn",
    "action_flag": 3,
    "change_message": ""
  }
},
{
  "model": "admin.logentry",
  "pk": 192,
  "fields": {
    "action_time": "2016-11-16T17:34:48.092Z",
    "user": 1,
    "content_type": 18,
    "object_id": "7",
    "object_repr": "mnyn",
    "action_flag": 3,
    "change_message": ""
  }
},
{
  "model": "admin.logentry",
  "pk": 193,
  "fields": {
    "action_time": "2016-11-16T17:34:48.092Z",
    "user": 1,
    "content_type": 18,
    "object_id": "6",
    "object_repr": "mnyn",
    "action_flag": 3,
    "change_message": ""
  }
},
{
  "model": "admin.logentry",
  "pk": 194,
  "fields": {
    "action_time": "2016-11-16T17:34:48.093Z",
    "user": 1,
    "content_type": 18,
    "object_id": "5",
    "object_repr": "mnyn",
    "action_flag": 3,
    "change_message": ""
  }
},
{
  "model": "admin.logentry",
  "pk": 195,
  "fields": {
    "action_time": "2016-11-16T17:34:48.093Z",
    "user": 1,
    "content_type": 18,
    "object_id": "4",
    "object_repr": "ymuuym",
    "action_flag": 3,
    "change_message": ""
  }
},
{
  "model": "admin.logentry",
  "pk": 196,
  "fields": {
    "action_time": "2016-11-16T17:34:48.094Z",
    "user": 1,
    "content_type": 18,
    "object_id": "3",
    "object_repr": "vrt",
    "action_flag": 3,
    "change_message": ""
  }
},
{
  "model": "admin.logentry",
  "pk": 197,
  "fields": {
    "action_time": "2016-11-16T22:45:47.475Z",
    "user": 1,
    "content_type": 36,
    "object_id": "4",
    "object_repr": "/Users/nanda/Documents/EclipseWorkspace/clims/cLIMS//media/plots/18AUG16_PE50_HCVLYBB__U54-ESC-FA-20160812-DpnII__hg19.interaction.log.png",
    "action_flag": 3,
    "change_message": ""
  }
},
{
  "model": "admin.logentry",
  "pk": 198,
  "fields": {
    "action_time": "2016-11-16T22:45:47.479Z",
    "user": 1,
    "content_type": 36,
    "object_id": "3",
    "object_repr": "/Users/nanda/Documents/EclipseWorkspace/clims/cLIMS//media/plots/18AUG16_PE50_HCVLYBB__U54-ESC-FA-20160812-DpnII__hg19.moleculeSize.plot.log.png",
    "action_flag": 3,
    "change_message": ""
  }
},
{
  "model": "admin.logentry",
  "pk": 199,
  "fields": {
    "action_time": "2016-11-16T22:45:47.480Z",
    "user": 1,
    "content_type": 36,
    "object_id": "2",
    "object_repr": "/Users/nanda/Documents/EclipseWorkspace/clims/cLIMS//media/plots/18AUG16_PE50_HCVLYBB__U54-ESC-FA-20160812-DpnII__hg19.iterativeMapping.log.png",
    "action_flag": 3,
    "change_message": ""
  }
},
{
  "model": "admin.logentry",
  "pk": 200,
  "fields": {
    "action_time": "2016-11-16T22:45:47.481Z",
    "user": 1,
    "content_type": 36,
    "object_id": "1",
    "object_repr": "/Users/nanda/Documents/EclipseWorkspace/clims/cLIMS//media/plots/18AUG16_PE50_HCVLYBB__U54-ESC-FA-20160812-DpnII__hg19.strandBias.log.png",
    "action_flag": 3,
    "change_message": ""
  }
},
{
  "model": "admin.logentry",
  "pk": 201,
  "fields": {
    "action_time": "2016-11-16T23:21:45.746Z",
    "user": 1,
    "content_type": 18,
    "object_id": "93",
    "object_repr": "ghg",
    "action_flag": 3,
    "change_message": ""
  }
},
{
  "model": "admin.logentry",
  "pk": 202,
  "fields": {
    "action_time": "2016-11-16T23:21:45.749Z",
    "user": 1,
    "content_type": 18,
    "object_id": "92",
    "object_repr": "A2",
    "action_flag": 3,
    "change_message": ""
  }
},
{
  "model": "admin.logentry",
  "pk": 203,
  "fields": {
    "action_time": "2016-11-16T23:21:45.751Z",
    "user": 1,
    "content_type": 18,
    "object_id": "91",
    "object_repr": "A2",
    "action_flag": 3,
    "change_message": ""
  }
},
{
  "model": "admin.logentry",
  "pk": 204,
  "fields": {
    "action_time": "2016-11-16T23:21:45.752Z",
    "user": 1,
    "content_type": 18,
    "object_id": "90",
    "object_repr": "A2",
    "action_flag": 3,
    "change_message": ""
  }
},
{
  "model": "admin.logentry",
  "pk": 205,
  "fields": {
    "action_time": "2016-11-16T23:21:45.753Z",
    "user": 1,
    "content_type": 18,
    "object_id": "89",
    "object_repr": "A2",
    "action_flag": 3,
    "change_message": ""
  }
},
{
  "model": "admin.logentry",
  "pk": 206,
  "fields": {
    "action_time": "2016-11-16T23:21:45.753Z",
    "user": 1,
    "content_type": 18,
    "object_id": "88",
    "object_repr": "A2",
    "action_flag": 3,
    "change_message": ""
  }
},
{
  "model": "admin.logentry",
  "pk": 207,
  "fields": {
    "action_time": "2016-11-16T23:21:45.754Z",
    "user": 1,
    "content_type": 18,
    "object_id": "87",
    "object_repr": "A1",
    "action_flag": 3,
    "change_message": ""
  }
},
{
  "model": "admin.logentry",
  "pk": 208,
  "fields": {
    "action_time": "2016-11-16T23:21:45.755Z",
    "user": 1,
    "content_type": 18,
    "object_id": "86",
    "object_repr": "Ana1",
    "action_flag": 3,
    "change_message": ""
  }
},
{
  "model": "admin.logentry",
  "pk": 209,
  "fields": {
    "action_time": "2016-11-16T23:21:45.756Z",
    "user": 1,
    "content_type": 18,
    "object_id": "85",
    "object_repr": "Ana1",
    "action_flag": 3,
    "change_message": ""
  }
},
{
  "model": "admin.logentry",
  "pk": 210,
  "fields": {
    "action_time": "2016-11-16T23:21:45.757Z",
    "user": 1,
    "content_type": 18,
    "object_id": "84",
    "object_repr": "Ana1",
    "action_flag": 3,
    "change_message": ""
  }
},
{
  "model": "admin.logentry",
  "pk": 211,
  "fields": {
    "action_time": "2016-11-16T23:21:45.758Z",
    "user": 1,
    "content_type": 18,
    "object_id": "83",
    "object_repr": "Ana1",
    "action_flag": 3,
    "change_message": ""
  }
},
{
  "model": "admin.logentry",
  "pk": 212,
  "fields": {
    "action_time": "2016-11-16T23:21:45.759Z",
    "user": 1,
    "content_type": 18,
    "object_id": "82",
    "object_repr": "Ana1",
    "action_flag": 3,
    "change_message": ""
  }
},
{
  "model": "admin.logentry",
  "pk": 213,
  "fields": {
    "action_time": "2016-11-16T23:21:45.760Z",
    "user": 1,
    "content_type": 18,
    "object_id": "81",
    "object_repr": "Ana1",
    "action_flag": 3,
    "change_message": ""
  }
},
{
  "model": "admin.logentry",
  "pk": 214,
  "fields": {
    "action_time": "2016-11-16T23:21:45.760Z",
    "user": 1,
    "content_type": 18,
    "object_id": "80",
    "object_repr": "Ana1",
    "action_flag": 3,
    "change_message": ""
  }
},
{
  "model": "admin.logentry",
  "pk": 215,
  "fields": {
    "action_time": "2016-11-16T23:21:45.761Z",
    "user": 1,
    "content_type": 18,
    "object_id": "79",
    "object_repr": "Ana1",
    "action_flag": 3,
    "change_message": ""
  }
},
{
  "model": "admin.logentry",
  "pk": 216,
  "fields": {
    "action_time": "2016-11-16T23:21:45.762Z",
    "user": 1,
    "content_type": 18,
    "object_id": "78",
    "object_repr": "Ana1",
    "action_flag": 3,
    "change_message": ""
  }
},
{
  "model": "admin.logentry",
  "pk": 217,
  "fields": {
    "action_time": "2016-11-16T23:21:45.763Z",
    "user": 1,
    "content_type": 18,
    "object_id": "77",
    "object_repr": "Ana1",
    "action_flag": 3,
    "change_message": ""
  }
},
{
  "model": "admin.logentry",
  "pk": 218,
  "fields": {
    "action_time": "2016-11-16T23:21:45.764Z",
    "user": 1,
    "content_type": 18,
    "object_id": "76",
    "object_repr": "Ana1",
    "action_flag": 3,
    "change_message": ""
  }
},
{
  "model": "admin.logentry",
  "pk": 219,
  "fields": {
    "action_time": "2016-11-16T23:21:45.764Z",
    "user": 1,
    "content_type": 18,
    "object_id": "75",
    "object_repr": "Ana1",
    "action_flag": 3,
    "change_message": ""
  }
},
{
  "model": "admin.logentry",
  "pk": 220,
  "fields": {
    "action_time": "2016-11-16T23:21:45.765Z",
    "user": 1,
    "content_type": 18,
    "object_id": "74",
    "object_repr": "Ana1",
    "action_flag": 3,
    "change_message": ""
  }
},
{
  "model": "admin.logentry",
  "pk": 221,
  "fields": {
    "action_time": "2016-11-16T23:21:45.766Z",
    "user": 1,
    "content_type": 18,
    "object_id": "73",
    "object_repr": "Ana1",
    "action_flag": 3,
    "change_message": ""
  }
},
{
  "model": "admin.logentry",
  "pk": 222,
  "fields": {
    "action_time": "2016-11-16T23:21:45.767Z",
    "user": 1,
    "content_type": 18,
    "object_id": "72",
    "object_repr": "Ana1",
    "action_flag": 3,
    "change_message": ""
  }
},
{
  "model": "admin.logentry",
  "pk": 223,
  "fields": {
    "action_time": "2016-11-16T23:21:45.767Z",
    "user": 1,
    "content_type": 18,
    "object_id": "71",
    "object_repr": "Ana1",
    "action_flag": 3,
    "change_message": ""
  }
},
{
  "model": "admin.logentry",
  "pk": 224,
  "fields": {
    "action_time": "2016-11-16T23:21:45.768Z",
    "user": 1,
    "content_type": 18,
    "object_id": "70",
    "object_repr": "Ana1",
    "action_flag": 3,
    "change_message": ""
  }
},
{
  "model": "admin.logentry",
  "pk": 225,
  "fields": {
    "action_time": "2016-11-16T23:21:45.769Z",
    "user": 1,
    "content_type": 18,
    "object_id": "69",
    "object_repr": "Ana1",
    "action_flag": 3,
    "change_message": ""
  }
},
{
  "model": "admin.logentry",
  "pk": 226,
  "fields": {
    "action_time": "2016-11-16T23:21:45.769Z",
    "user": 1,
    "content_type": 18,
    "object_id": "68",
    "object_repr": "Ana1",
    "action_flag": 3,
    "change_message": ""
  }
},
{
  "model": "admin.logentry",
  "pk": 227,
  "fields": {
    "action_time": "2016-11-16T23:21:45.770Z",
    "user": 1,
    "content_type": 18,
    "object_id": "67",
    "object_repr": "Ana1",
    "action_flag": 3,
    "change_message": ""
  }
},
{
  "model": "admin.logentry",
  "pk": 228,
  "fields": {
    "action_time": "2016-11-16T23:21:45.771Z",
    "user": 1,
    "content_type": 18,
    "object_id": "66",
    "object_repr": "Ana1",
    "action_flag": 3,
    "change_message": ""
  }
},
{
  "model": "admin.logentry",
  "pk": 229,
  "fields": {
    "action_time": "2016-11-16T23:21:45.771Z",
    "user": 1,
    "content_type": 18,
    "object_id": "65",
    "object_repr": "Ana1",
    "action_flag": 3,
    "change_message": ""
  }
},
{
  "model": "admin.logentry",
  "pk": 230,
  "fields": {
    "action_time": "2016-11-16T23:21:45.772Z",
    "user": 1,
    "content_type": 18,
    "object_id": "64",
    "object_repr": "Ana1",
    "action_flag": 3,
    "change_message": ""
  }
},
{
  "model": "admin.logentry",
  "pk": 231,
  "fields": {
    "action_time": "2016-11-16T23:21:45.772Z",
    "user": 1,
    "content_type": 18,
    "object_id": "63",
    "object_repr": "Ana1",
    "action_flag": 3,
    "change_message": ""
  }
},
{
  "model": "admin.logentry",
  "pk": 232,
  "fields": {
    "action_time": "2016-11-16T23:21:45.773Z",
    "user": 1,
    "content_type": 18,
    "object_id": "62",
    "object_repr": "Ana1",
    "action_flag": 3,
    "change_message": ""
  }
},
{
  "model": "admin.logentry",
  "pk": 233,
  "fields": {
    "action_time": "2016-11-16T23:21:45.773Z",
    "user": 1,
    "content_type": 18,
    "object_id": "61",
    "object_repr": "Ana1",
    "action_flag": 3,
    "change_message": ""
  }
},
{
  "model": "admin.logentry",
  "pk": 234,
  "fields": {
    "action_time": "2016-11-16T23:21:45.774Z",
    "user": 1,
    "content_type": 18,
    "object_id": "60",
    "object_repr": "Ana1",
    "action_flag": 3,
    "change_message": ""
  }
},
{
  "model": "admin.logentry",
  "pk": 235,
  "fields": {
    "action_time": "2016-11-16T23:21:45.775Z",
    "user": 1,
    "content_type": 18,
    "object_id": "59",
    "object_repr": "Ana1",
    "action_flag": 3,
    "change_message": ""
  }
},
{
  "model": "admin.logentry",
  "pk": 236,
  "fields": {
    "action_time": "2016-11-16T23:21:45.776Z",
    "user": 1,
    "content_type": 18,
    "object_id": "58",
    "object_repr": "Ana1",
    "action_flag": 3,
    "change_message": ""
  }
},
{
  "model": "admin.logentry",
  "pk": 237,
  "fields": {
    "action_time": "2016-11-16T23:21:45.776Z",
    "user": 1,
    "content_type": 18,
    "object_id": "57",
    "object_repr": "Ana1",
    "action_flag": 3,
    "change_message": ""
  }
},
{
  "model": "admin.logentry",
  "pk": 238,
  "fields": {
    "action_time": "2016-11-16T23:21:45.777Z",
    "user": 1,
    "content_type": 18,
    "object_id": "56",
    "object_repr": "Ana1",
    "action_flag": 3,
    "change_message": ""
  }
},
{
  "model": "admin.logentry",
  "pk": 239,
  "fields": {
    "action_time": "2016-11-16T23:21:45.778Z",
    "user": 1,
    "content_type": 18,
    "object_id": "55",
    "object_repr": "Ana1",
    "action_flag": 3,
    "change_message": ""
  }
},
{
  "model": "admin.logentry",
  "pk": 240,
  "fields": {
    "action_time": "2016-11-16T23:21:45.779Z",
    "user": 1,
    "content_type": 18,
    "object_id": "54",
    "object_repr": "Ana1",
    "action_flag": 3,
    "change_message": ""
  }
},
{
  "model": "admin.logentry",
  "pk": 241,
  "fields": {
    "action_time": "2016-11-16T23:21:45.779Z",
    "user": 1,
    "content_type": 18,
    "object_id": "53",
    "object_repr": "Ana1",
    "action_flag": 3,
    "change_message": ""
  }
},
{
  "model": "admin.logentry",
  "pk": 242,
  "fields": {
    "action_time": "2016-11-16T23:21:45.780Z",
    "user": 1,
    "content_type": 18,
    "object_id": "52",
    "object_repr": "Ana1",
    "action_flag": 3,
    "change_message": ""
  }
},
{
  "model": "admin.logentry",
  "pk": 243,
  "fields": {
    "action_time": "2016-11-16T23:21:45.781Z",
    "user": 1,
    "content_type": 18,
    "object_id": "51",
    "object_repr": "Ana1",
    "action_flag": 3,
    "change_message": ""
  }
},
{
  "model": "admin.logentry",
  "pk": 244,
  "fields": {
    "action_time": "2016-11-16T23:21:45.782Z",
    "user": 1,
    "content_type": 18,
    "object_id": "50",
    "object_repr": "Ana1",
    "action_flag": 3,
    "change_message": ""
  }
},
{
  "model": "admin.logentry",
  "pk": 245,
  "fields": {
    "action_time": "2016-11-16T23:21:45.783Z",
    "user": 1,
    "content_type": 18,
    "object_id": "49",
    "object_repr": "jgyj",
    "action_flag": 3,
    "change_message": ""
  }
},
{
  "model": "admin.logentry",
  "pk": 246,
  "fields": {
    "action_time": "2016-11-16T23:21:45.783Z",
    "user": 1,
    "content_type": 18,
    "object_id": "48",
    "object_repr": "jgyj",
    "action_flag": 3,
    "change_message": ""
  }
},
{
  "model": "admin.logentry",
  "pk": 247,
  "fields": {
    "action_time": "2016-11-16T23:21:45.784Z",
    "user": 1,
    "content_type": 18,
    "object_id": "47",
    "object_repr": "jgyj",
    "action_flag": 3,
    "change_message": ""
  }
},
{
  "model": "admin.logentry",
  "pk": 248,
  "fields": {
    "action_time": "2016-11-16T23:21:45.785Z",
    "user": 1,
    "content_type": 18,
    "object_id": "46",
    "object_repr": "jgyj",
    "action_flag": 3,
    "change_message": ""
  }
},
{
  "model": "admin.logentry",
  "pk": 249,
  "fields": {
    "action_time": "2016-11-16T23:21:45.785Z",
    "user": 1,
    "content_type": 18,
    "object_id": "45",
    "object_repr": "jgyj",
    "action_flag": 3,
    "change_message": ""
  }
},
{
  "model": "admin.logentry",
  "pk": 250,
  "fields": {
    "action_time": "2016-11-16T23:21:45.786Z",
    "user": 1,
    "content_type": 18,
    "object_id": "44",
    "object_repr": "jgyj",
    "action_flag": 3,
    "change_message": ""
  }
},
{
  "model": "admin.logentry",
  "pk": 251,
  "fields": {
    "action_time": "2016-11-16T23:21:45.787Z",
    "user": 1,
    "content_type": 18,
    "object_id": "43",
    "object_repr": "ghmhmhm",
    "action_flag": 3,
    "change_message": ""
  }
},
{
  "model": "admin.logentry",
  "pk": 252,
  "fields": {
    "action_time": "2016-11-16T23:21:45.787Z",
    "user": 1,
    "content_type": 18,
    "object_id": "42",
    "object_repr": "dfbdfb",
    "action_flag": 3,
    "change_message": ""
  }
},
{
  "model": "admin.logentry",
  "pk": 253,
  "fields": {
    "action_time": "2016-11-16T23:21:45.788Z",
    "user": 1,
    "content_type": 18,
    "object_id": "41",
    "object_repr": "cdv",
    "action_flag": 3,
    "change_message": ""
  }
},
{
  "model": "admin.logentry",
  "pk": 254,
  "fields": {
    "action_time": "2016-11-16T23:21:45.788Z",
    "user": 1,
    "content_type": 18,
    "object_id": "40",
    "object_repr": "vfvdfv",
    "action_flag": 3,
    "change_message": ""
  }
},
{
  "model": "admin.logentry",
  "pk": 255,
  "fields": {
    "action_time": "2016-11-16T23:29:23.538Z",
    "user": 1,
    "content_type": 7,
    "object_id": "8",
    "object_repr": "Hi-C Analysis",
    "action_flag": 2,
    "change_message": "Changed field_set."
  }
},
{
  "model": "admin.logentry",
  "pk": 256,
  "fields": {
    "action_time": "2016-11-16T23:29:33.374Z",
    "user": 1,
    "content_type": 18,
    "object_id": "94",
    "object_repr": "A1",
    "action_flag": 3,
    "change_message": ""
  }
},
{
  "model": "admin.logentry",
  "pk": 257,
  "fields": {
    "action_time": "2016-11-16T23:46:37.678Z",
    "user": 1,
    "content_type": 36,
    "object_id": "16",
    "object_repr": "/Users/nanda/Documents/EclipseWorkspace/clims/cLIMS/media/plots/18AUG16_PE50_HCVLYBB__U54-ESC-FA-20160812-DpnII__hg19.interaction.log.png",
    "action_flag": 3,
    "change_message": ""
  }
},
{
  "model": "admin.logentry",
  "pk": 258,
  "fields": {
    "action_time": "2016-11-16T23:46:37.682Z",
    "user": 1,
    "content_type": 36,
    "object_id": "15",
    "object_repr": "/Users/nanda/Documents/EclipseWorkspace/clims/cLIMS/media/plots/18AUG16_PE50_HCVLYBB__U54-ESC-FA-20160812-DpnII__hg19.moleculeSize.plot.log.png",
    "action_flag": 3,
    "change_message": ""
  }
},
{
  "model": "admin.logentry",
  "pk": 259,
  "fields": {
    "action_time": "2016-11-16T23:46:37.683Z",
    "user": 1,
    "content_type": 36,
    "object_id": "14",
    "object_repr": "/Users/nanda/Documents/EclipseWorkspace/clims/cLIMS/media/plots/18AUG16_PE50_HCVLYBB__U54-ESC-FA-20160812-DpnII__hg19.iterativeMapping.log.png",
    "action_flag": 3,
    "change_message": ""
  }
},
{
  "model": "admin.logentry",
  "pk": 260,
  "fields": {
    "action_time": "2016-11-16T23:46:37.684Z",
    "user": 1,
    "content_type": 36,
    "object_id": "13",
    "object_repr": "/Users/nanda/Documents/EclipseWorkspace/clims/cLIMS/media/plots/18AUG16_PE50_HCVLYBB__U54-ESC-FA-20160812-DpnII__hg19.strandBias.log.png",
    "action_flag": 3,
    "change_message": ""
  }
},
{
  "model": "admin.logentry",
  "pk": 261,
  "fields": {
    "action_time": "2016-11-16T23:46:57.906Z",
    "user": 1,
    "content_type": 18,
    "object_id": "95",
    "object_repr": "A1",
    "action_flag": 3,
    "change_message": ""
  }
},
{
  "model": "admin.logentry",
  "pk": 262,
  "fields": {
    "action_time": "2016-11-16T23:53:29.524Z",
    "user": 1,
    "content_type": 18,
    "object_id": "96",
    "object_repr": "A2",
    "action_flag": 3,
    "change_message": ""
  }
},
{
  "model": "admin.logentry",
  "pk": 263,
  "fields": {
    "action_time": "2016-11-17T00:30:11.574Z",
    "user": 1,
    "content_type": 7,
    "object_id": "8",
    "object_repr": "Hi-C Analysis",
    "action_flag": 2,
    "change_message": "Changed field_set."
  }
},
{
  "model": "admin.logentry",
  "pk": 264,
  "fields": {
    "action_time": "2016-11-17T21:18:16.297Z",
    "user": 1,
    "content_type": 7,
    "object_id": "8",
    "object_repr": "Hi-C Analysis",
    "action_flag": 2,
    "change_message": "Changed field_set."
  }
},
{
  "model": "admin.logentry",
  "pk": 265,
  "fields": {
    "action_time": "2016-11-19T16:51:10.553Z",
    "user": 1,
    "content_type": 18,
    "object_id": "103",
    "object_repr": "fffff",
    "action_flag": 2,
    "change_message": "Changed analysis_hiGlass."
  }
},
{
  "model": "admin.logentry",
  "pk": 266,
  "fields": {
    "action_time": "2016-11-19T16:51:26.109Z",
    "user": 1,
    "content_type": 18,
    "object_id": "103",
    "object_repr": "fffff",
    "action_flag": 2,
    "change_message": "Changed analysis_hiGlass."
  }
},
{
  "model": "admin.logentry",
  "pk": 267,
  "fields": {
    "action_time": "2016-11-19T20:16:54.469Z",
    "user": 1,
    "content_type": 8,
    "object_id": "94",
    "object_repr": "technical replicates",
    "action_flag": 1,
    "change_message": "Added."
  }
},
{
  "model": "admin.logentry",
  "pk": 268,
  "fields": {
    "action_time": "2016-11-19T20:17:07.890Z",
    "user": 1,
    "content_type": 8,
    "object_id": "95",
    "object_repr": "unspecified",
    "action_flag": 1,
    "change_message": "Added."
  }
},
{
  "model": "admin.logentry",
  "pk": 269,
  "fields": {
    "action_time": "2016-11-19T20:17:20.656Z",
    "user": 1,
    "content_type": 8,
    "object_id": "96",
    "object_repr": "sequence files",
    "action_flag": 1,
    "change_message": "Added."
  }
},
{
  "model": "admin.logentry",
  "pk": 270,
  "fields": {
    "action_time": "2016-11-19T20:17:33.808Z",
    "user": 1,
    "content_type": 8,
    "object_id": "97",
    "object_repr": "alignment files",
    "action_flag": 1,
    "change_message": "Added."
  }
},
{
  "model": "admin.logentry",
  "pk": 271,
  "fields": {
    "action_time": "2016-11-19T20:17:48.911Z",
    "user": 1,
    "content_type": 8,
    "object_id": "98",
    "object_repr": "contact matrices",
    "action_flag": 1,
    "change_message": "Added."
  }
},
{
  "model": "admin.logentry",
  "pk": 272,
  "fields": {
    "action_time": "2016-11-19T20:18:09.594Z",
    "user": 1,
    "content_type": 8,
    "object_id": "99",
    "object_repr": "image files (channels)",
    "action_flag": 1,
    "change_message": "Added."
  }
},
{
  "model": "admin.logentry",
  "pk": 273,
  "fields": {
    "action_time": "2016-11-19T20:18:25.745Z",
    "user": 1,
    "content_type": 8,
    "object_id": "100",
    "object_repr": "image files (z-series)",
    "action_flag": 1,
    "change_message": "Added."
  }
},
{
  "model": "admin.logentry",
  "pk": 274,
  "fields": {
    "action_time": "2016-11-19T21:16:45.234Z",
    "user": 1,
    "content_type": 8,
    "object_id": "101",
    "object_repr": "unspecified",
    "action_flag": 1,
    "change_message": "Added."
  }
},
{
  "model": "admin.logentry",
  "pk": 275,
  "fields": {
    "action_time": "2016-11-19T21:17:07.914Z",
    "user": 1,
    "content_type": 8,
    "object_id": "102",
    "object_repr": "replicates",
    "action_flag": 1,
    "change_message": "Added."
  }
},
{
  "model": "admin.logentry",
  "pk": 276,
  "fields": {
    "action_time": "2016-11-19T21:17:20.999Z",
    "user": 1,
    "content_type": 8,
    "object_id": "103",
    "object_repr": "biological replicates",
    "action_flag": 1,
    "change_message": "Added."
  }
},
{
  "model": "admin.logentry",
  "pk": 277,
  "fields": {
    "action_time": "2016-11-19T21:17:37.179Z",
    "user": 1,
    "content_type": 8,
    "object_id": "104",
    "object_repr": "technical repllicates",
    "action_flag": 1,
    "change_message": "Added."
  }
},
{
  "model": "admin.logentry",
  "pk": 278,
  "fields": {
    "action_time": "2016-11-19T21:17:51.145Z",
    "user": 1,
    "content_type": 8,
    "object_id": "105",
    "object_repr": "analysis set",
    "action_flag": 1,
    "change_message": "Added."
  }
},
{
  "model": "admin.logentry",
  "pk": 279,
  "fields": {
    "action_time": "2016-11-19T21:18:03.898Z",
    "user": 1,
    "content_type": 8,
    "object_id": "106",
    "object_repr": "publication",
    "action_flag": 1,
    "change_message": "Added."
  }
},
{
  "model": "admin.logentry",
  "pk": 280,
  "fields": {
    "action_time": "2016-11-20T03:08:35.021Z",
    "user": 1,
    "content_type": 27,
    "object_id": "1",
    "object_repr": "None",
    "action_flag": 3,
    "change_message": ""
  }
},
{
  "model": "admin.logentry",
  "pk": 281,
  "fields": {
    "action_time": "2016-11-20T04:09:57.363Z",
    "user": 1,
    "content_type": 27,
    "object_id": "9",
    "object_repr": "p1",
    "action_flag": 3,
    "change_message": ""
  }
},
{
  "model": "admin.logentry",
  "pk": 282,
  "fields": {
    "action_time": "2016-11-20T04:09:57.367Z",
    "user": 1,
    "content_type": 27,
    "object_id": "8",
    "object_repr": "p1",
    "action_flag": 3,
    "change_message": ""
  }
},
{
  "model": "admin.logentry",
  "pk": 283,
  "fields": {
    "action_time": "2016-11-20T04:09:57.368Z",
    "user": 1,
    "content_type": 27,
    "object_id": "7",
    "object_repr": "hic experiment",
    "action_flag": 3,
    "change_message": ""
  }
},
{
  "model": "admin.logentry",
  "pk": 284,
  "fields": {
    "action_time": "2016-11-20T20:09:37.606Z",
    "user": 1,
    "content_type": 4,
    "object_id": "3",
    "object_repr": "ram",
    "action_flag": 1,
    "change_message": "Added."
  }
},
{
  "model": "admin.logentry",
  "pk": 285,
  "fields": {
    "action_time": "2016-11-20T20:10:00.872Z",
    "user": 1,
    "content_type": 4,
    "object_id": "3",
    "object_repr": "ram",
    "action_flag": 2,
    "change_message": "Changed first_name, last_name and groups."
  }
},
{
  "model": "admin.logentry",
  "pk": 286,
  "fields": {
    "action_time": "2016-11-20T20:10:27.775Z",
    "user": 1,
    "content_type": 4,
    "object_id": "4",
    "object_repr": "job",
    "action_flag": 1,
    "change_message": "Added."
  }
},
{
  "model": "admin.logentry",
  "pk": 287,
  "fields": {
    "action_time": "2016-11-20T20:10:45.086Z",
    "user": 1,
    "content_type": 4,
    "object_id": "4",
    "object_repr": "job",
    "action_flag": 2,
    "change_message": "Changed first_name, last_name and groups."
  }
},
{
  "model": "admin.logentry",
  "pk": 288,
  "fields": {
    "action_time": "2016-11-20T20:11:06.033Z",
    "user": 1,
    "content_type": 4,
    "object_id": "2",
    "object_repr": "hakan",
    "action_flag": 2,
    "change_message": "Changed first_name and last_name."
  }
},
{
  "model": "admin.logentry",
  "pk": 289,
  "fields": {
    "action_time": "2016-11-20T21:13:08.386Z",
    "user": 1,
    "content_type": 7,
    "object_id": "9",
    "object_repr": "5C Analysis",
    "action_flag": 1,
    "change_message": "Added."
  }
},
{
  "model": "admin.logentry",
  "pk": 290,
  "fields": {
    "action_time": "2016-11-20T21:44:21.742Z",
    "user": 1,
    "content_type": 7,
    "object_id": "9",
    "object_repr": "5C Analysis",
    "action_flag": 2,
    "change_message": "Changed field_set."
  }
},
{
  "model": "admin.logentry",
  "pk": 291,
  "fields": {
    "action_time": "2016-11-20T21:55:40.296Z",
    "user": 1,
    "content_type": 18,
    "object_id": "108",
    "object_repr": "5c",
    "action_flag": 3,
    "change_message": ""
  }
},
{
  "model": "admin.logentry",
  "pk": 292,
  "fields": {
    "action_time": "2016-11-20T21:55:40.300Z",
    "user": 1,
    "content_type": 18,
    "object_id": "107",
    "object_repr": "5c",
    "action_flag": 3,
    "change_message": ""
  }
},
{
  "model": "admin.logentry",
  "pk": 293,
  "fields": {
    "action_time": "2016-11-20T21:55:40.302Z",
    "user": 1,
    "content_type": 18,
    "object_id": "106",
    "object_repr": "5c",
    "action_flag": 3,
    "change_message": ""
  }
},
{
  "model": "admin.logentry",
  "pk": 294,
  "fields": {
    "action_time": "2016-11-20T21:55:40.302Z",
    "user": 1,
    "content_type": 18,
    "object_id": "105",
    "object_repr": "5c",
    "action_flag": 3,
    "change_message": ""
  }
},
{
  "model": "admin.logentry",
  "pk": 295,
  "fields": {
    "action_time": "2016-11-20T21:55:40.303Z",
    "user": 1,
    "content_type": 18,
    "object_id": "104",
    "object_repr": "5c",
    "action_flag": 3,
    "change_message": ""
  }
},
{
  "model": "admin.logentry",
  "pk": 296,
  "fields": {
    "action_time": "2016-11-21T16:16:37.367Z",
    "user": 1,
    "content_type": 27,
    "object_id": "10",
    "object_repr": "dscdsc",
    "action_flag": 3,
    "change_message": ""
  }
},
{
  "model": "admin.logentry",
  "pk": 297,
  "fields": {
    "action_time": "2016-11-21T16:17:03.611Z",
    "user": 1,
    "content_type": 9,
    "object_id": "6",
    "object_repr": "Project1",
    "action_flag": 3,
    "change_message": ""
  }
},
{
  "model": "admin.logentry",
  "pk": 298,
  "fields": {
    "action_time": "2016-11-21T16:17:03.614Z",
    "user": 1,
    "content_type": 9,
    "object_id": "5",
    "object_repr": "P1",
    "action_flag": 3,
    "change_message": ""
  }
},
{
  "model": "admin.logentry",
  "pk": 299,
  "fields": {
    "action_time": "2016-11-21T16:17:03.615Z",
    "user": 1,
    "content_type": 9,
    "object_id": "4",
    "object_repr": "ppppooo",
    "action_flag": 3,
    "change_message": ""
  }
},
{
  "model": "admin.logentry",
  "pk": 300,
  "fields": {
    "action_time": "2016-11-21T16:17:03.616Z",
    "user": 1,
    "content_type": 9,
    "object_id": "2",
    "object_repr": "Project123",
    "action_flag": 3,
    "change_message": ""
  }
},
{
  "model": "admin.logentry",
  "pk": 301,
  "fields": {
    "action_time": "2016-11-21T16:21:44.288Z",
    "user": 1,
    "content_type": 25,
    "object_id": "22",
    "object_repr": "Ind1",
    "action_flag": 3,
    "change_message": ""
  }
},
{
  "model": "admin.logentry",
  "pk": 302,
  "fields": {
    "action_time": "2016-11-21T16:21:44.296Z",
    "user": 1,
    "content_type": 25,
    "object_id": "21",
    "object_repr": "ind1",
    "action_flag": 3,
    "change_message": ""
  }
},
{
  "model": "admin.logentry",
  "pk": 303,
  "fields": {
    "action_time": "2016-11-21T16:21:44.303Z",
    "user": 1,
    "content_type": 25,
    "object_id": "20",
    "object_repr": "dcdc",
    "action_flag": 3,
    "change_message": ""
  }
},
{
  "model": "admin.logentry",
  "pk": 304,
  "fields": {
    "action_time": "2016-11-21T16:21:44.304Z",
    "user": 1,
    "content_type": 25,
    "object_id": "19",
    "object_repr": "ind1",
    "action_flag": 3,
    "change_message": ""
  }
},
{
  "model": "admin.logentry",
  "pk": 305,
  "fields": {
    "action_time": "2016-11-21T16:33:25.075Z",
    "user": 1,
    "content_type": 26,
    "object_id": "2",
    "object_repr": "HindIII",
    "action_flag": 1,
    "change_message": "Added."
  }
},
{
  "model": "admin.logentry",
  "pk": 306,
  "fields": {
    "action_time": "2016-11-21T17:26:04.987Z",
    "user": 1,
    "content_type": 26,
    "object_id": "3",
    "object_repr": "MboI",
    "action_flag": 1,
    "change_message": "Added."
  }
}
]
